customer_id,gender,age_years,children_count,family_size,family_status,education_level,housing_type,owns_car,owns_property,monthly_income,income_type,employment_years,occupation,organization_type,contract_type,current_credit_amount,current_loan_annuity,goods_price,bureau_account_count,active_credit_count,closed_credit_count,bureau_credit_amount,bureau_debt_amount,bureau_credit_limit,bureau_overdue_amount,bureau_overdue_days,bureau_overdue_account_count,credit_prolongation_count,total_installments,total_amount_due,total_amount_paid,total_late_payments,total_on_time_payments,average_payment_delay,total_payment_delay_days,payment_difference,on_time_payment_ratio,payment_coverage_ratio,previous_application_count,previous_approved_count,previous_refused_count,previous_credit_amount,previous_avg_credit,previous_avg_annuity,previous_avg_down_payment,avg_credit_card_balance,max_credit_card_balance,avg_credit_limit,total_card_drawings,total_card_payments,avg_minimum_payment,avg_credit_utilisation,max_card_dpd,max_card_dpd_default,pos_account_records,avg_pos_installments,avg_future_installments,pos_dpd_count,max_pos_dpd,max_pos_dpd_default,current_dti,bureau_dti,previous_approval_ratio,bureau_overdue_ratio,city_tier,occupation_band,indian_household_size,synthetic_spending_ratio,food_expense,rent_expense,education_expense,healthcare_expense,transport_expense,utility_expense,discretionary_expense,synthetic_total_expense,synthetic_total_emi,available_surplus,monthly_savings,savings_rate,savings_balance,fd_amount,rd_contribution,upi_spending,upi_transaction_count,digital_payment_ratio,sip_contribution,mutual_fund_balance,ppf_contribution,nps_contribution,health_insurance,life_insurance,insurance_premium,insurance_payment_consistency,cash_flow_mean,cash_flow_std,cash_flow_min,cash_flow_negative_months
307474,F,54.32443531827516,0,2.0,Married,Higher education,House / apartment,Y,N,67500.0,Working,8.216290212183436,Accountants,Agriculture,Cash loans,1030302.0,40860.0,832500.0,5.0,0.0,5.0,1198260.0,0.0,0.0,0.0,0.0,0.0,0.0,6.0,40455.63,40455.63,0.0,6.0,0.0,0.0,0.0,1.0,1.0,2.0,2.0,0.0,100480.5,100480.5,15619.905,0.0,,,,,,,,,,7.0,38.0,27.0,0.0,0.0,0.0,0.6053333333333333,0.0,1.0,0.0,Tier_2,Salaried,3,0.663638630614454,23499.12,4351.04,0.0,4038.44,4110.89,4350.89,3828.54,44178.92,33750.0,0.0,0.0,0.0,0.0,0.0,0.0,17894.18,65,0.405,0.0,0.0,0.0,0.0,1,0,112.06,0.75,-10001.5,3568.6,-15269.47,12
412537,F,46.050650239561946,0,2.0,Married,Secondary / secondary special,House / apartment,Y,Y,90000.0,Working,,Sales staff,Trade: type 7,Cash loans,253737.0,26775.0,229500.0,4.0,1.0,3.0,454311.0,25647.435,176852.565,0.0,0.0,0.0,2.0,14.0,109904.805,94204.215,2.0,12.0,8.0,8.0,-15700.59,0.8571428571428571,0.8571437345255287,2.0,1.0,0.0,77350.5,77350.5,7850.295,8596.35,,,,,,,,,,13.0,144.0,69.5,0.0,0.0,0.0,0.2975,0.2849715,0.5,0.0,Tier_2,Salaried,2,0.6586516085466922,32267.31,1224.21,0.0,4652.79,9355.22,4150.59,9213.8,60863.92,26775.0,2361.08,1103.16,0.0123,41454.44,0.0,0.0,34575.5,46,0.5681,0.0,0.0,143.65,0.0,0,0,0.0,0.0,-1156.75,6411.29,-14048.19,7
149084,M,44.01916495550992,0,2.0,Married,Secondary / secondary special,House / apartment,Y,Y,270000.0,Working,3.485284052019165,Drivers,Government,Cash loans,1006920.0,45499.5,900000.0,1.0,0.0,1.0,270000.0,0.0,0.0,0.0,0.0,0.0,0.0,36.0,208653.84000000003,208653.84000000003,0.0,36.0,0.0,0.0,0.0,1.0,1.0,3.0,3.0,0.0,629433.0,342006.75,20219.985,0.0,0.0,0.0,6682500.0,0.0,0.0,0.0,0.0,0.0,0.0,36.0,570.0,287.5,0.0,0.0,0.0,0.1685166666666666,0.0,1.0,0.0,Tier_3,Salaried,2,0.6569909585333409,113307.67,1298.04,0.0,14687.39,18189.86,9919.48,23234.44,180636.88,45499.5,43863.62,20507.72,0.076,123410.35,18902.52,0.0,44574.8,111,0.2468,5414.5,218361.96,0.0,0.0,1,0,319.18,0.9167,48780.24,13543.3,17226.38,0
364692,M,36.780287474332646,2,4.0,Married,Secondary / secondary special,House / apartment,Y,Y,202500.0,Working,11.227926078028748,Laborers,Business Entity Type 2,Cash loans,495351.0,29497.5,459000.0,,,,,,,,,,,40.0,1435420.0799999998,1435420.0799999998,0.0,40.0,0.0,0.0,0.0,1.0,1.0,7.0,4.0,3.0,1908495.0,1312065.0,130340.835,17955.0,,,,,,,,,,45.0,624.0,440.1666666666667,0.0,0.0,0.0,0.1456666666666666,,0.5714285714285714,,Tier_3,Salaried,4,0.667998621882975,107037.3,2359.85,3313.12,4860.97,10344.81,7353.67,15118.32,150388.04,29497.5,22614.46,12513.31,0.0618,347466.93,0.0,0.0,36419.08,57,0.2422,0.0,0.0,0.0,0.0,0,1,225.91,1.0,23086.38,17239.11,-2750.93,2
155423,M,59.41683778234086,0,2.0,Married,Secondary / secondary special,House / apartment,Y,Y,162000.0,Commercial associate,12.01368925393566,Drivers,Business Entity Type 3,Cash loans,264159.0,13617.0,220500.0,5.0,2.0,3.0,1002487.5,184833.0,0.0,0.0,0.0,0.0,0.0,128.0,1546515.765,1519515.765,7.0,121.0,51.0,51.0,-27000.0,0.9453125,0.9825414000871824,5.0,4.0,0.0,1159105.5,1134641.25,55747.53,0.0,4722451.866,6437637.36,5253750.0,413415.0,956100.465,254520.351,27.25455810277778,5.0,5.0,37.0,540.0,390.0,2.0,6.0,6.0,0.0840555555555555,1.1409444444444443,0.8,0.0,Tier_2,Other,2,0.6019706299795494,59979.96,2734.83,0.0,4745.09,11186.78,4757.88,12157.5,95562.04,13617.0,52820.96,30826.72,0.1903,684476.5,0.0,4553.16,54412.88,146,0.5694,0.0,0.0,0.0,0.0,1,0,240.89,0.75,53852.22,23588.01,22209.88,0
165164,F,58.73237508555784,0,2.0,Married,Higher education,House / apartment,Y,Y,90000.0,Pensioner,,,XNA,Cash loans,808650.0,23305.5,675000.0,12.0,5.0,7.0,3762958.5,1067097.105,3068.775,0.0,0.0,0.0,0.0,195.0,1497718.395,1552913.28,5.0,190.0,37.0,37.0,55194.885,0.9743589743589745,1.03685264545342,10.0,7.0,2.0,2217222.0,1152794.25,77482.8675,48701.25,56345.2125,120300.03,4541785.714285715,4500.0,56820.825,23949.70875,0.4173719444444445,1.0,1.0,98.0,1205.5,651.4166666666666,0.0,0.0,0.0,0.25895,11.8566345,0.7,0.0,Tier_3,Other,2,0.5671750975703461,32020.15,770.09,0.0,3379.85,8682.3,3045.46,3506.11,51403.96,23305.5,15290.54,8189.86,0.091,15467.06,5245.49,0.0,16847.31,29,0.3277,0.0,0.0,0.0,0.0,0,0,0.0,0.0,15056.26,10275.31,-1236.03,2
427814,M,53.53593429158111,0,2.0,Married,Incomplete higher,House / apartment,N,N,157500.0,State servant,7.567419575633128,Security staff,Military,Cash loans,1327500.0,38812.5,1327500.0,6.0,3.0,3.0,2222934.705,1339537.5,0.0,0.0,0.0,0.0,1.0,18.0,205791.885,205791.885,0.0,18.0,0.0,0.0,0.0,1.0,1.0,11.0,2.0,7.0,9372127.5,8001877.5,242243.82,0.0,0.0,0.0,202500.0,45000.0,66150.0,225.0,0.0,0.0,0.0,6.0,65.0,50.0,0.0,0.0,0.0,0.2464285714285714,8.505,0.1818181818181818,0.0,Tier_3,Salaried,2,0.6937434489875224,71248.44,4815.25,0.0,7541.47,11016.74,9722.09,11541.49,115885.48,38812.5,2802.02,1053.01,0.0067,10753.68,0.0,0.0,35383.79,62,0.3053,193.54,5736.91,0.0,0.0,1,0,250.97,0.9167,3280.79,11498.49,-21449.1,3
248940,M,39.25530458590007,0,1.0,Single / not married,Higher education,Co-op apartment,N,Y,270000.0,Working,6.669404517453799,Managers,Business Entity Type 3,Cash loans,1506816.0,49927.5,1350000.0,5.0,2.0,3.0,6442245.0,1361250.0,0.0,0.0,0.0,0.0,0.0,6.0,160742.02500000002,160742.02500000002,0.0,6.0,0.0,0.0,0.0,1.0,1.0,1.0,1.0,0.0,132084.0,132084.0,26790.615,0.0,,,,,,,,,,8.0,48.0,21.0,0.0,0.0,0.0,0.1849166666666666,5.041666666666667,1.0,0.0,Tier_2,Salaried,1,0.5136071111716909,77168.61,2875.78,0.0,5501.49,22433.44,8698.51,20594.66,137272.49,49927.5,82800.01,34181.78,0.1266,975092.24,155440.89,0.0,59318.19,229,0.4321,0.0,0.0,0.0,0.0,1,0,303.66,0.9167,87563.26,13130.43,68161.68,0
218738,F,32.50102669404517,0,2.0,Civil marriage,Secondary / secondary special,House / apartment,N,Y,202500.0,Commercial associate,,Laborers,Business Entity Type 3,Cash loans,980838.0,52389.0,927000.0,12.0,1.0,11.0,2043954.225,210735.0,0.0,0.0,0.0,0.0,0.0,27.0,185665.725,134726.04,13.0,14.0,165.5,175.0,-50939.685,0.5185185185185185,0.725637647982685,4.0,2.0,2.0,705510.0,400657.5,52441.47,19350.0,,,,,,,,,,25.0,221.0,88.16666666666667,5.0,56.0,56.0,0.2587111111111111,1.0406666666666666,0.5,0.0,Tier_2,Other,2,0.6865374856885732,74027.7,4024.65,0.0,4689.11,36438.55,8776.98,8960.44,136917.43,52389.0,13193.57,5031.12,0.0248,116233.86,0.0,0.0,70594.58,73,0.5156,0.0,0.0,0.0,0.0,1,0,289.05,0.8333,11463.35,16515.42,-16479.54,3
285243,F,32.818617385352496,1,3.0,Married,Secondary / secondary special,House / apartment,N,Y,112500.0,Working,3.600273785078713,Sales staff,Self-employed,Cash loans,269550.0,21739.5,225000.0,,,,,,,,,,,13.0,250251.165,250251.165,0.0,13.0,0.0,0.0,0.0,1.0,1.0,1.0,1.0,0.0,201226.5,201226.5,14198.535,0.0,,,,,,,,,,13.0,216.0,142.5,0.0,0.0,0.0,0.19324,,1.0,,Tier_3,Salaried,3,0.5105043474558134,40778.72,615.13,3940.45,1786.08,6875.46,3435.89,9836.52,67268.25,21739.5,23492.25,7037.5,0.0626,284351.59,0.0,0.0,32676.98,156,0.4858,0.0,0.0,0.0,0.0,1,0,159.1,1.0,24856.32,7627.58,12603.72,0
208976,F,31.42231348391513,1,3.0,Married,Higher education,House / apartment,Y,Y,157500.0,Working,4.736481861738535,High skill tech staff,Medicine,Cash loans,835605.0,24561.0,697500.0,8.0,4.0,4.0,1455084.0,848646.0,0.0,0.0,0.0,0.0,0.0,10.0,140321.565,140321.565,0.0,10.0,0.0,0.0,0.0,1.0,1.0,2.0,2.0,0.0,130032.0,130032.0,31279.455,0.0,,,,,,,,,,12.0,46.0,24.0,0.0,0.0,0.0,0.1559428571428571,5.388228571428572,1.0,0.0,Tier_2,Salaried,3,0.6931102201938338,48321.58,2720.2,13380.57,14058.35,14645.09,16039.06,11015.71,120180.56,24561.0,12758.44,7282.74,0.0462,252596.96,0.0,0.0,62954.06,148,0.5238,1658.47,71567.33,0.0,720.85,0,0,0.0,0.0,9001.29,15546.22,-23920.62,3
119330,F,54.16290212183436,0,2.0,Married,Secondary / secondary special,House / apartment,Y,Y,58500.0,Pensioner,,,XNA,Cash loans,675000.0,35964.0,675000.0,7.0,3.0,4.0,897081.885,225000.0,90000.0,0.0,0.0,0.0,0.0,3.0,192581.235,192581.235,0.0,3.0,0.0,0.0,0.0,1.0,1.0,2.0,2.0,0.0,232776.0,232776.0,22017.195,0.0,0.0,0.0,180000.0,0.0,0.0,0.0,0.0,0.0,0.0,4.0,33.0,27.0,0.0,0.0,0.0,0.6147692307692307,3.8461538461538463,1.0,0.0,Tier_3,Other,2,0.8514571566950431,25847.65,1273.78,0.0,4489.97,8204.26,7098.17,3648.51,50562.34,29250.0,0.0,0.0,0.0,0.0,0.0,0.0,28968.69,112,0.5729,0.0,0.0,0.0,0.0,0,0,0.0,0.0,-20157.96,5908.44,-34075.62,12
329158,M,43.73990417522245,0,2.0,Married,Secondary / secondary special,House / apartment,Y,N,135000.0,Commercial associate,4.301163586584531,Laborers,Transport: type 4,Cash loans,225000.0,12915.0,225000.0,3.0,0.0,3.0,50355.0,0.0,0.0,0.0,0.0,0.0,0.0,10.0,36119.835,36119.835,0.0,10.0,0.0,0.0,0.0,1.0,1.0,2.0,2.0,0.0,32139.0,32139.0,4934.16,7897.5,,,,,,,,,,14.0,82.0,53.5,0.0,0.0,0.0,0.0956666666666666,0.0,1.0,0.0,Tier_3,Other,2,0.5568541950498176,42656.86,4428.53,0.0,8456.37,7925.61,6543.02,12909.8,82920.19,12915.0,39164.81,19657.09,0.1456,625004.24,0.0,0.0,30149.11,80,0.3636,0.0,0.0,3438.46,2096.25,0,0,0.0,0.0,43045.33,13414.08,22970.23,0
426105,F,40.79397672826831,3,5.0,Married,Secondary / secondary special,Municipal apartment,N,N,112500.0,Commercial associate,,Laborers,Business Entity Type 3,Cash loans,247275.0,19548.0,225000.0,,,,,,,,,,,16.0,197376.57,197376.57,0.0,16.0,0.0,0.0,0.0,1.0,1.0,2.0,2.0,0.0,178785.0,178785.0,23626.305,0.0,,,,,,,,,,18.0,144.5,74.5,0.0,0.0,0.0,0.17376,,1.0,,Tier_2,Other,5,0.7405669409627975,42066.16,9342.63,6204.39,8380.76,10938.46,6381.37,9024.27,92338.04,19548.0,613.96,311.32,0.0028,5061.73,0.0,0.0,37328.63,36,0.4043,0.0,0.0,0.0,0.0,0,1,170.83,1.0,3463.82,10357.44,-15056.48,5
426151,F,27.28815879534565,2,4.0,Married,Secondary / secondary special,House / apartment,N,Y,238500.0,Working,7.477070499657769,,Business Entity Type 2,Cash loans,639396.0,32818.5,571500.0,3.0,1.0,2.0,301500.0,0.0,0.0,0.0,0.0,0.0,1.0,31.0,654895.845,654895.845,0.0,31.0,0.0,0.0,0.0,1.0,1.0,3.0,3.0,0.0,484731.0,484731.0,54583.875,21600.0,,,,,,,,,,34.0,377.0,186.5,0.0,0.0,0.0,0.1376037735849056,0.0,1.0,0.0,Tier_3,Salaried,4,0.6078423841067905,59873.01,2046.88,14496.52,35930.9,15911.07,16712.03,30692.15,175662.56,32818.5,30018.94,16118.6,0.0676,49289.67,0.0,0.0,60065.4,195,0.3419,0.0,0.0,0.0,0.0,1,0,179.0,0.9167,33378.1,13651.55,13762.56,0
169285,M,39.723477070499655,0,2.0,Married,Secondary / secondary special,House / apartment,Y,Y,157500.0,Working,8.27378507871321,Drivers,Government,Cash loans,397881.0,31563.0,328500.0,3.0,2.0,1.0,840960.0,415935.0,0.0,0.0,0.0,0.0,0.0,8.0,77757.03,58322.925,3.0,5.0,44.0,44.0,-19434.105,0.625,0.7500662641049948,2.0,2.0,0.0,61821.0,61821.0,13434.975,17955.0,,,,,,,,,,8.0,42.0,21.0,0.0,0.0,0.0,0.2004,2.640857142857143,1.0,0.0,Tier_2,Salaried,2,0.651245764494591,58707.98,1742.32,0.0,5704.23,17978.63,5841.85,8322.21,98297.22,31563.0,27639.78,9750.59,0.0619,341717.48,0.0,530.7,49784.1,109,0.5065,0.0,0.0,0.0,0.0,1,0,333.05,0.8333,28789.24,10457.52,12080.42,0
319230,F,42.288843258042434,2,4.0,Married,Secondary / secondary special,House / apartment,Y,N,135000.0,Working,15.351129363449692,,Business Entity Type 3,Cash loans,792477.0,25564.5,661500.0,13.0,5.0,8.0,1001767.5,377968.635,90026.46,0.0,0.0,0.0,0.0,80.0,1447245.9,1224352.935,14.0,66.0,537.5,647.0,-222892.965,0.825,0.8459881869418322,4.0,3.0,0.0,984226.5,749427.75,53298.36,0.0,6545031.0675,6649948.26,6750000.0,447750.0,103513.635,307196.28,14.544513483333333,0.0,0.0,36.0,814.0,519.5,6.0,63.0,63.0,0.1893666666666666,2.799767666666667,0.75,0.0,Tier_3,Salaried,4,0.6776000483791293,51745.57,6905.87,12130.19,8000.17,6120.9,6573.3,6749.51,98225.51,25564.5,11209.99,3783.81,0.028,139644.9,18715.7,0.0,42003.8,74,0.4276,0.0,0.0,569.78,0.0,0,0,0.0,0.0,15028.12,12845.09,446.96,0
366063,F,51.55099247091034,0,2.0,Married,Secondary / secondary special,House / apartment,N,N,76500.0,Working,7.208761122518823,Managers,Trade: type 7,Cash loans,251280.0,13761.0,180000.0,6.0,4.0,2.0,2490147.0,1210684.5,0.0,0.0,0.0,0.0,0.0,13.0,90756.45,90756.45,0.0,13.0,0.0,0.0,0.0,1.0,1.0,3.0,2.0,0.0,358483.5,358483.5,16404.3,4185.0,,,,,,,,,,14.0,230.0,186.5,0.0,0.0,0.0,0.1798823529411764,15.825941176470588,0.6666666666666666,0.0,Tier_3,Salaried,2,0.6859238728492912,29617.27,3315.54,0.0,4930.27,6520.81,4863.69,5980.9,55228.48,13761.0,7510.52,2712.94,0.0355,43109.48,0.0,357.47,24847.99,52,0.4499,802.91,13451.8,0.0,0.0,1,0,147.3,0.9167,7510.26,5404.38,-3814.72,1
199554,F,42.92402464065709,1,3.0,Married,Higher education,House / apartment,N,N,202500.0,State servant,12.629705681040384,Core staff,School,Cash loans,550980.0,40221.0,450000.0,18.0,8.0,10.0,2174187.915,571459.5,77340.915,0.0,0.0,0.0,3.0,8.0,49250.52,49250.52,0.0,8.0,0.0,0.0,0.0,1.0,1.0,2.0,1.0,0.0,54202.5,54202.5,6156.315,0.0,,,,,,,,,,9.0,60.0,36.0,0.0,0.0,0.0,0.1986222222222222,2.8220222222222224,0.5,0.0,Tier_2,Salaried,3,0.7378767561698863,87897.12,15485.97,8601.01,15705.99,14271.07,7458.88,17519.01,166939.05,40221.0,0.0,0.0,0.0,0.0,0.0,0.0,116966.08,91,0.7007,0.0,0.0,0.0,0.0,0,1,412.67,0.9167,-3299.76,23481.76,-59551.15,7
281369,F,62.67488021902806,0,2.0,Married,Secondary / secondary special,House / apartment,N,Y,135000.0,Pensioner,,,XNA,Cash loans,412942.5,42444.0,373500.0,3.0,0.0,3.0,276016.95,0.0,0.0,0.0,0.0,0.0,0.0,50.0,966559.86,966559.86,0.0,50.0,0.0,0.0,0.0,1.0,1.0,10.0,7.0,2.0,990837.0,660708.0,87076.55249999999,3523.5,0.0,0.0,1350000.0,0.0,0.0,0.0,0.0,0.0,0.0,55.0,360.3333333333333,194.5,0.0,0.0,0.0,0.3144,0.0,0.7,0.0,Tier_1,Other,2,0.615593151866653,50520.18,1990.15,0.0,11643.27,9990.96,4832.74,9598.13,88575.43,42444.0,3980.57,2627.31,0.0195,61665.63,0.0,0.0,37756.17,75,0.4263,391.35,16579.09,0.0,0.0,1,0,280.53,0.9167,5077.24,19157.8,-23117.52,6
168821,F,54.68309377138946,0,2.0,Married,Secondary / secondary special,House / apartment,N,Y,38250.0,Working,3.57015742642026,,Government,Cash loans,332946.0,14665.5,238500.0,6.0,2.0,4.0,946407.6,207701.955,38043.045,0.0,0.0,0.0,0.0,36.0,434512.62,417607.155,3.0,33.0,11.0,11.0,-16905.465,0.9166666666666666,0.9610932704325136,3.0,2.0,1.0,617193.0,617193.0,32804.865,1803.87,,,,,,,,,,36.0,446.5,273.3333333333333,1.0,1.0,1.0,0.3834117647058823,5.430116470588236,0.6666666666666666,0.0,Tier_1,Salaried,1,0.7931499853580752,16691.95,563.9,0.0,2322.23,6571.99,1772.11,2391.44,30313.62,14665.5,0.0,0.0,0.0,0.0,0.0,0.0,16307.24,23,0.538,0.0,0.0,0.0,0.0,0,0,0.0,0.0,-7870.55,4435.73,-15892.5,12
233618,F,36.79671457905544,2,4.0,Married,Incomplete higher,House / apartment,Y,Y,202500.0,Working,8.147843942505133,Secretaries,Other,Cash loans,361674.0,24300.0,319500.0,7.0,1.0,6.0,963591.705,86238.0,0.0,0.0,0.0,0.0,0.0,47.0,889904.97,863068.815,4.0,43.0,12.0,12.0,-26836.154999999995,0.9148936170212766,0.9698437969168776,9.0,3.0,2.0,1291540.5,1114467.75,82553.17499999999,5132.25,5646249.1275,5827436.01,7012500.0,742500.0,428911.965,246846.9225,9.66412269876764,0.0,0.0,22.0,151.5,77.0,2.0,14.0,3.0,0.12,0.4258666666666666,0.3333333333333333,0.0,Tier_1,Salaried,4,0.7793108389364913,86180.5,6191.19,7023.53,6755.09,36030.22,15629.91,11880.65,169691.09,24300.0,8508.91,3074.13,0.0152,66374.72,13658.54,0.0,91587.68,557,0.5397,885.04,19812.57,0.0,323.97,1,0,260.94,0.75,6200.0,10856.28,-15649.49,3
228244,M,53.84257357973991,0,2.0,Married,Secondary / secondary special,House / apartment,Y,Y,216000.0,Pensioner,,,XNA,Cash loans,254700.0,14751.0,225000.0,4.0,2.0,2.0,1183500.0,296761.5,0.0,0.0,0.0,0.0,0.0,,,,,,,,,,,,,,,,,,,,,,,,,,,,,,,,,0.0682916666666666,1.373895833333333,,0.0,Tier_3,Other,2,0.64670614256451,75207.64,2850.65,0.0,11974.46,21823.6,10321.41,13000.44,135178.2,14751.0,66070.8,18589.19,0.0861,383431.45,0.0,0.0,52367.08,76,0.3874,0.0,0.0,0.0,2598.44,0,0,0.0,0.0,56633.37,23797.52,-8162.76,1
256487,F,44.5284052019165,0,1.0,Single / not married,Secondary / secondary special,House / apartment,N,N,225000.0,Working,8.514715947980836,,Business Entity Type 1,Cash loans,2250000.0,71343.0,2250000.0,1.0,1.0,0.0,5760000.0,207.0,0.0,0.0,0.0,0.0,0.0,,,,,,,,,,,,,,,,,,,,,,,,,,,,,,,,,0.31708,0.00092,,0.0,Tier_1,Salaried,1,0.7021215283691357,88326.36,20445.68,0.0,9305.93,20147.59,9117.86,17601.43,164944.85,71343.0,0.0,0.0,0.0,0.0,0.0,0.0,65962.23,335,0.3999,0.0,0.0,0.0,0.0,0,0,0.0,0.0,-18213.37,11606.21,-39629.0,11
226947,F,40.47912388774812,2,4.0,Married,Secondary / secondary special,House / apartment,N,Y,180000.0,Working,,Medicine staff,Medicine,Cash loans,1125000.0,36423.0,1125000.0,4.0,4.0,0.0,855000.0,637029.0,0.0,0.0,0.0,0.0,0.0,12.0,378573.165,378573.165,0.0,12.0,0.0,0.0,0.0,1.0,1.0,2.0,2.0,0.0,304654.5,304654.5,23889.555,9900.0,,,,,,,,,,14.0,204.0,163.5,0.0,0.0,0.0,0.20235,3.53905,1.0,0.0,Tier_3,Salaried,4,0.5721299932267434,52570.42,2025.13,8797.27,14845.12,10723.92,14021.53,31851.09,134834.48,36423.0,8742.52,3603.2,0.02,23946.99,0.0,0.0,51560.11,113,0.3824,0.0,0.0,0.0,0.0,1,0,444.85,0.9167,6505.97,14588.23,-10790.02,6
399559,F,39.017111567419576,0,2.0,Married,Secondary / secondary special,House / apartment,N,N,90000.0,Working,,Waiters/barmen staff,Trade: type 7,Cash loans,490536.0,16069.5,405000.0,2.0,1.0,1.0,335245.5,216499.5,0.0,0.0,0.0,0.0,0.0,9.0,12616.92,12616.92,0.0,9.0,0.0,0.0,0.0,1.0,1.0,5.0,1.0,1.0,222651.0,133825.5,13947.345,0.0,203516.19,203516.19,225000.0,48096.405,7808.219999999999,6750.0,4.522582,0.0,0.0,,,,,,,0.17855,2.40555,0.2,0.0,Tier_2,Salaried,2,0.7563056335544467,44275.6,6295.51,0.0,3084.88,8756.81,4358.51,4084.77,70856.08,16069.5,3074.42,1948.71,0.0217,8315.8,0.0,0.0,42093.94,57,0.5941,0.0,0.0,179.02,0.0,1,0,206.61,1.0,5919.23,7203.31,-9047.94,3
124715,F,33.55509924709104,2,4.0,Married,Higher education,House / apartment,N,Y,166500.0,Commercial associate,10.573579739904176,Accountants,Business Entity Type 2,Cash loans,571446.0,21123.0,477000.0,4.0,1.0,3.0,374764.95,171166.5,8831.34,0.0,0.0,0.0,0.0,74.0,1725266.835,1725266.835,0.0,74.0,0.0,0.0,0.0,1.0,1.0,6.0,5.0,0.0,1389645.0,1075815.0,94328.28,0.0,,,,,,,,,,77.0,786.6,390.35,0.0,0.0,0.0,0.1268648648648648,1.028027027027027,0.8333333333333334,0.0,Tier_2,Other,5,0.6048699467352149,51418.26,3579.41,7576.76,9834.41,17975.04,10326.98,5658.52,106369.38,21123.0,39007.62,19907.86,0.1196,367799.46,0.0,1966.94,42123.91,90,0.396,0.0,0.0,0.0,0.0,0,0,0.0,0.0,38826.76,12869.39,19431.72,0
164940,M,49.08692676249144,0,2.0,Married,Secondary / secondary special,House / apartment,Y,Y,274500.0,Working,13.481177275838467,Managers,Postal,Cash loans,397017.0,20398.5,301500.0,18.0,4.0,14.0,10218478.5,622012.5,0.0,0.0,0.0,0.0,0.0,105.0,4536748.8,5445889.47,5.0,100.0,26.0,26.0,909140.67,0.9523809523809524,1.2003947562624582,13.0,6.0,6.0,20959893.0,18331279.5,524507.145,6111.0,4267751.955,4793680.8,7650000.0,552287.565,864707.8049999999,206711.5875,9.483893233333331,0.0,0.0,65.0,1428.3333333333333,1119.5,0.0,0.0,0.0,0.074311475409836,2.265983606557377,0.4615384615384615,0.0,Tier_1,Salaried,2,0.7659365055071594,113196.39,6877.87,0.0,17515.8,41091.48,14464.64,14251.15,207397.33,20398.5,46704.17,22807.16,0.0831,438040.7,0.0,3209.57,82761.87,337,0.399,6477.17,146587.73,0.0,0.0,0,0,0.0,0.0,56810.75,21194.63,18050.2,0
306369,F,30.05612594113621,1,2.0,Separated,Higher education,House / apartment,N,Y,216000.0,State servant,,Core staff,Kindergarten,Cash loans,1042560.0,34587.0,900000.0,7.0,2.0,5.0,3905852.715,3344287.5,0.0,0.0,0.0,0.0,0.0,120.0,678312.315,678312.315,0.0,120.0,0.0,0.0,0.0,1.0,1.0,9.0,5.0,1.0,1080387.0,895857.75,67237.695,0.0,1494889.42125,2112539.22,2049000.0,90000.0,243112.5,96628.1325,20.457699625,0.0,0.0,53.0,615.5,341.95,0.0,0.0,0.0,0.160125,15.4828125,0.5555555555555556,0.0,Tier_1,Salaried,2,0.7402637547211974,106998.88,4655.05,8898.09,8268.71,20360.0,10716.24,16056.94,175953.91,34587.0,5459.09,2506.01,0.0116,28713.18,0.0,0.0,100153.31,262,0.5692,0.0,0.0,0.0,0.0,0,0,0.0,0.0,-4892.44,16893.17,-37417.71,6
197220,F,38.9678302532512,1,3.0,Married,Secondary / secondary special,House / apartment,N,Y,180000.0,Working,9.976728268309378,Core staff,School,Cash loans,1436850.0,42142.5,1125000.0,8.0,4.0,4.0,1633637.88,546687.0,0.0,0.0,0.0,0.0,0.0,15.0,122222.79,122222.79,0.0,15.0,0.0,0.0,0.0,1.0,1.0,3.0,3.0,0.0,170689.5,170689.5,17962.965,6750.0,0.0,0.0,405000.0,0.0,0.0,0.0,0.0,0.0,0.0,16.0,126.0,79.5,0.0,0.0,0.0,0.234125,3.03715,1.0,0.0,Tier_1,Salaried,3,0.7057970057642,68701.32,2456.65,17415.49,15047.76,13110.64,10311.6,16652.05,143695.51,42142.5,0.0,0.0,0.0,0.0,0.0,0.0,73266.42,134,0.5099,0.0,0.0,0.0,0.0,0,1,385.06,0.9167,-3316.66,18133.49,-28711.12,7
252385,F,64.14784394250513,0,1.0,Single / not married,Secondary / secondary special,House / apartment,N,Y,135000.0,Pensioner,,,XNA,Cash loans,119925.0,11812.5,112500.0,13.0,2.0,11.0,689175.7649999999,256649.76,14551.47,0.0,0.0,0.0,0.0,55.0,909186.345,902131.11,1.0,54.0,11.0,11.0,-7055.235,0.9818181818181818,0.992240056135027,6.0,6.0,0.0,846679.5,755991.0,62829.63,3595.5,,,,,,,,,,59.0,652.6666666666666,407.4166666666667,0.0,0.0,0.0,0.0875,1.901109333333333,1.0,0.0,Tier_3,Other,1,0.5486079603040069,48565.22,1532.29,0.0,5247.74,7496.41,6614.09,16988.57,86444.32,11812.5,36743.18,19563.35,0.1449,531884.44,0.0,0.0,33924.29,68,0.3924,3686.36,77240.71,3231.07,0.0,0,0,0.0,0.0,35607.09,12406.28,17889.93,0
124592,F,67.95619438740589,0,2.0,Married,Secondary / secondary special,House / apartment,N,N,63000.0,Pensioner,,,XNA,Cash loans,239850.0,23494.5,225000.0,2.0,2.0,0.0,93330.0,76144.5,0.0,0.0,0.0,0.0,0.0,14.0,218083.86,218083.86,0.0,14.0,0.0,0.0,0.0,1.0,1.0,2.0,2.0,0.0,187065.0,187065.0,28741.275,0.0,,,,,,,,,,16.0,134.0,81.5,0.0,0.0,0.0,0.3729285714285714,1.2086428571428571,1.0,0.0,Tier_1,Other,2,0.8794234506715286,22391.58,11670.9,0.0,3131.24,9443.62,5362.93,3019.25,55019.52,23494.5,0.0,0.0,0.0,0.0,0.0,0.0,36601.39,100,0.6652,0.0,0.0,0.0,0.0,0,1,55.46,0.9167,-16108.93,6403.03,-27243.1,12
382971,F,32.473648186173854,1,3.0,Married,Higher education,House / apartment,N,N,180000.0,State servant,9.831622176591376,,Other,Cash loans,900000.0,26446.5,900000.0,11.0,1.0,10.0,1489441.68,854365.5,0.0,0.0,0.0,0.0,0.0,22.0,295441.47000000003,295441.47000000003,3.0,19.0,12.0,12.0,0.0,0.8636363636363636,1.0,1.0,1.0,0.0,225000.0,225000.0,11250.0,0.0,696074.13,696074.13,2475000.0,450000.0,242546.355,15454.08,3.0936628,0.0,0.0,12.0,132.0,27.5,1.0,5.0,5.0,0.146925,4.746475,1.0,0.0,Tier_3,Salaried,4,0.7278925101793096,76757.12,6659.76,5729.64,15673.82,15763.98,10436.33,13705.38,144726.03,26446.5,8827.47,3990.2,0.0222,51990.55,9227.81,595.08,61931.66,146,0.4279,0.0,0.0,0.0,253.79,1,0,322.33,0.75,7884.23,17172.19,-22065.88,5
351215,M,48.1368925393566,0,2.0,Married,Secondary / secondary special,House / apartment,N,Y,225000.0,Working,3.164955509924709,Core staff,Restaurant,Cash loans,904500.0,26577.0,904500.0,4.0,1.0,3.0,1841180.4,191452.5,0.0,0.0,0.0,0.0,0.0,59.0,1546833.24,1541953.7100000002,1.0,58.0,4.0,4.0,-4879.53,0.9830508474576272,0.99684547120283,4.0,4.0,0.0,397669.5,351344.25,23665.86,12555.0,1359461.835,1360993.32,3217500.0,1640835.1800000002,1460620.7100000002,72237.5325,4.647732769230769,0.0,0.0,13.0,88.0,61.0,0.0,0.0,0.0,0.11812,0.8509,1.0,0.0,Tier_3,Salaried,3,0.5062506358894119,74237.57,1586.74,0.0,3787.76,21408.48,6898.12,18641.92,126560.59,26577.0,71862.41,29230.16,0.1299,1119323.88,0.0,4793.92,38206.17,74,0.3019,0.0,0.0,0.0,0.0,0,0,0.0,0.0,75380.54,22498.55,24817.94,0
303526,F,54.49418206707735,0,2.0,Married,Secondary / secondary special,House / apartment,N,Y,157500.0,Pensioner,,,XNA,Cash loans,307557.0,14796.0,265500.0,10.0,3.0,7.0,1736229.24,483862.5,0.0,0.0,0.0,0.0,0.0,79.0,1159245.9449999998,1179162.63,4.0,75.0,5.0,5.0,19916.685,0.9493670886075948,1.017180724319894,10.0,8.0,0.0,1401160.5,1207500.75,81683.3925,17343.0,0.0,0.0,2625000.0,0.0,0.0,0.0,0.0,0.0,0.0,82.0,1408.0,786.0,0.0,0.0,0.0,0.0939428571428571,3.072142857142857,0.8,0.0,Tier_2,Other,2,0.492036403178841,40423.74,3199.5,0.0,11528.4,12485.34,5603.66,6349.56,79590.2,14796.0,63113.8,27160.76,0.1724,1272383.81,398717.18,0.0,39721.47,133,0.4991,0.0,0.0,0.0,0.0,1,0,268.96,1.0,65673.54,10592.25,51091.41,0
149190,F,61.76865160848734,0,1.0,Widow,Secondary / secondary special,House / apartment,N,Y,162000.0,Pensioner,,,XNA,Cash loans,479578.5,23071.5,414000.0,5.0,3.0,2.0,1269000.0,756117.0,0.0,0.0,0.0,0.0,0.0,35.0,262842.75,230119.425,5.0,30.0,9.5,11.0,-32723.325,0.8571428571428571,0.8755022727467278,10.0,3.0,3.0,2836386.0,2209617.0,70401.465,7825.5,,,,,,,,,,33.0,430.0,288.0,0.0,0.0,0.0,0.1424166666666666,4.667388888888889,0.3,0.0,Tier_3,Other,1,0.6477408721590984,56943.57,2037.23,0.0,8694.38,10304.79,14144.94,18794.54,110919.45,23071.5,28009.05,19310.48,0.1192,664164.51,140097.18,0.0,49988.02,104,0.4507,0.0,0.0,0.0,1794.3,0,0,0.0,0.0,28636.21,13498.61,6912.15,0
351618,M,34.44216290212184,2,3.0,Separated,Secondary / secondary special,With parents,N,Y,126000.0,Working,8.139630390143736,Managers,Self-employed,Cash loans,781920.0,47965.5,675000.0,7.0,0.0,7.0,1968396.705,-3478.005,453478.005,0.0,0.0,0.0,0.0,29.0,1413006.885,1744935.84,4.0,25.0,28.0,28.0,331928.955,0.8620689655172413,1.2349096515548823,5.0,3.0,0.0,1029856.5,592524.0,102549.375,36000.0,,,,,,,,,,26.0,271.0,168.0,1.0,5.0,5.0,0.3806785714285714,-0.0276032142857142,0.6,0.0,Tier_2,Salaried,3,0.5252865063856843,40280.11,1430.97,9041.83,2903.46,6548.31,5981.43,6344.28,72530.39,47965.5,5504.11,3027.85,0.024,69461.37,0.0,496.41,53187.2,121,0.7333,678.28,34333.65,304.85,268.1,0,1,230.84,0.75,7007.47,9528.22,-7686.59,3
417723,M,37.04585900068447,0,2.0,Married,Secondary / secondary special,House / apartment,Y,Y,180000.0,Working,9.9958932238193,Laborers,Self-employed,Cash loans,260640.0,31059.0,225000.0,4.0,1.0,3.0,197078.4,22941.0,0.0,0.0,0.0,0.0,0.0,27.0,364302.36,364302.36,0.0,27.0,0.0,0.0,0.0,1.0,1.0,10.0,7.0,1.0,686578.5,341790.75,53523.54,11250.0,,,,,,,,,,32.0,189.16666666666663,114.5,0.0,0.0,0.0,0.17255,0.12745,0.7,0.0,Tier_1,Salaried,2,0.7795536392815582,111810.0,5474.64,0.0,4990.56,8843.65,6173.36,5222.79,142515.0,31059.0,6426.0,3834.74,0.0213,99043.18,0.0,0.0,62252.13,60,0.4368,0.0,0.0,0.0,242.0,1,0,187.76,0.9167,10857.32,14146.26,-10477.54,3
280290,F,66.55989048596851,0,2.0,Married,Secondary / secondary special,House / apartment,N,Y,76500.0,Pensioner,,,XNA,Cash loans,50940.0,3244.5,45000.0,8.0,5.0,3.0,1065268.62,653840.325,2687.175,0.0,0.0,0.0,0.0,28.0,397529.64,397529.64,0.0,28.0,0.0,0.0,0.0,1.0,1.0,4.0,3.0,1.0,516955.5,323383.5,23249.5875,6210.0,,,,,,,,,,30.0,453.0,339.5,0.0,0.0,0.0,0.0424117647058823,8.546932352941177,0.75,0.0,Tier_2,Other,2,0.6655746938174927,28331.5,1879.44,0.0,6978.37,7886.89,2621.13,6474.78,54172.11,3244.5,19083.39,7851.62,0.1026,73964.16,10253.45,0.0,25050.2,68,0.4624,1204.72,41143.11,0.0,0.0,0,0,0.0,0.0,19850.15,5674.15,10203.08,0
383840,F,58.64202600958248,0,2.0,Married,Secondary / secondary special,House / apartment,N,Y,80032.5,Pensioner,,,XNA,Cash loans,360000.0,24057.0,360000.0,1.0,1.0,0.0,84510.0,71532.0,0.0,0.0,0.0,0.0,0.0,6.0,102673.035,102673.035,0.0,6.0,0.0,0.0,0.0,1.0,1.0,1.0,1.0,0.0,96862.5,96862.5,17112.69,2.25,,,,,,,,,,7.0,42.0,21.0,0.0,0.0,0.0,0.3005903851560303,0.893786899072252,1.0,0.0,Tier_1,Other,2,0.7960382046733867,39619.19,1493.32,0.0,8007.22,5052.4,4681.53,4760.49,63614.15,24057.0,0.0,0.0,0.0,0.0,0.0,0.0,26047.86,65,0.4095,0.0,0.0,0.0,0.0,0,1,105.78,1.0,-10991.3,6027.4,-24139.38,12
369461,F,32.29295003422313,1,3.0,Civil marriage,Secondary / secondary special,House / apartment,N,Y,202500.0,Commercial associate,6.945927446954141,Managers,Trade: type 3,Cash loans,385749.0,33237.0,351000.0,3.0,1.0,2.0,450922.5,211059.0,0.0,0.0,0.0,0.0,0.0,,,,,,,,,,,,,,,,,,,,,,,,,,,,,,,,,0.1641333333333333,1.042266666666667,,0.0,Tier_1,Other,3,0.7453851031636478,64777.14,9122.5,12158.73,5787.69,47461.58,11632.85,7757.22,158697.71,33237.0,10565.29,4010.27,0.0198,30050.43,0.0,0.0,85825.13,170,0.5408,0.0,0.0,0.0,0.0,1,1,847.81,0.75,15089.62,30709.36,-34832.72,4
366066,F,49.86721423682409,0,2.0,Married,Secondary / secondary special,House / apartment,Y,Y,112500.0,Working,9.442847364818617,Cooking staff,Restaurant,Cash loans,427500.0,27450.0,427500.0,16.0,3.0,13.0,1140999.39,167816.925,900.0,0.0,0.0,0.0,0.0,18.0,163546.065,163546.065,0.0,18.0,0.0,0.0,0.0,1.0,1.0,3.0,2.0,0.0,273582.0,273582.0,17209.8,20978.595,,,,,,,,,,18.0,137.0,76.0,0.0,0.0,0.0,0.244,1.491706,0.6666666666666666,0.0,Tier_3,Salaried,1,0.5735519469795552,34370.15,796.52,0.0,5048.26,10813.99,4981.47,6754.38,62764.77,27450.0,22285.23,14434.55,0.1283,63936.59,18471.26,0.0,26675.92,69,0.425,0.0,0.0,0.0,0.0,0,0,0.0,0.0,22902.06,6949.84,5435.47,0
384849,F,40.889801505817935,0,2.0,Married,Secondary / secondary special,House / apartment,N,Y,135000.0,Commercial associate,7.846680355920602,Sales staff,Self-employed,Cash loans,229500.0,24228.0,229500.0,,,,,,,,,,,17.0,145511.235,145511.235,0.0,17.0,0.0,0.0,0.0,1.0,1.0,5.0,4.0,0.0,1157089.5,1157089.5,69220.98,45000.0,0.0,0.0,495000.0,0.0,0.0,0.0,0.0,0.0,0.0,18.0,159.0,90.0,0.0,0.0,0.0,0.1794666666666666,,0.8,,Tier_2,Other,1,0.6450133203407175,49556.65,1023.79,0.0,6437.41,20927.82,5112.44,11264.79,94322.9,24228.0,16449.1,4717.66,0.0349,59556.26,0.0,0.0,41313.82,127,0.438,0.0,0.0,360.19,0.0,0,0,0.0,0.0,23993.33,14290.84,-7382.37,1
123665,F,57.31964407939768,0,2.0,Married,Secondary / secondary special,House / apartment,N,N,157500.0,Working,9.462012320328542,,Business Entity Type 3,Cash loans,562491.0,24907.5,454500.0,4.0,1.0,3.0,675553.5,111609.0,0.0,0.0,0.0,0.0,0.0,52.0,1791784.665,1791784.665,2.0,50.0,6.0,6.0,0.0,0.9615384615384616,1.0,5.0,4.0,1.0,1708875.0,1708875.0,97830.81,0.0,0.0,0.0,6671250.0,0.0,0.0,0.0,0.0,0.0,0.0,56.0,665.75,383.0,1.0,4.0,4.0,0.1581428571428571,0.7086285714285714,0.8,0.0,Tier_3,Salaried,2,0.5085075875864489,47210.14,5136.05,0.0,8661.0,7976.05,5697.93,7777.32,82458.49,24907.5,50134.01,15696.77,0.0997,572559.68,170387.67,1263.89,24750.55,36,0.3002,0.0,0.0,1118.45,1265.69,0,1,269.43,0.75,50080.27,9793.08,37455.3,0
239678,F,37.22929500342232,2,4.0,Married,Secondary / secondary special,House / apartment,N,Y,112500.0,Working,,Sales staff,Self-employed,Cash loans,775188.0,39708.0,616500.0,1.0,1.0,0.0,184500.0,177291.0,0.0,0.0,0.0,0.0,0.0,28.0,471717.63,471717.63,3.0,25.0,5.0,5.0,0.0,0.8928571428571429,1.0,5.0,5.0,0.0,635265.0,635265.0,61309.89,37737.0,1021952.115,1021952.115,1237500.0,255940.2,40500.0,38041.425,4.129099454545455,0.0,0.0,23.0,171.0,116.0,0.0,0.0,0.0,0.35296,1.57592,1.0,0.0,Tier_1,Salaried,3,0.794618417729436,72604.12,969.64,1863.53,2057.04,7575.92,4324.31,10820.08,100214.64,39708.0,0.0,0.0,0.0,0.0,0.0,0.0,61034.77,95,0.609,0.0,0.0,0.0,0.0,1,0,226.06,0.9167,-28766.46,9848.7,-43347.54,12
159853,F,57.75770020533881,0,1.0,Separated,Higher education,House / apartment,N,N,193657.5,Working,5.193702943189596,Core staff,School,Cash loans,1170000.0,29574.0,1170000.0,1.0,0.0,1.0,157500.0,0.0,0.0,0.0,0.0,0.0,0.0,42.0,637611.39,637611.39,0.0,42.0,0.0,0.0,0.0,1.0,1.0,2.0,2.0,0.0,589086.0,589086.0,32111.19,0.0,,,,,,,,,,44.0,648.0,403.3333333333333,0.0,0.0,0.0,0.1527129080980597,0.0,1.0,0.0,Tier_1,Salaried,2,0.6076143117136702,59733.43,14376.24,0.0,12253.82,16864.4,7106.17,14057.2,124391.26,29574.0,39692.24,25373.86,0.131,567112.99,214827.11,0.0,49622.16,46,0.3989,0.0,0.0,2766.54,3512.21,0,0,0.0,0.0,32614.55,18579.94,-8383.97,1
362549,F,33.62628336755647,0,2.0,Married,Higher education,House / apartment,N,Y,135000.0,Working,4.840520191649556,,Business Entity Type 3,Cash loans,314055.0,17167.5,238500.0,3.0,0.0,3.0,382482.0,0.0,0.0,0.0,0.0,0.0,0.0,109.0,1521095.94,1153507.41,27.0,82.0,96.25,123.0,-367588.53,0.7522935779816514,0.758339681059171,11.0,9.0,2.0,1272856.5,1032733.5,78621.585,10035.0,,,,,,,,,,93.0,1099.1666666666667,689.0833333333334,1.0,11.0,11.0,0.1271666666666666,0.0,0.8181818181818182,0.0,Tier_3,Salaried,2,0.6675649511731643,51807.78,1178.54,0.0,8954.48,14724.27,6536.14,8427.85,91629.06,17167.5,26203.44,10945.51,0.0811,42613.27,0.0,0.0,33920.75,37,0.3702,0.0,0.0,0.0,0.0,0,0,0.0,0.0,25228.47,11240.29,6711.57,0
277128,F,38.220396988364136,0,2.0,Married,Secondary / secondary special,House / apartment,N,Y,382500.0,Commercial associate,3.5290896646132786,Sales staff,Self-employed,Cash loans,796396.5,40792.5,643500.0,8.0,4.0,4.0,14055592.5,11594604.78,1197.72,0.0,0.0,0.0,0.0,102.0,2498384.295,2535068.34,5.0,97.0,14.0,14.0,36684.045000000006,0.9509803921568628,1.0146831074280347,11.0,10.0,1.0,1795234.5,1213238.25,85722.8175,5404.5,,,,,,,,,,111.0,1318.0,945.5,1.0,5.0,5.0,0.1066470588235294,30.312692235294115,0.9090909090909092,0.0,Tier_3,Other,2,0.5652597225293753,116108.3,2470.72,0.0,25274.02,20976.57,24453.33,35670.37,224953.31,40792.5,116754.19,59786.97,0.1563,1839872.16,0.0,0.0,87980.7,153,0.3911,16439.95,889224.84,0.0,5632.33,0,0,0.0,0.0,141669.99,46371.76,37536.71,0
381826,F,40.238193018480494,0,2.0,Married,Secondary / secondary special,House / apartment,N,Y,99000.0,Working,,Core staff,Telecom,Cash loans,810000.0,26770.5,810000.0,2.0,1.0,1.0,321003.0,121783.5,0.0,0.0,0.0,0.0,0.0,14.0,170428.275,170428.275,0.0,14.0,0.0,0.0,0.0,1.0,1.0,4.0,4.0,0.0,425884.5,425884.5,61617.06,21077.1,,,,,,,,,,20.0,84.0,33.5,0.0,0.0,0.0,0.2704090909090909,1.2301363636363636,1.0,0.0,Tier_3,Salaried,2,0.7640203790122633,40452.89,1761.42,0.0,7777.43,13268.4,8262.27,4706.57,76228.98,26770.5,0.0,0.0,0.0,0.0,0.0,0.0,22830.36,29,0.2995,0.0,0.0,0.0,0.0,1,1,311.7,0.9167,-5059.76,7513.14,-14665.84,7
241771,F,23.444216290212182,0,1.0,Single / not married,Higher education,With parents,N,N,90000.0,Working,4.386036960985626,Sales staff,Self-employed,Revolving loans,180000.0,9000.0,180000.0,,,,,,,,,,,4.0,50802.75,50802.75,0.0,4.0,0.0,0.0,0.0,1.0,1.0,1.0,1.0,0.0,48600.0,48600.0,4905.18,12151.575,,,,,,,,,,4.0,32.0,28.0,0.0,0.0,0.0,0.1,,1.0,,Tier_3,Salaried,1,0.6745196300051629,37013.94,2267.49,0.0,5667.9,6376.17,5037.39,4550.89,60913.78,9000.0,20086.22,8437.94,0.0938,260727.66,0.0,0.0,20816.45,95,0.3417,0.0,0.0,0.0,0.0,0,1,163.03,0.75,20866.38,6086.19,7997.76,0
413462,F,38.10266940451746,1,3.0,Married,Secondary / secondary special,House / apartment,N,Y,247500.0,Commercial associate,5.4811772758384665,Private service staff,Self-employed,Cash loans,1963494.0,74916.0,1755000.0,2.0,0.0,2.0,494095.5,0.0,0.0,0.0,0.0,0.0,0.0,17.0,586207.575,676207.575,0.0,17.0,0.0,0.0,90000.0,1.0,1.1535292340771952,6.0,3.0,0.0,1418328.0,1418328.0,117044.235,0.0,0.0,0.0,1800000.0,0.0,0.0,0.0,0.0,0.0,0.0,17.0,155.0,87.0,0.0,0.0,0.0,0.302690909090909,0.0,0.5,0.0,Tier_2,Other,4,0.7578147448197717,108709.2,3483.3,19944.11,14250.25,22299.44,18872.85,11593.34,199152.49,74916.0,0.0,0.0,0.0,0.0,0.0,0.0,107250.4,223,0.5385,0.0,0.0,0.0,0.0,1,1,1067.26,0.6667,-40605.51,20331.72,-78993.4,12
347710,M,35.98083504449008,2,4.0,Married,Secondary / secondary special,House / apartment,N,N,103500.0,State servant,6.483230663928816,Drivers,Emergency,Cash loans,1227901.5,50139.0,1129500.0,,,,,,,,,,,28.0,466412.49,466412.49,0.0,28.0,0.0,0.0,0.0,1.0,1.0,5.0,5.0,0.0,414607.5,217528.5,37959.15000000001,17409.0,,,,,,,,,,35.0,199.33333333333331,101.33333333333331,0.0,0.0,0.0,0.4844347826086956,,1.0,,Tier_2,Salaried,4,0.6045503410667743,41471.04,5739.2,2279.48,2872.84,5270.3,4938.1,5088.14,67659.1,50139.0,0.0,0.0,0.0,0.0,0.0,0.0,27611.33,50,0.4081,0.0,0.0,0.0,0.0,1,0,189.58,0.8333,-15518.79,7485.25,-30419.0,12
295586,M,22.31622176591376,1,3.0,Married,Secondary / secondary special,With parents,N,Y,157500.0,Commercial associate,3.394934976043805,Core staff,Self-employed,Cash loans,339948.0,38448.0,315000.0,4.0,2.0,2.0,404392.725,48217.5,0.0,0.0,0.0,0.0,0.0,48.0,876548.25,876548.25,3.0,45.0,2.0,3.0,0.0,0.9375,1.0,12.0,9.0,2.0,954220.5,590892.75,79637.6475,39754.125,,,,,,,,,,59.0,477.1666666666667,344.5,0.0,0.0,0.0,0.2441142857142857,0.3061428571428571,0.75,0.0,Tier_2,Other,3,0.8180243832752813,81819.26,1963.91,8602.31,7963.67,18979.28,9510.41,4588.44,133427.28,38448.0,0.0,0.0,0.0,0.0,0.0,0.0,41177.95,73,0.3086,0.0,0.0,0.0,0.0,1,1,502.74,1.0,-24312.23,21835.24,-60245.97,10
264319,F,21.14715947980835,0,1.0,Single / not married,Secondary / secondary special,Rented apartment,N,Y,157500.0,Working,3.0965092402464065,Managers,Self-employed,Revolving loans,270000.0,13500.0,270000.0,2.0,1.0,1.0,115870.5,114653.88,1216.62,0.0,0.0,0.0,0.0,24.0,491022.72,491022.72,0.0,24.0,0.0,0.0,0.0,1.0,1.0,6.0,5.0,0.0,458387.1,349266.6,60599.317500000005,51007.5,,,,,,,,,,32.0,131.5,69.5,0.0,0.0,0.0,0.0857142857142857,0.7279611428571429,0.8333333333333334,0.0,Tier_3,Salaried,1,0.423606190259766,41256.82,821.94,0.0,2249.92,8813.54,6897.59,14554.62,74594.43,13500.0,69405.57,34373.94,0.2182,878750.5,126465.49,0.0,32013.03,31,0.4292,0.0,0.0,0.0,0.0,0,0,0.0,0.0,67118.27,9912.46,49830.35,0
419009,M,41.19644079397673,0,2.0,Married,Secondary / secondary special,House / apartment,N,N,180000.0,Commercial associate,16.238193018480494,Laborers,Business Entity Type 3,Cash loans,808650.0,29839.5,675000.0,4.0,3.0,1.0,806367.825,158134.5,0.0,0.0,0.0,0.0,0.0,10.0,54053.41500000001,54053.41500000001,0.0,10.0,0.0,0.0,0.0,1.0,1.0,1.0,1.0,0.0,43794.0,43794.0,5404.185,4500.0,,,,,,,,,,12.0,100.0,54.0,0.0,0.0,0.0,0.165775,0.878525,1.0,0.0,Tier_2,Other,2,0.7091513532113961,63432.7,10228.01,0.0,24752.1,13804.49,5564.88,13872.33,131654.51,29839.5,18505.99,4793.92,0.0266,139694.9,17525.98,0.0,44086.24,29,0.3349,0.0,0.0,0.0,0.0,0,0,0.0,0.0,17835.33,17087.51,-3802.15,1
121543,F,39.14305270362765,1,2.0,Single / not married,Secondary / secondary special,House / apartment,Y,Y,405000.0,Commercial associate,13.347022587268992,Laborers,Construction,Cash loans,1288350.0,37800.0,1125000.0,14.0,11.0,3.0,6189970.5,2257512.885,368637.525,0.0,0.0,0.0,3.0,69.0,3053561.94,2962888.3800000004,3.0,66.0,12.0,12.0,-90673.56,0.9565217391304348,0.9703056424655332,8.0,4.0,3.0,2326720.5,1804873.5,91658.16,4945.5,,,,,,,,,,71.0,1809.8333333333333,1266.3333333333333,0.0,0.0,0.0,0.0933333333333333,5.574105888888888,0.5,0.0,Tier_2,Other,2,0.6947901457081248,131816.62,7857.1,16104.71,21839.52,79412.55,24359.51,28640.86,310030.87,37800.0,57169.13,32946.49,0.0813,539398.14,0.0,0.0,96683.18,203,0.3119,0.0,0.0,0.0,0.0,0,0,0.0,0.0,64172.31,31952.61,10460.91,0
250716,F,42.64202600958248,1,3.0,Married,Higher education,House / apartment,N,Y,247500.0,State servant,17.352498288843258,,Housing,Cash loans,1350000.0,37125.0,1350000.0,9.0,6.0,3.0,15125175.0,611420.535,0.0,0.0,0.0,0.0,0.0,61.0,2529331.2,2222810.82,12.0,49.0,83.0,89.0,-306520.38,0.8032786885245902,0.8788136642603389,6.0,5.0,0.0,1800967.5,1648012.5,96599.16,38245.5,,,,,,,,,,55.0,797.8333333333334,581.3333333333334,1.0,1.0,1.0,0.15,2.470386,0.8333333333333334,0.0,Tier_3,Salaried,3,0.5743443137301608,89583.39,4013.74,13254.8,11574.15,15199.54,8524.6,15149.02,157299.24,37125.0,53075.76,36480.94,0.1474,624050.1,0.0,6059.74,96045.24,257,0.6106,0.0,0.0,5561.01,0.0,0,1,435.13,0.8333,58846.44,14247.35,34903.62,0
369535,M,49.74127310061601,0,1.0,Single / not married,Secondary / secondary special,House / apartment,Y,Y,180000.0,Commercial associate,,Laborers,Construction,Cash loans,855000.0,24997.5,855000.0,2.0,1.0,1.0,195993.0,43515.0,0.0,0.0,0.0,0.0,0.0,95.0,403527.015,448527.015,9.0,86.0,139.0,139.0,45000.0,0.9052631578947368,1.1115166973393342,4.0,4.0,0.0,297081.0,179637.75,21364.74,36000.0,341815.17975,692641.755,3150000.0,154248.255,212834.16,47549.438571428575,3.797946441666667,7.0,7.0,19.0,141.0,93.5,0.0,0.0,0.0,0.138875,0.24175,1.0,0.0,Tier_2,Other,1,0.7386864897009144,66239.46,4188.52,0.0,19015.35,17439.48,8734.61,9665.63,125283.05,24997.5,29719.45,18650.81,0.1036,705804.26,0.0,0.0,66534.1,220,0.5311,0.0,0.0,1824.47,0.0,0,0,0.0,0.0,20759.29,21797.17,-10081.19,3
292786,M,48.9034907597536,0,2.0,Married,Secondary / secondary special,House / apartment,Y,Y,112500.0,Working,6.600958247775496,Laborers,Government,Cash loans,422892.0,30775.5,382500.0,3.0,1.0,2.0,1509057.0,603882.0,0.0,0.0,0.0,0.0,0.0,86.0,905080.05,748983.33,17.0,69.0,46.0,68.0,-156096.72,0.8023255813953488,0.8275326917215775,12.0,9.0,3.0,1343259.0,952416.0,79880.805,16800.75,0.0,0.0,13500.0,0.0,0.0,0.0,0.0,0.0,0.0,82.0,717.4,394.98333333333335,5.0,35.0,29.0,0.27356,5.36784,0.75,0.0,Tier_2,Salaried,2,0.6922998099360677,28925.13,1839.38,0.0,3583.43,12540.15,7546.0,9366.32,63800.41,30775.5,17924.09,6563.43,0.0583,100175.75,0.0,0.0,42539.79,75,0.6668,1866.96,39661.59,1120.5,0.0,0,0,0.0,0.0,18556.44,7003.66,10906.87,0
279986,M,42.13278576317591,0,2.0,Married,Higher education,House / apartment,Y,Y,1125000.0,Commercial associate,9.163586584531142,Managers,Business Entity Type 3,Revolving loans,1350000.0,67500.0,1350000.0,,,,,,,,,,,,,,,,,,,,,,,,,,,,,,,,,,,,,,,,,,,0.06,,,,Tier_1,Other,2,0.8062224047577673,646020.05,14557.47,0.0,37945.41,120581.63,55224.5,51878.68,926207.74,67500.0,131292.26,80763.0,0.0718,3450400.13,0.0,7850.93,402671.56,265,0.4348,0.0,0.0,0.0,0.0,0,0,0.0,0.0,132841.65,108093.88,-82457.41,2
330120,F,42.83367556468173,0,2.0,Civil marriage,Secondary / secondary special,House / apartment,Y,Y,90000.0,Commercial associate,8.988364134154688,High skill tech staff,Government,Cash loans,57564.0,6237.0,54000.0,7.0,1.0,6.0,603692.1,19849.5,0.0,0.0,0.0,0.0,0.0,17.0,144824.66999999998,144824.66999999998,0.0,17.0,0.0,0.0,0.0,1.0,1.0,5.0,2.0,2.0,666400.5,635260.5,37395.09,0.0,,,,,,,,,,19.0,270.0,193.0,0.0,0.0,0.0,0.0693,0.22055,0.4,0.0,Tier_2,Other,3,0.6791450358088137,34628.12,972.79,0.0,5460.19,8482.46,5821.8,4217.14,59582.5,6237.0,24180.5,14908.65,0.1657,162245.27,43144.75,0.0,23915.6,37,0.4014,0.0,0.0,924.19,0.0,1,1,437.47,0.8333,17512.88,10449.64,-754.05,1
391426,M,27.247091033538677,0,1.0,Single / not married,Higher education,House / apartment,N,Y,112500.0,Working,,Laborers,Trade: type 7,Cash loans,107820.0,10017.0,90000.0,2.0,1.0,1.0,718200.0,562500.0,0.0,0.0,0.0,0.0,0.0,25.0,291639.555,251939.925,5.0,20.0,49.0,49.0,-39699.63,0.8,0.8638743293926643,8.0,4.0,2.0,355948.65,267987.15,32294.34,50319.0,,,,,,,,,,26.0,250.0,160.0,2.0,7.0,7.0,0.08904,5.0,0.5,0.0,Tier_3,Salaried,1,0.5840970931397564,40965.53,1393.17,0.0,5090.94,7924.88,6070.63,3888.92,65334.07,10017.0,37148.93,21903.31,0.1947,358151.03,0.0,0.0,29715.01,65,0.4548,0.0,0.0,0.0,1132.81,0,0,0.0,0.0,35606.48,7103.77,21972.11,0
344926,F,60.80219028062971,0,2.0,Married,Higher education,House / apartment,Y,Y,225000.0,Commercial associate,30.90485968514716,Medicine staff,University,Cash loans,339948.0,26694.0,315000.0,,,,,,,,,,,17.0,444156.705,418029.84,2.0,15.0,3.0,3.0,-26126.865,0.8823529411764706,0.9411764705882352,1.0,1.0,0.0,384277.5,384277.5,26126.865,0.0,,,,,,,,,,16.0,432.0,338.0,0.0,0.0,0.0,0.11864,,1.0,,Tier_1,Other,2,0.6755355911408016,68121.44,1800.69,0.0,24930.32,35052.48,9036.23,12938.56,151879.72,26694.0,46426.28,18971.49,0.0843,591708.53,0.0,0.0,46360.64,107,0.3052,0.0,0.0,2972.04,0.0,0,0,0.0,0.0,34780.99,30022.77,-16147.75,2
216464,F,42.11635865845312,1,2.0,Separated,Secondary / secondary special,House / apartment,N,N,112500.0,Working,5.160848733744011,Drivers,Business Entity Type 3,Cash loans,450000.0,11871.0,450000.0,13.0,3.0,10.0,1195686.0,666292.5,17769.33,0.0,0.0,0.0,1.0,88.0,967845.465,912722.4,7.0,81.0,29.0,29.0,-55123.065,0.9204545454545454,0.9430455925109904,17.0,7.0,5.0,2346934.5,1757443.5,90914.95125,10440.0,,,,,,,,,,86.0,901.1333333333332,512.1333333333333,0.0,0.0,0.0,0.10552,5.9226,0.4117647058823529,0.0,Tier_3,Salaried,2,0.533167515856878,31895.9,5220.86,6828.46,7458.34,4227.71,4350.07,10732.32,70713.66,11871.0,29915.34,19684.09,0.175,489955.17,0.0,0.0,21391.2,33,0.3025,3182.6,53800.47,0.0,0.0,0,0,0.0,0.0,30584.81,6790.11,14910.08,0
339051,F,52.21629021218344,0,2.0,Married,Secondary / secondary special,House / apartment,Y,N,40500.0,Commercial associate,7.121149897330596,Accountants,Self-employed,Cash loans,753840.0,22041.0,540000.0,,,,,,,,,,,40.0,333354.735,207926.775,21.0,19.0,568.5,633.0,-125427.96,0.475,0.6237402777554667,4.0,3.0,0.0,252540.0,252540.0,21411.63,30249.0,,,,,,,,,,37.0,204.33333333333331,82.0,23.0,1626.0,2.0,0.5442222222222223,,0.75,,Tier_3,Other,2,0.7899475450479166,20895.77,1635.82,0.0,1392.63,4609.47,2047.17,2178.53,32759.39,20250.0,0.0,0.0,0.0,0.0,0.0,0.0,14781.35,30,0.4512,0.0,0.0,0.0,0.0,0,0,0.0,0.0,-11527.46,3679.58,-18600.87,12
364764,M,39.98083504449008,2,4.0,Married,Secondary / secondary special,House / apartment,Y,Y,180000.0,Working,4.2217659137577,Drivers,Business Entity Type 3,Cash loans,521280.0,41062.5,450000.0,6.0,3.0,3.0,1831906.71,913981.5,468647.1,0.0,0.0,0.0,0.0,23.0,2076764.58,2212845.3,2.0,21.0,2.0,2.0,136080.72,0.9130434782608696,1.0655253471243231,8.0,2.0,6.0,4574601.0,4093416.0,206748.18,0.0,136511.55,136511.55,6300000.0,136992.06,141750.0,2250.0,0.303359,0.0,0.0,20.0,739.0,598.5,0.0,0.0,0.0,0.228125,5.077675,0.25,0.0,Tier_1,Salaried,4,0.8264417654930085,84476.8,4934.66,9862.84,7893.13,28487.07,13105.01,7295.2,156054.71,41062.5,0.0,0.0,0.0,0.0,0.0,0.0,96803.62,193,0.6203,0.0,0.0,0.0,0.0,0,0,0.0,0.0,-13209.84,17905.17,-41368.24,9
407500,F,60.12594113620808,0,1.0,Single / not married,Secondary / secondary special,House / apartment,N,N,180000.0,Pensioner,,,XNA,Cash loans,675000.0,20466.0,675000.0,6.0,6.0,0.0,1233000.0,53595.0,0.0,0.0,0.0,0.0,0.0,,,,,,,,,,,,,,,,,,,,,,,,,,,,,,,,,0.1137,0.29775,,0.0,Tier_3,Other,2,0.5637795304357766,59159.26,7213.01,0.0,7996.72,12777.57,5427.93,15306.44,107880.93,20466.0,51653.07,25760.46,0.1431,895089.91,0.0,0.0,38366.58,87,0.3556,3067.9,186187.2,0.0,0.0,1,0,286.6,0.8333,42120.94,14140.73,21549.35,0
270688,F,46.16290212183436,0,1.0,Separated,Incomplete higher,House / apartment,N,Y,157500.0,State servant,9.451060917180014,Managers,Government,Cash loans,562932.0,23980.5,427500.0,3.0,3.0,0.0,180000.0,87430.5,0.0,0.0,0.0,0.0,0.0,91.0,544278.69,521766.045,4.0,87.0,11.0,11.0,-22512.645,0.956043956043956,0.9586376512370895,6.0,5.0,1.0,351850.5,318676.5,33430.05,15750.0,8106.809999999999,17952.165,4072500.0,109670.715,167678.685,7500.0,0.1801513333333333,0.0,0.0,47.0,559.0,264.6666666666667,1.0,5.0,5.0,0.1522571428571428,0.5551142857142857,0.8333333333333334,0.0,Tier_2,Salaried,1,0.5809418636281988,52490.93,1784.91,0.0,10052.66,16391.12,5934.22,7030.86,93684.7,23980.5,39834.8,14109.84,0.0896,173918.11,46049.36,0.0,40013.82,169,0.4271,0.0,0.0,0.0,0.0,0,1,124.76,1.0,35527.84,8631.96,21848.28,0
291457,F,60.03559206023272,0,1.0,Single / not married,Secondary / secondary special,House / apartment,N,Y,85500.0,Pensioner,,,XNA,Revolving loans,135000.0,6750.0,135000.0,8.0,1.0,7.0,220121.775,24475.5,0.0,0.0,0.0,0.0,0.0,20.0,139147.29,133621.695,1.0,19.0,7.0,7.0,-5525.595,0.95,0.9602895967287612,4.0,2.0,1.0,447192.0,447192.0,30490.245000000003,2862.0,,,,,,,,,,20.0,537.0,459.0,0.0,0.0,0.0,0.0789473684210526,0.2862631578947368,0.5,0.0,Tier_2,Other,1,0.6399129775623098,33113.33,1038.09,0.0,5377.95,5887.09,4206.27,3270.32,52893.05,6750.0,25856.95,11314.71,0.1323,415072.0,0.0,0.0,28823.06,31,0.5449,0.0,0.0,0.0,0.0,0,0,0.0,0.0,27939.09,7753.93,11272.62,0
255111,M,37.6290212183436,0,2.0,Married,Secondary / secondary special,House / apartment,N,Y,202500.0,Commercial associate,10.986995208761122,Sales staff,Business Entity Type 3,Cash loans,1078200.0,34780.5,900000.0,9.0,3.0,6.0,3472749.0,256716.0,0.0,0.0,0.0,0.0,0.0,11.0,75595.095,75595.095,0.0,11.0,0.0,0.0,0.0,1.0,1.0,1.0,1.0,0.0,52812.0,52812.0,6332.175,9000.0,,,,,,,,,,12.0,130.0,65.0,0.0,0.0,0.0,0.1717555555555555,1.2677333333333334,1.0,0.0,Tier_2,Other,3,0.6489384648629076,69137.25,4724.36,0.0,11326.25,14540.27,15648.65,21973.92,137350.7,34780.5,30368.8,13761.3,0.068,276963.57,0.0,0.0,42731.82,67,0.3111,3742.67,158426.31,0.0,0.0,1,0,260.0,0.8333,27704.6,21840.05,-16601.05,2
249124,F,32.11225188227242,0,2.0,Married,Secondary / secondary special,House / apartment,N,Y,126000.0,State servant,,Medicine staff,Government,Cash loans,1113840.0,57001.5,900000.0,,,,,,,,,,,39.0,576715.14,556068.24,1.0,38.0,3.0,3.0,-20646.9,0.9743589743589745,0.9641991365095772,2.0,2.0,0.0,418815.0,418815.0,28383.345,0.0,,,,,,,,,,40.0,655.0,345.5,0.0,0.0,0.0,0.4523928571428571,,1.0,,Tier_2,Salaried,2,0.6093924769634361,42409.07,2242.45,0.0,7256.64,12821.35,5207.7,13185.67,83122.88,57001.5,0.0,0.0,0.0,0.0,0.0,0.0,47092.1,57,0.5665,0.0,0.0,0.0,0.0,0,0,0.0,0.0,-9617.27,8444.11,-25754.36,10
222152,F,27.19233401779603,0,2.0,Married,Higher education,House / apartment,N,Y,135000.0,Commercial associate,4.2792607802874745,Sales staff,Business Entity Type 3,Cash loans,276277.5,21955.5,238500.0,2.0,1.0,1.0,2351103.795,63189.81,0.0,0.0,0.0,0.0,0.0,9.0,147482.865,147482.865,0.0,9.0,0.0,0.0,0.0,1.0,1.0,2.0,2.0,0.0,327559.5,327559.5,30604.05,0.0,,,,,,,,,,11.0,108.0,85.5,0.0,0.0,0.0,0.1626333333333333,0.4680726666666666,1.0,0.0,Tier_1,Other,2,0.7635025797572436,48839.19,2279.53,0.0,17811.86,17874.63,7317.03,6705.77,100828.01,21955.5,12216.49,7194.5,0.0533,282409.55,96882.14,552.2,41798.49,89,0.4146,0.0,0.0,504.35,0.0,0,0,0.0,0.0,9303.19,7748.18,-2749.55,2
393870,M,25.36618754277892,1,3.0,Married,Secondary / secondary special,With parents,Y,N,67500.0,Commercial associate,3.509924709103354,Drivers,Self-employed,Cash loans,152820.0,10080.0,135000.0,4.0,1.0,3.0,2236797.0,0.0,0.0,0.0,0.0,0.0,0.0,17.0,58503.51,54331.83,3.0,14.0,23.0,23.0,-4171.68,0.8235294117647058,0.9286935091586812,2.0,2.0,0.0,42786.0,42786.0,7099.56,2380.5,,,,,,,,,,19.0,112.0,53.0,1.0,11.0,11.0,0.1493333333333333,0.0,1.0,0.0,Tier_1,Other,4,0.8310793008760008,25713.49,9610.91,3239.7,4060.25,9142.44,4331.06,1456.59,57554.44,10080.0,0.0,0.0,0.0,0.0,0.0,0.0,49069.2,109,0.8526,0.0,0.0,0.0,0.0,1,0,94.07,0.9167,-4655.37,7930.5,-17632.23,9
455486,F,46.16016427104723,0,2.0,Married,Higher education,House / apartment,N,Y,180000.0,State servant,27.66324435318275,Managers,Industry: type 7,Cash loans,1350000.0,47056.5,1350000.0,1.0,0.0,1.0,87399.0,0.0,0.0,0.0,0.0,0.0,0.0,6.0,52100.55,52100.55,0.0,6.0,0.0,0.0,0.0,1.0,1.0,1.0,1.0,0.0,43429.5,43429.5,8690.265,45000.0,,,,,,,,,,6.0,36.0,21.0,0.0,0.0,0.0,0.261425,0.0,1.0,0.0,Tier_1,Salaried,3,0.6692732079682479,75187.49,3977.36,0.0,9536.79,13794.47,9317.61,8821.31,120635.03,47056.5,12308.47,4188.02,0.0233,91604.16,0.0,0.0,66307.9,59,0.5497,0.0,0.0,0.0,0.0,0,0,0.0,0.0,5626.53,9777.89,-7486.95,4
271686,F,61.99863107460644,0,2.0,Married,Secondary / secondary special,House / apartment,N,Y,135000.0,Working,11.759069130732374,Security staff,Construction,Cash loans,755190.0,30078.0,675000.0,,,,,,,,,,,49.0,245920.59,245540.115,0.0,46.0,0.0,0.0,-177.97500000000002,0.9387755102040816,0.9984528542323358,,,,,,,,663032.3094642857,1335061.26,4215000.0,20047.5,245371.635,74315.00571428571,4.933080218253968,34188.0,0.0,,,,,,,0.2228,,,,Tier_2,Salaried,3,0.6745967386824258,59563.15,1513.34,0.0,7782.41,8290.61,4337.75,9117.82,90605.08,30078.0,14316.92,5078.01,0.0376,70660.94,16863.66,0.0,42665.72,45,0.4709,0.0,0.0,0.0,0.0,1,1,456.98,0.75,17593.05,6709.61,5484.65,0
333571,F,49.927446954141,0,2.0,Married,Higher education,House / apartment,N,Y,157500.0,Working,,Core staff,Business Entity Type 1,Revolving loans,540000.0,27000.0,540000.0,13.0,2.0,11.0,5550228.0,1944216.0,0.0,0.0,0.0,0.0,0.0,5.0,67543.11,67543.11,0.0,5.0,0.0,0.0,0.0,1.0,1.0,1.0,1.0,0.0,63031.5,63031.5,11312.28,14602.5,,,,,,,,,,5.0,24.0,17.0,0.0,0.0,0.0,0.1714285714285714,12.344228571428571,1.0,0.0,Tier_2,Salaried,2,0.5796581274435237,56512.81,892.66,0.0,5144.95,15412.42,8957.25,22818.15,109738.24,27000.0,20761.76,7780.75,0.0494,135841.37,0.0,0.0,55413.37,339,0.505,0.0,0.0,0.0,1155.53,1,0,147.48,0.8333,20914.57,10928.6,4031.36,0
185149,M,30.77344284736482,0,2.0,Married,Higher education,House / apartment,Y,Y,135000.0,Commercial associate,,Managers,Business Entity Type 3,Cash loans,66222.0,7258.5,58500.0,4.0,2.0,2.0,967405.5,65331.0,0.0,805.5,12.0,1.0,0.0,41.0,975882.825,1174511.655,1.0,40.0,6.0,6.0,198628.83,0.975609756097561,1.203537581471423,5.0,5.0,0.0,979083.0,632475.0,53474.925,13500.0,0.0,0.0,2520000.0,0.0,0.0,0.0,0.0,0.0,0.0,43.0,607.0,427.6666666666667,1.0,4.0,4.0,0.0537666666666666,0.4839333333333333,1.0,0.0008326394671107,Tier_1,Other,3,0.7424134904744818,69137.48,4819.89,0.0,2891.59,14834.56,3370.91,9440.28,104494.71,7258.5,23246.79,16682.44,0.1236,107908.49,0.0,0.0,75854.35,57,0.7259,0.0,0.0,0.0,0.0,0,0,0.0,0.0,24621.37,12940.82,7372.76,0
395772,M,55.45790554414784,0,2.0,Married,Secondary / secondary special,House / apartment,Y,Y,157500.0,Working,,Laborers,Transport: type 4,Cash loans,848745.0,43465.5,675000.0,,,,,,,,,,,5.0,89653.41,89653.41,0.0,5.0,0.0,0.0,0.0,1.0,1.0,1.0,1.0,0.0,83025.0,83025.0,9225.72,9225.0,,,,,,,,,,7.0,47.5,37.0,0.0,0.0,0.0,0.2759714285714286,,1.0,,Tier_3,Salaried,2,0.632293077308248,45564.95,1092.23,0.0,13752.3,18634.93,9218.92,12927.61,101190.94,43465.5,12843.56,6554.41,0.0416,284544.11,0.0,0.0,52246.56,77,0.5163,0.0,0.0,0.0,0.0,1,0,247.96,0.9167,12159.1,8173.96,-8885.45,1
325323,F,60.39151266255989,0,2.0,Married,Secondary / secondary special,House / apartment,N,Y,198000.0,Pensioner,,,XNA,Cash loans,1125000.0,33025.5,1125000.0,6.0,2.0,4.0,2071026.0,916744.5,0.0,0.0,0.0,0.0,0.0,3.0,83849.76000000001,83849.76000000001,0.0,3.0,0.0,0.0,0.0,1.0,1.0,3.0,1.0,2.0,1395184.5,737865.0,31812.48,0.0,,,,,,,,,,4.0,39.0,33.0,0.0,0.0,0.0,0.1667954545454545,4.630022727272728,0.3333333333333333,0.0,Tier_2,Other,2,0.7168847607792804,88624.89,3426.2,0.0,9558.91,16445.62,13158.04,8367.77,139581.43,33025.5,25393.07,17911.37,0.0905,340830.32,111749.26,0.0,73182.22,104,0.5243,0.0,0.0,0.0,0.0,0,0,0.0,0.0,23339.66,16321.68,-14857.73,1
407019,F,43.630390143737166,1,3.0,Married,Secondary / secondary special,House / apartment,N,Y,270000.0,Commercial associate,2.8145106091718,Sales staff,Business Entity Type 3,Cash loans,364896.0,16200.0,315000.0,4.0,3.0,1.0,445320.0,139851.0,184500.0,0.0,0.0,0.0,0.0,37.0,1098252.99,1098252.99,1.0,36.0,1.0,1.0,0.0,0.972972972972973,1.0,2.0,2.0,0.0,1039045.5,1039045.5,46899.405,4815.0,,,,,,,,,,39.0,942.0,632.6666666666666,0.0,0.0,0.0,0.06,0.5179666666666667,1.0,0.0,Tier_2,Other,3,0.5943594259179045,108811.45,6218.78,16735.33,9002.0,9272.78,10436.7,19440.53,179917.57,16200.0,73882.43,24579.89,0.091,350297.86,0.0,0.0,68889.77,128,0.3829,0.0,0.0,0.0,0.0,0,0,0.0,0.0,82735.14,29241.92,20078.26,0
304509,M,31.756331279945243,1,3.0,Married,Secondary / secondary special,With parents,Y,N,90000.0,Working,5.04312114989733,,Transport: type 4,Cash loans,135000.0,9148.5,135000.0,2.0,1.0,1.0,98068.5,22707.0,0.0,0.0,0.0,0.0,0.0,12.0,61063.785,40692.465,4.0,8.0,16.0,16.0,-20371.32,0.6666666666666666,0.6663927727375563,1.0,1.0,0.0,32274.0,32274.0,5092.83,3375.0,,,,,,,,,,8.0,56.0,28.5,0.0,0.0,0.0,0.10165,0.2523,1.0,0.0,Tier_3,Salaried,3,0.5963828746810897,24910.18,3845.17,5123.84,9176.34,5704.89,4914.04,4657.88,58332.34,9148.5,22519.16,10229.98,0.1137,251689.2,0.0,0.0,15975.89,31,0.2739,1180.86,5749.6,0.0,0.0,1,0,142.89,0.8333,16908.05,6010.85,5467.81,0
129595,F,33.67282683093772,0,2.0,Married,Secondary / secondary special,House / apartment,N,Y,139500.0,Working,3.909650924024641,Core staff,Trade: type 3,Cash loans,643500.0,50971.5,643500.0,7.0,0.0,7.0,526981.5,0.0,0.0,0.0,0.0,0.0,0.0,15.0,122490.54,130489.605,3.0,12.0,9.0,16.0,7999.064999999999,0.8,1.0653035328279228,7.0,2.0,5.0,683558.0549999999,594714.105,37947.015,19899.0,,,,,,,,,,17.0,163.0,106.5,0.0,0.0,0.0,0.3653870967741935,0.0,0.2857142857142857,0.0,Tier_3,Salaried,1,0.6005659618356228,54369.59,1782.11,0.0,2685.91,16057.35,5071.13,10408.9,90374.99,50971.5,0.0,0.0,0.0,0.0,0.0,0.0,43764.19,78,0.4843,0.0,0.0,0.0,0.0,1,1,209.9,0.9167,-6723.21,9480.65,-24271.53,10
158692,F,32.16153319644079,0,1.0,Single / not married,Higher education,House / apartment,N,N,157500.0,State servant,8.112251882272416,Managers,Other,Cash loans,675000.0,24799.5,675000.0,14.0,4.0,10.0,3785958.0,244003.5,238606.83,0.0,0.0,0.0,1.0,17.0,268552.665,268552.665,0.0,17.0,0.0,0.0,0.0,1.0,1.0,4.0,3.0,1.0,1512207.0,1512207.0,70367.31,11965.5,,,,,,,,,,22.0,329.5,231.5,0.0,0.0,0.0,0.1574571428571428,1.5492285714285714,0.75,0.0,Tier_1,Salaried,2,0.6552306063697656,57000.02,13025.06,0.0,4867.99,14615.99,6150.69,16227.01,111886.76,24799.5,20813.74,8152.52,0.0518,55643.83,0.0,0.0,67792.0,48,0.6059,1925.94,33051.81,0.0,0.0,0,1,117.21,0.9167,22057.83,10298.23,312.27,0
167392,F,62.8062970568104,0,2.0,Married,Higher education,House / apartment,N,N,103500.0,Pensioner,,,XNA,Cash loans,1125000.0,33025.5,1125000.0,1.0,1.0,0.0,103500.0,103500.0,0.0,0.0,0.0,0.0,0.0,15.0,648453.105,648453.105,0.0,15.0,0.0,0.0,0.0,1.0,1.0,1.0,1.0,0.0,540027.0,540027.0,27903.195,0.0,,,,,,,,,,15.0,312.0,231.66666666666663,0.0,0.0,0.0,0.3190869565217391,1.0,1.0,0.0,Tier_2,Other,3,0.7516184967578438,36072.61,10241.22,0.0,7850.86,10058.29,4837.97,7237.55,76298.5,33025.5,0.0,0.0,0.0,0.0,0.0,0.0,48161.19,202,0.6312,0.0,0.0,0.0,0.0,1,0,78.48,0.8333,-9077.7,11802.48,-38337.08,10
187504,F,59.44695414099932,0,2.0,Civil marriage,Secondary / secondary special,House / apartment,N,Y,189000.0,Pensioner,,,XNA,Cash loans,358443.0,13005.0,252000.0,,,,,,,,,,,7.0,65139.39,65139.39,0.0,7.0,0.0,0.0,0.0,1.0,1.0,2.0,2.0,0.0,325863.0,325863.0,19129.86,0.0,0.0,0.0,3240000.0,0.0,0.0,0.0,0.0,0.0,0.0,8.0,91.0,63.0,0.0,0.0,0.0,0.0688095238095238,,1.0,,Tier_3,Other,2,0.6323448101361874,73232.94,2330.15,0.0,6591.52,21038.54,9984.6,19521.77,132699.52,13005.0,43295.48,22844.26,0.1209,559141.49,0.0,0.0,59224.36,102,0.4463,0.0,0.0,0.0,0.0,0,1,179.72,0.9167,40670.57,17346.22,11851.63,0
284823,M,56.19986310746064,0,2.0,Civil marriage,Secondary / secondary special,Rented apartment,N,N,90000.0,Working,5.388090349075975,Core staff,Agriculture,Cash loans,180000.0,8388.0,180000.0,2.0,1.0,1.0,117068.04,72288.315,0.0,0.0,0.0,0.0,0.0,14.0,18239.265,18239.265,0.0,14.0,0.0,0.0,0.0,1.0,1.0,4.0,1.0,2.0,683977.5,683977.5,45090.9,0.0,271142.5725,272395.8,315000.0,48150.0,18013.5,12712.8375,6.025390499999999,0.0,0.0,,,,,,,0.0932,0.8032035000000001,0.25,0.0,Tier_3,Salaried,3,0.6215801120911061,32733.82,4018.85,0.0,4827.06,6375.07,4565.71,3473.61,55994.12,8388.0,25617.88,13813.12,0.1535,373113.34,0.0,0.0,33976.38,69,0.6068,3769.79,192429.34,0.0,1635.52,0,0,0.0,0.0,26584.02,5791.83,15264.86,0
440002,F,60.24366872005476,0,1.0,Widow,Secondary / secondary special,House / apartment,N,Y,119250.0,Pensioner,,,XNA,Cash loans,879480.0,25335.0,630000.0,13.0,1.0,12.0,833096.52,0.0,0.0,0.0,0.0,0.0,0.0,43.0,386319.96,386319.96,0.0,43.0,0.0,0.0,0.0,1.0,1.0,4.0,2.0,0.0,452088.0,452088.0,24133.95,20232.0,2144185.8075,2182334.04,2430000.0,279036.0,128250.0,97247.0025,7.941428916666666,0.0,0.0,25.0,456.0,271.4,0.0,0.0,0.0,0.2124528301886792,0.0,0.5,0.0,Tier_2,Other,1,0.7019855531221647,47957.01,1505.64,0.0,8180.41,11179.11,5604.26,9414.99,83841.42,25335.0,10073.58,7245.29,0.0608,55703.1,0.0,611.75,55596.54,46,0.6631,1563.22,41384.12,0.0,553.55,1,1,180.89,0.75,9624.45,15460.28,-12825.59,4
245070,F,45.93292265571527,0,2.0,Married,Secondary / secondary special,House / apartment,N,Y,90000.0,Working,,Core staff,Business Entity Type 2,Cash loans,472500.0,18868.5,472500.0,2.0,0.0,2.0,309600.0,0.0,0.0,0.0,0.0,0.0,0.0,103.0,418680.675,418680.675,3.0,100.0,29.0,29.0,0.0,0.970873786407767,1.0,1.0,1.0,0.0,135000.0,135000.0,6750.0,0.0,1913425.215,3083834.97,4620000.0,225000.0,412290.0,132778.51875,14.173520111111111,3.0,3.0,,,,,,,0.20965,0.0,1.0,0.0,Tier_3,Salaried,2,0.6502817211573221,37567.61,1016.63,0.0,6095.01,4845.58,3651.16,3265.8,56441.79,18868.5,14689.71,7646.01,0.085,262122.02,0.0,811.05,25950.36,86,0.4598,0.0,0.0,0.0,0.0,1,1,169.95,1.0,16670.6,6056.46,2200.06,0
407843,F,47.84394250513347,0,2.0,Married,Higher education,House / apartment,N,N,157500.0,State servant,4.903490759753593,,Kindergarten,Cash loans,568800.0,16429.5,450000.0,23.0,15.0,8.0,12252406.5,6823636.83,16589.16,0.0,0.0,0.0,3.0,30.0,846600.5700000001,846600.5700000001,1.0,29.0,2.0,2.0,0.0,0.9666666666666668,1.0,20.0,2.0,6.0,9132192.0,3358230.975,168403.77000000002,8167.5,2761789.365,2828480.31,3780000.0,575515.8,661924.08,161771.4225,8.73262835,0.0,0.0,3.0,26.0,24.0,0.0,0.0,0.0,0.1043142857142857,43.324678285714285,0.1,0.0,Tier_1,Salaried,1,0.7819984457707317,68553.76,21445.9,0.0,5815.88,16002.17,6213.33,4519.57,122550.61,16429.5,18519.89,4023.41,0.0255,125835.62,44682.86,0.0,63775.93,83,0.5204,0.0,0.0,614.21,0.0,0,0,0.0,0.0,16983.29,10406.62,142.25,0
199317,F,31.00342231348392,1,3.0,Civil marriage,Higher education,House / apartment,N,N,90000.0,Working,,Laborers,Transport: type 4,Revolving loans,405000.0,20250.0,405000.0,,,,,,,,,,,51.0,789533.8200000001,709924.095,10.0,41.0,37.0,37.0,-79609.725,0.803921568627451,0.8991686955221245,4.0,4.0,0.0,528417.0,528417.0,44806.68,15745.5,,,,,,,,,,47.0,585.5,358.5,5.0,11.0,11.0,0.225,,1.0,,Tier_2,Salaried,4,0.6606772887520294,30778.52,4387.97,3872.64,5746.19,7872.05,6803.6,4376.07,63837.04,20250.0,5912.96,3073.61,0.0342,135637.11,0.0,0.0,27681.39,34,0.4336,0.0,0.0,0.0,0.0,1,0,111.74,0.8333,6432.2,5920.98,-7634.36,1
408300,F,44.27926078028747,1,3.0,Married,Secondary / secondary special,House / apartment,N,N,162000.0,Working,4.802190280629706,,Business Entity Type 3,Cash loans,562491.0,23962.5,454500.0,12.0,4.0,8.0,734796.0,23733.0,0.0,0.0,0.0,0.0,0.0,12.0,64284.345,64284.345,0.0,12.0,0.0,0.0,0.0,1.0,1.0,1.0,1.0,0.0,52785.0,52785.0,5357.16,5305.5,,,,,,,,,,13.0,144.0,70.0,0.0,0.0,0.0,0.1479166666666666,0.1465,1.0,0.0,Tier_2,Salaried,3,0.6277750874393895,60452.0,7248.06,9608.0,11279.82,10022.67,3089.02,4432.88,106132.45,23962.5,31905.05,17131.27,0.1057,480472.75,0.0,0.0,63098.54,368,0.5945,0.0,0.0,1591.96,0.0,1,0,380.77,0.5833,34699.52,10775.6,11791.12,0
109475,F,60.41889117043121,0,2.0,Married,Secondary / secondary special,House / apartment,N,Y,81000.0,Working,,,Other,Cash loans,625536.0,20457.0,540000.0,6.0,2.0,4.0,918531.0,332932.5,0.0,0.0,0.0,0.0,0.0,35.0,167966.37,152935.965,4.0,30.0,35.0,35.0,-8560.755,0.8571428571428571,0.910515390670168,2.0,2.0,0.0,218353.5,218353.5,13475.835,3915.0,1911159.81,1938787.02,3510000.0,178848.0,61004.295,80496.945,7.551139562499999,0.0,0.0,13.0,156.0,78.0,0.0,0.0,0.0,0.2525555555555555,4.110277777777778,1.0,0.0,Tier_1,Salaried,2,0.88,49300.84,1435.02,0.0,5933.92,8091.86,3745.81,2230.24,70737.69,20457.0,0.0,0.0,0.0,0.0,0.0,0.0,29991.18,34,0.424,0.0,0.0,0.0,0.0,0,0,0.0,0.0,-10077.55,10003.27,-26444.55,10
432144,F,42.78165639972622,0,2.0,Married,Secondary / secondary special,House / apartment,N,N,90000.0,Working,,Sales staff,Self-employed,Cash loans,225000.0,13045.5,225000.0,21.0,6.0,15.0,2292526.08,346486.5,11021.76,0.0,0.0,0.0,0.0,10.0,71946.405,71946.405,0.0,10.0,0.0,0.0,0.0,1.0,1.0,2.0,2.0,0.0,61092.0,61092.0,10936.35,6547.5,,,,,,,,,,12.0,85.0,57.0,0.0,0.0,0.0,0.14495,3.84985,1.0,0.0,Tier_1,Salaried,2,0.7035648013211248,27348.32,7308.95,0.0,2264.36,12687.16,5243.27,4852.64,59704.7,13045.5,17249.8,8798.61,0.0978,172081.85,64479.66,1181.33,43758.61,88,0.7329,0.0,0.0,0.0,0.0,0,0,0.0,0.0,16110.4,7547.22,-2717.24,1
295951,F,50.63655030800821,0,2.0,Married,Higher education,House / apartment,Y,N,405000.0,Working,10.90485968514716,Accountants,Government,Cash loans,755190.0,31995.0,675000.0,7.0,4.0,3.0,5660550.0,1761615.0,0.0,0.0,0.0,0.0,0.0,86.0,2162179.935,2162179.935,13.0,73.0,17.0,19.0,0.0,0.8488372093023255,1.0,3.0,3.0,0.0,1135084.5,1135084.5,72205.605,11655.0,4270040.5912500005,5204545.29,5955000.0,645750.0,1018486.89,347166.6225,21.228852083333333,0.0,0.0,20.0,274.5,203.0,0.0,0.0,0.0,0.079,4.349666666666667,1.0,0.0,Tier_2,Salaried,2,0.6334262598300838,145901.76,28642.28,0.0,16952.29,26678.73,20814.43,27977.46,266966.95,31995.0,106038.05,67547.76,0.1668,3081320.5,0.0,0.0,120505.27,181,0.4514,17733.0,499639.34,0.0,0.0,0,0,0.0,0.0,110272.99,46307.18,-13771.89,1
141766,M,26.576317590691307,1,3.0,Married,Secondary / secondary special,House / apartment,Y,Y,180000.0,Working,7.490759753593429,Laborers,Business Entity Type 2,Cash loans,225000.0,24232.5,225000.0,15.0,3.0,11.0,1279925.505,104055.165,111418.515,0.0,0.0,0.0,0.0,104.0,865039.0499999999,831660.255,5.0,99.0,58.0,58.0,-33378.795,0.9519230769230768,0.9614135396546548,14.0,8.0,4.0,865431.0,624991.5,61628.08500000001,66691.89,1186098.2175,1601788.5,1725000.0,355205.79,439992.765,60992.43,8.2823995,0.0,0.0,56.0,416.3333333333333,245.66666666666663,3.0,7.0,7.0,0.134625,0.57808425,0.5714285714285714,0.0,Tier_1,Salaried,3,0.7342171383174256,84068.72,3280.04,8601.9,5617.44,21311.18,9279.8,12398.8,144557.88,24232.5,11209.62,5668.31,0.0315,303592.87,0.0,0.0,58640.47,69,0.4057,0.0,0.0,0.0,0.0,1,1,395.77,0.8333,3762.31,19143.78,-41883.8,5
106404,F,37.22929500342232,1,3.0,Married,Higher education,House / apartment,N,Y,90000.0,Working,16.70362765229295,High skill tech staff,Business Entity Type 2,Revolving loans,270000.0,13500.0,270000.0,4.0,2.0,2.0,781965.0,349209.0,0.0,0.0,0.0,0.0,0.0,25.0,464749.335,446148.135,1.0,24.0,2.0,2.0,-18601.2,0.96,0.9599758437524176,8.0,1.0,3.0,1049611.5,948361.5,65462.355,0.0,,,,,,,,,,25.0,408.0,209.83333333333331,0.0,0.0,0.0,0.15,3.8801,0.125,0.0,Tier_2,Salaried,4,0.7017266330308591,35533.67,1852.04,8518.88,2099.61,10151.53,4999.66,3754.98,66910.37,13500.0,9589.63,5260.07,0.0584,130642.88,0.0,0.0,31162.32,105,0.4657,0.0,0.0,0.0,739.69,1,0,173.63,1.0,5519.8,10500.15,-18919.06,3
270266,F,40.04380561259411,0,2.0,Married,Secondary / secondary special,House / apartment,N,Y,180000.0,Commercial associate,5.782340862422998,Sales staff,Self-employed,Cash loans,738171.0,39325.5,684000.0,8.0,1.0,7.0,379246.95,0.0,0.0,0.0,0.0,0.0,0.0,28.0,409115.52,368697.24,4.0,24.0,8.0,8.0,-40418.280000000006,0.8571428571428571,0.9012057034648796,3.0,3.0,0.0,286807.5,286807.5,54505.665,0.0,,,,,,,,,,30.0,212.5,107.5,0.0,0.0,0.0,0.218475,0.0,1.0,0.0,Tier_2,Other,1,0.526162120208858,57108.82,4873.73,0.0,7051.45,9723.9,5996.21,11945.26,96699.37,39325.5,43975.13,18987.29,0.1055,330260.47,0.0,0.0,46708.34,74,0.483,0.0,0.0,0.0,0.0,1,1,530.15,1.0,36174.82,13654.7,15012.03,0
433195,F,33.96577686516085,1,2.0,Separated,Higher education,House / apartment,N,Y,180000.0,Commercial associate,2.858316221765914,,Bank,Cash loans,226152.0,12397.5,162000.0,3.0,1.0,2.0,820858.5,0.0,0.0,0.0,0.0,0.0,0.0,7.0,41791.14,41791.14,0.0,7.0,0.0,0.0,0.0,1.0,1.0,2.0,2.0,0.0,94288.5,94288.5,12617.82,14733.0,,,,,,,,,,9.0,42.0,25.5,0.0,0.0,0.0,0.068875,0.0,1.0,0.0,Tier_3,Other,2,0.4768815433709609,51675.77,1478.7,6270.56,4770.44,14356.56,7286.65,20507.42,106346.1,12397.5,61256.4,24477.8,0.136,210548.38,0.0,0.0,25958.97,67,0.2441,0.0,0.0,0.0,2947.82,0,0,0.0,0.0,62581.1,15102.65,32774.03,0
146340,F,56.0766598220397,0,1.0,Single / not married,Secondary / secondary special,House / apartment,N,Y,144000.0,Working,31.457905544147845,Drivers,Transport: type 4,Cash loans,542133.0,29011.5,468000.0,7.0,1.0,6.0,1125360.0,179797.5,0.0,0.0,0.0,0.0,0.0,20.0,219863.745,219863.745,0.0,20.0,0.0,0.0,0.0,1.0,1.0,3.0,2.0,0.0,347854.5,253082.25,10532.0475,0.0,,,,,,,,,,22.0,197.33333333333331,95.16666666666669,0.0,0.0,0.0,0.20146875,1.24859375,0.6666666666666666,0.0,Tier_2,Salaried,1,0.5999214762376046,57455.62,1668.06,0.0,4666.27,8897.3,4644.46,25452.95,102784.66,29011.5,12203.84,6266.57,0.0435,205470.5,0.0,951.81,40776.78,65,0.3967,0.0,0.0,0.0,499.16,1,0,228.96,0.9167,10771.65,11002.3,-11813.53,2
449528,F,59.92607802874743,0,2.0,Married,Secondary / secondary special,House / apartment,N,Y,225000.0,Working,20.331279945242983,Laborers,Industry: type 9,Cash loans,2013840.0,53253.0,1800000.0,9.0,2.0,7.0,1910952.0,539311.5,0.0,0.0,0.0,0.0,0.0,10.0,197996.71500000003,197996.71500000003,1.0,9.0,1.0,1.0,0.0,0.9,1.0,1.0,1.0,0.0,178281.0,178281.0,19807.02,18490.5,,,,,,,,,,11.0,110.0,55.0,0.0,0.0,0.0,0.23668,2.39694,1.0,0.0,Tier_3,Salaried,1,0.5351772473388972,68280.03,1307.29,0.0,4561.19,22619.7,8354.78,11208.75,116331.74,53253.0,55415.26,39311.54,0.1747,1557601.43,0.0,0.0,37778.05,67,0.3247,0.0,0.0,0.0,0.0,0,0,0.0,0.0,50031.45,10834.51,30538.83,0
384119,F,42.98699520876112,0,2.0,Married,Secondary / secondary special,House / apartment,N,N,135000.0,Working,10.989733059548255,,Construction,Cash loans,288994.5,30793.5,274500.0,,,,,,,,,,,48.0,810290.655,699954.075,8.0,40.0,79.0,79.0,-110336.58,0.8333333333333334,0.8638308620256764,11.0,4.0,4.0,2305390.5,991346.625,69217.5375,0.0,0.0,0.0,1012500.0,0.0,0.0,0.0,0.0,0.0,0.0,42.0,576.5,334.5,3.0,31.0,5.0,0.2281,,0.3636363636363636,,Tier_3,Salaried,1,0.640120610268621,49395.79,7138.56,0.0,2838.88,8496.53,6826.74,14726.29,89422.79,30793.5,14783.71,7874.97,0.0583,154268.0,0.0,1253.17,27209.42,31,0.3043,0.0,0.0,0.0,0.0,0,0,0.0,0.0,17614.95,12537.03,302.13,0
419433,M,48.41889117043121,0,2.0,Civil marriage,Secondary / secondary special,House / apartment,N,Y,243000.0,Commercial associate,3.707049965776865,Drivers,Business Entity Type 3,Cash loans,187704.0,12672.0,148500.0,,,,,,,,,,,48.0,664467.975,633579.21,1.0,47.0,5.0,5.0,-30888.765,0.9791666666666666,0.953513538406422,6.0,2.0,1.0,1059421.5,1059421.5,48965.715,0.0,7930969.087499999,8173122.435,8190000.0,731276.28,494325.0,360751.0275,13.557212115384615,0.0,0.0,12.0,179.0,104.5,0.0,0.0,0.0,0.0521481481481481,,0.3333333333333333,,Tier_1,Other,1,0.7249926183483663,89880.87,8952.15,0.0,14087.53,33890.11,18295.67,24540.64,189646.97,12672.0,40681.03,26552.09,0.1093,1030449.93,0.0,2606.34,78273.97,206,0.4127,0.0,0.0,0.0,0.0,0,1,363.75,0.9167,43548.51,23986.42,7374.75,0
439602,F,60.83504449007529,0,2.0,Married,Secondary / secondary special,House / apartment,N,Y,216000.0,Pensioner,,,XNA,Cash loans,1325475.0,59256.0,1125000.0,5.0,3.0,2.0,2705958.0,1075729.5,0.0,0.0,0.0,0.0,0.0,47.0,1736218.665,1725984.315,1.0,46.0,6.0,6.0,-10234.35,0.9787234042553192,0.9941053795778656,20.0,5.0,9.0,8693968.5,5212542.75,335558.0475,116910.0,,,,,,,,,,51.0,648.0,410.6666666666667,0.0,0.0,0.0,0.2743333333333333,4.980229166666667,0.25,0.0,Tier_3,Other,3,0.6897342815251777,85672.7,2944.12,0.0,14341.72,18754.93,11788.61,19431.02,152933.1,59256.0,3810.9,1334.15,0.0062,31817.57,12204.87,0.0,49046.78,74,0.3207,362.26,15851.93,0.0,0.0,0,0,0.0,0.0,4494.4,26413.6,-37278.14,6
325159,M,50.06160164271047,2,4.0,Married,Secondary / secondary special,House / apartment,N,Y,247500.0,Working,6.220396988364135,Drivers,Business Entity Type 3,Cash loans,832977.0,42660.0,684000.0,11.0,7.0,4.0,7392854.609999999,3961083.78,15582.96,0.0,0.0,0.0,0.0,74.0,1885415.49,1826568.45,17.0,57.0,269.0,350.0,-58847.04,0.7702702702702703,0.9687882907973776,14.0,4.0,3.0,3981370.5,3267998.25,167255.5725,2450.25,1356446.0475,1362361.5,1620000.0,150169.5,75093.39,63431.37,10.0477485,0.0,0.0,43.0,608.5,346.8333333333333,10.0,223.0,0.0,0.1723636363636363,16.00437890909091,0.2857142857142857,0.0,Tier_2,Salaried,4,0.633134660178367,77610.31,2866.79,23710.01,13572.41,27215.82,11725.49,14734.5,171435.33,42660.0,33404.67,14909.7,0.0602,169476.88,0.0,0.0,93085.49,107,0.543,3022.58,134714.76,0.0,0.0,1,1,1038.55,0.8333,28874.73,19267.96,-11847.94,1
280468,F,27.630390143737166,1,3.0,Civil marriage,Secondary / secondary special,House / apartment,N,Y,184500.0,Commercial associate,4.440793976728268,,Business Entity Type 3,Cash loans,96786.0,10552.5,85500.0,7.0,6.0,1.0,695642.265,367209.0,0.0,0.0,0.0,0.0,0.0,76.0,924278.13,924278.13,0.0,76.0,0.0,0.0,0.0,1.0,1.0,4.0,4.0,0.0,671328.0,549432.0,30268.08,6905.7,5191744.56,5744104.695,7582500.0,905628.51,395329.05,228888.39,13.244461933333334,0.0,0.0,21.0,419.0,342.5,0.0,0.0,0.0,0.0571951219512195,1.9902926829268293,1.0,0.0,Tier_1,Other,3,0.831676575287492,108972.34,2742.27,10471.78,8711.76,16943.08,5603.09,12753.95,166198.27,10552.5,7749.23,3120.32,0.0169,60335.58,0.0,0.0,106385.82,65,0.6401,0.0,0.0,0.0,0.0,1,0,348.02,1.0,-931.58,24660.29,-66484.79,5
334131,F,38.38740588637919,1,3.0,Married,Secondary / secondary special,House / apartment,Y,Y,180000.0,Commercial associate,,Sales staff,Self-employed,Cash loans,533668.5,39186.0,477000.0,,,,,,,,,,,10.0,127061.46,127061.46,0.0,10.0,0.0,0.0,0.0,1.0,1.0,3.0,2.0,0.0,452106.0,452106.0,49636.89,0.0,,,,,,,,,,12.0,96.0,55.5,0.0,0.0,0.0,0.2177,,0.6666666666666666,,Tier_1,Other,2,0.7700803410418436,80184.11,3218.37,12660.53,15217.14,19910.62,7423.69,7281.14,145895.6,39186.0,0.0,0.0,0.0,0.0,0.0,0.0,80365.63,50,0.5508,0.0,0.0,0.0,0.0,1,0,203.71,0.9167,-9772.76,18958.23,-57497.56,7
146205,M,56.27104722792608,1,3.0,Married,Higher education,House / apartment,N,Y,157500.0,Commercial associate,,,Business Entity Type 3,Cash loans,473760.0,50400.0,450000.0,10.0,5.0,5.0,1633198.5,338692.5,441450.0,0.0,0.0,0.0,0.0,4.0,20032.65,20032.65,0.0,4.0,0.0,0.0,0.0,1.0,1.0,2.0,1.0,0.0,41895.0,41895.0,3432.015,13500.0,,,,,,,,,,5.0,20.0,10.0,0.0,0.0,0.0,0.32,2.150428571428572,0.5,0.0,Tier_2,Other,3,0.6290855027600408,68204.37,1039.13,6023.78,8334.56,10856.5,4622.61,21538.66,120619.61,50400.0,0.0,0.0,0.0,0.0,0.0,0.0,72799.76,188,0.6035,0.0,0.0,0.0,0.0,0,0,0.0,0.0,-18032.26,26408.42,-71247.44,9
163279,F,44.22450376454484,0,2.0,Married,Secondary / secondary special,House / apartment,N,Y,90000.0,Commercial associate,,Sales staff,Self-employed,Cash loans,805536.0,32076.0,720000.0,,,,,,,,,,,18.0,452044.755,452044.755,0.0,18.0,0.0,0.0,0.0,1.0,1.0,4.0,2.0,1.0,398592.0,262147.5,55230.39,13284.0,,,,,,,,,,22.0,177.0,81.5,1.0,52.0,52.0,0.3564,,0.5,,Tier_2,Other,3,0.7230914756688008,42434.72,1103.23,0.0,5975.4,6362.05,6904.01,4958.75,67738.16,32076.0,0.0,0.0,0.0,0.0,0.0,0.0,20052.42,44,0.296,0.0,0.0,0.0,0.0,0,0,0.0,0.0,-7839.94,9445.33,-22171.67,9
258134,F,34.8145106091718,2,4.0,Married,Secondary / secondary special,Rented apartment,N,Y,135000.0,Working,7.649555099247091,,Industry: type 5,Cash loans,284400.0,22599.0,225000.0,6.0,2.0,4.0,3127212.0,1397097.0,743.22,0.0,0.0,0.0,0.0,15.0,888123.78,888123.78,0.0,15.0,0.0,0.0,0.0,1.0,1.0,10.0,2.0,6.0,4726120.5,2284607.25,147684.71250000002,0.0,,,,,,,,,,18.0,320.0,245.0,0.0,0.0,0.0,0.1674,10.348866666666666,0.2,0.0,Tier_3,Salaried,4,0.5438963691579548,54484.77,1003.45,2706.26,4608.96,6825.02,3797.55,8972.4,82398.41,22599.0,30002.59,9293.31,0.0688,138432.3,0.0,629.59,24730.34,46,0.3001,0.0,0.0,0.0,687.56,0,0,0.0,0.0,29255.0,7621.05,14245.18,0
366054,F,48.63244353182751,0,2.0,Married,Higher education,House / apartment,N,Y,180000.0,Commercial associate,4.010951403148528,Managers,Other,Revolving loans,360000.0,18000.0,360000.0,9.0,1.0,8.0,980546.535,35217.0,99779.895,0.0,0.0,0.0,0.0,48.0,563314.1849999999,522906.21,9.0,39.0,25.5,27.0,-40407.975,0.8125,0.9282674285931573,14.0,7.0,0.0,1030378.5,629959.5,71088.705,11553.75,0.0,0.0,937500.0,0.0,0.0,0.0,0.0,0.0,0.0,46.0,388.1666666666667,211.33333333333331,0.0,0.0,0.0,0.1,0.19565,0.5,0.0,Tier_1,Other,2,0.7137610606817473,56403.18,3750.68,0.0,26905.53,21563.4,8060.49,21749.94,138433.22,18000.0,23566.78,13567.26,0.0754,88165.03,33352.58,2284.54,91327.1,214,0.6597,3984.72,112478.06,0.0,959.71,0,0,0.0,0.0,23588.67,16732.43,-8158.6,2
100700,F,47.4798083504449,0,2.0,Married,Higher education,House / apartment,N,N,157500.0,Commercial associate,5.620807665982204,Sales staff,Self-employed,Cash loans,526491.0,31482.0,454500.0,3.0,1.0,2.0,437890.5,333436.5,4063.5,0.0,0.0,0.0,0.0,17.0,1522757.61,1522757.61,1.0,16.0,1.0,1.0,0.0,0.9411764705882352,1.0,2.0,2.0,0.0,1348281.0,1348281.0,50723.415,16191.0,,,,,,,,,,20.0,427.5,335.5,0.0,0.0,0.0,0.1998857142857142,2.117057142857143,1.0,0.0,Tier_1,Other,2,0.8162482969664623,82904.1,9103.56,0.0,6623.94,13210.85,9309.77,11116.15,132268.37,31482.0,0.0,0.0,0.0,0.0,0.0,0.0,85343.22,215,0.6452,0.0,0.0,0.0,0.0,0,0,0.0,0.0,-2139.43,16141.93,-28431.07,8
153143,M,49.74401095140315,1,3.0,Married,Secondary / secondary special,Municipal apartment,Y,N,72000.0,Commercial associate,8.588637919233403,Drivers,Business Entity Type 3,Cash loans,675000.0,49117.5,675000.0,,,,,,,,,,,15.0,107792.19,86217.435,4.0,11.0,63.0,63.0,-21574.755,0.7333333333333333,0.7998486253967008,1.0,1.0,0.0,60871.5,60871.5,7191.585,5400.0,,,,,,,,,,13.0,144.0,67.0,3.0,40.0,10.0,0.6821875,,1.0,,Tier_3,Other,2,0.7508221546891283,31993.68,3918.08,5228.3,4924.03,3978.48,4016.63,3848.7,57907.9,36000.0,0.0,0.0,0.0,0.0,0.0,0.0,14637.57,52,0.2528,0.0,0.0,0.0,0.0,1,1,312.68,0.75,-19917.69,8114.13,-33054.72,12
336100,F,59.31279945242984,0,2.0,Married,Higher education,House / apartment,N,Y,202500.0,Working,19.37577002053388,Core staff,Kindergarten,Cash loans,1800000.0,62698.5,1800000.0,9.0,2.0,7.0,2903728.5,261738.0,0.0,0.0,0.0,0.0,0.0,16.0,147554.865,110654.865,4.0,12.0,92.0,92.0,-36900.0,0.75,0.7499235284448262,1.0,1.0,0.0,92250.0,92250.0,9225.0,27000.0,,,,,,,,,,13.0,144.0,71.5,4.0,20.0,0.0,0.3096222222222222,1.292533333333333,1.0,0.0,Tier_2,Salaried,2,0.6086001440724741,70192.06,2767.98,0.0,3562.79,17961.78,7098.0,12637.63,114220.24,62698.5,25581.26,8604.89,0.0425,237709.0,0.0,0.0,39272.86,59,0.3438,0.0,0.0,0.0,0.0,0,0,0.0,0.0,22617.88,9893.47,6379.8,0
116879,F,39.1895961670089,1,3.0,Married,Secondary / secondary special,House / apartment,N,Y,112500.0,Working,7.800136892539356,Sales staff,Restaurant,Cash loans,539100.0,22837.5,450000.0,1.0,1.0,0.0,4.5,0.0,0.0,0.0,0.0,0.0,0.0,11.0,416031.93,798531.9299999999,0.0,11.0,0.0,0.0,382500.0,1.0,1.9194005854310268,1.0,1.0,0.0,396000.0,396000.0,36962.64,0.0,,,,,,,,,,7.0,78.0,57.0,0.0,0.0,0.0,0.203,0.0,1.0,0.0,Tier_1,Salaried,3,0.7895246836553157,53143.43,4423.81,4706.55,9120.21,9426.01,8001.52,10059.08,98880.61,22837.5,0.0,0.0,0.0,0.0,0.0,0.0,57386.38,96,0.5804,0.0,0.0,0.0,0.0,1,0,215.47,0.9167,-10331.62,9618.58,-22913.9,11
175109,F,65.37987679671458,0,1.0,Widow,Lower secondary,House / apartment,N,Y,81000.0,Pensioner,,,XNA,Cash loans,247275.0,19953.0,225000.0,4.0,1.0,3.0,697500.0,94522.5,0.0,0.0,0.0,0.0,0.0,10.0,27493.245000000003,27493.245000000003,1.0,9.0,3.0,3.0,0.0,0.9,1.0,1.0,1.0,0.0,22275.0,22275.0,2748.735,2290.5,,,,,,,,,,11.0,110.0,55.0,0.0,0.0,0.0,0.2463333333333333,1.1669444444444443,1.0,0.0,Tier_2,Other,1,0.7043281759710349,30597.4,1345.01,0.0,9875.62,6164.76,4235.32,6410.17,58628.28,19953.0,2418.72,832.58,0.0103,10916.56,0.0,0.0,20317.22,42,0.3465,0.0,0.0,0.0,0.0,1,0,197.54,1.0,118.01,10792.19,-15739.69,7
163784,F,59.096509240246405,0,2.0,Married,Higher education,House / apartment,N,Y,272250.0,Pensioner,,,XNA,Cash loans,1312110.0,55723.5,1125000.0,3.0,2.0,1.0,2376000.0,1206247.5,0.0,0.0,0.0,0.0,0.0,17.0,587907.585,911381.445,0.0,17.0,0.0,0.0,323473.86,1.0,1.550212088180492,2.0,1.0,0.0,489379.5,489379.5,34550.19,0.0,,,,,,,,,,14.0,210.0,140.5,0.0,0.0,0.0,0.2046776859504132,4.430661157024794,0.5,0.0,Tier_1,Other,2,0.6105790012669581,99550.79,10622.24,0.0,6735.23,23494.31,12813.76,21747.77,174964.1,55723.5,41562.4,16848.9,0.0619,62739.16,0.0,0.0,70900.37,212,0.4052,3358.25,176778.26,0.0,0.0,0,0,0.0,0.0,66723.18,23456.09,32251.28,0
200680,M,26.90759753593429,0,2.0,Civil marriage,Higher education,House / apartment,Y,Y,157500.0,Working,4.577686516084873,Laborers,Business Entity Type 3,Cash loans,286704.0,18450.0,247500.0,7.0,3.0,4.0,2088968.58,841234.5,135931.005,0.0,0.0,0.0,0.0,12.0,80140.275,80140.275,0.0,12.0,0.0,0.0,0.0,1.0,1.0,1.0,1.0,0.0,71550.0,71550.0,6678.495,0.0,,,,,,,,,,13.0,144.0,69.5,0.0,0.0,0.0,0.1171428571428571,5.341171428571428,1.0,0.0,Tier_2,Salaried,2,0.6716984592641566,67738.63,1724.1,0.0,10496.07,9284.11,5544.87,11144.5,105932.28,18450.0,33117.72,18917.72,0.1201,500308.84,180896.53,0.0,38461.09,51,0.3631,0.0,0.0,0.0,0.0,1,0,204.75,0.9167,35275.44,13978.19,12914.79,0
262938,M,45.08418891170431,0,2.0,Married,Higher education,House / apartment,N,Y,225000.0,Working,2.754277891854894,,Business Entity Type 3,Cash loans,94230.0,4810.5,67500.0,3.0,3.0,0.0,2172600.0,1022467.5,5340.375,0.0,0.0,0.0,0.0,122.0,2385719.73,2350243.08,2.0,120.0,5.0,5.0,-35476.65,0.9836065573770492,0.9851295818390202,9.0,5.0,2.0,3716977.5,3131655.75,127006.1325,0.0,3168059.235,3612423.645,7462500.0,520650.0,708722.235,136412.69625,7.970728383333333,0.0,0.0,67.0,1396.9166666666667,1024.6666666666667,0.0,0.0,0.0,0.02138,4.5443,0.5555555555555556,0.0,Tier_1,Salaried,2,0.7853420761681822,89479.38,4029.8,0.0,23878.4,37567.02,10829.37,6583.67,172367.64,4810.5,47821.86,16501.84,0.0733,528643.85,169780.04,0.0,104985.77,200,0.6091,2008.84,121628.59,0.0,0.0,0,1,547.85,1.0,43025.21,24053.03,-12977.1,1
173786,F,28.45722108145106,0,1.0,Single / not married,Secondary / secondary special,House / apartment,N,Y,135000.0,Commercial associate,,Sales staff,Trade: type 7,Cash loans,254700.0,28867.5,225000.0,2.0,1.0,1.0,258988.32,129942.9,18030.6,0.0,0.0,0.0,0.0,16.0,197545.275,244059.3,4.0,12.0,224.0,224.0,46514.025,0.75,1.2354600736464083,3.0,2.0,1.0,257701.5,257701.5,29325.42,18580.5,,,,,,,,,,15.0,106.0,67.5,3.0,113.0,0.0,0.2138333333333333,0.96254,0.6666666666666666,0.0,Tier_3,Other,1,0.6102980710053716,56935.66,1424.44,0.0,3974.38,8400.45,5770.03,18096.15,94601.11,28867.5,11531.39,6737.55,0.0499,41784.69,0.0,0.0,36982.1,155,0.3909,0.0,0.0,0.0,0.0,0,0,0.0,0.0,9167.38,15842.0,-17164.54,3
322317,M,48.18069815195072,1,3.0,Married,Secondary / secondary special,House / apartment,Y,Y,135000.0,State servant,17.14715947980835,Laborers,Government,Cash loans,547344.0,29821.5,472500.0,,,,,,,,,,,17.0,142781.13,142781.13,0.0,17.0,0.0,0.0,0.0,1.0,1.0,2.0,1.0,1.0,485743.5,485743.5,25749.18,0.0,,,,,,,,,,17.0,312.0,224.0,0.0,0.0,0.0,0.2209,,0.5,,Tier_2,Salaried,3,0.6953350262298241,70729.67,865.97,7017.1,4324.74,5997.12,4935.61,12168.47,106038.68,29821.5,0.0,0.0,0.0,0.0,0.0,0.0,33830.43,84,0.319,0.0,0.0,0.0,0.0,1,0,193.46,1.0,-59.42,13984.59,-23650.88,7
440385,F,47.657768651608485,0,2.0,Married,Higher education,House / apartment,N,Y,126000.0,Commercial associate,,Laborers,Trade: type 2,Cash loans,936000.0,25870.5,936000.0,5.0,2.0,3.0,926217.0,0.0,0.0,0.0,0.0,0.0,1.0,122.0,1488257.325,1572977.205,2.0,120.0,3.0,3.0,84719.88,0.9836065573770492,1.0569255588915043,5.0,3.0,1.0,1348362.0,899181.0,29998.4625,0.0,1615101.27975,1782950.175,2160000.0,517347.135,634185.99,97641.72,17.945569775,0.0,0.0,45.0,768.0,425.8,0.0,0.0,0.0,0.2053214285714285,0.0,0.6,0.0,Tier_1,Other,2,0.7489806679263746,49130.88,4506.41,0.0,13525.01,13523.84,7247.6,4156.98,92090.72,25870.5,8038.78,2853.92,0.0227,145498.33,18437.84,0.0,48917.04,247,0.5312,0.0,0.0,0.0,0.0,0,1,195.93,0.75,3296.67,18000.05,-19558.48,5
339248,F,36.7501711156742,0,1.0,Single / not married,Higher education,House / apartment,N,Y,225000.0,Commercial associate,,IT staff,Transport: type 4,Cash loans,386977.5,24858.0,319500.0,2.0,1.0,1.0,1412905.5,0.0,0.0,0.0,0.0,0.0,0.0,7.0,125470.215,125470.215,0.0,7.0,0.0,0.0,0.0,1.0,1.0,1.0,1.0,0.0,101772.0,101772.0,15779.745,40725.0,,,,,,,,,,9.0,70.0,38.0,0.0,0.0,0.0,0.11048,0.0,1.0,0.0,Tier_2,Other,1,0.6349383926388135,71280.0,1963.0,0.0,14101.97,26140.38,14930.49,22823.49,151239.33,24858.0,48902.67,22716.4,0.101,383178.32,39663.76,0.0,58208.67,120,0.3849,0.0,0.0,0.0,0.0,0,1,558.07,0.9167,43530.41,17679.59,18015.11,0
214193,F,30.72142368240931,2,4.0,Married,Higher education,House / apartment,N,Y,157500.0,Commercial associate,11.619438740588638,Laborers,Transport: type 2,Cash loans,383760.0,40297.5,360000.0,5.0,0.0,5.0,7995141.0,0.0,0.0,0.0,0.0,0.0,0.0,19.0,223117.47,223117.47,2.0,17.0,13.0,13.0,0.0,0.8947368421052632,1.0,3.0,2.0,1.0,482184.0,383220.0,65068.29,0.0,,,,,,,,,,20.0,186.0,114.66666666666669,1.0,1.0,1.0,0.2558571428571428,0.0,0.6666666666666666,0.0,Tier_2,Other,4,0.6816341534592201,71112.67,929.07,6115.38,8480.8,12134.78,8584.67,6402.55,113759.92,40297.5,3442.58,1416.9,0.009,2783.91,0.0,0.0,56189.59,181,0.4939,125.6,399.96,0.0,0.0,1,0,282.69,1.0,8218.09,19824.01,-17390.64,6
180034,F,66.48323066392882,0,1.0,Single / not married,Lower secondary,House / apartment,N,Y,90000.0,Pensioner,,,XNA,Cash loans,225000.0,12915.0,225000.0,3.0,2.0,1.0,842629.59,673039.7999999999,0.0,0.0,0.0,0.0,0.0,4.0,75186.405,115693.38,0.0,4.0,0.0,0.0,40506.975,1.0,1.5387539808559807,2.0,2.0,0.0,71635.5,71635.5,13719.195,13410.0,,,,,,,,,,6.0,23.0,17.0,0.0,0.0,0.0,0.1435,7.478219999999999,1.0,0.0,Tier_2,Other,2,0.7747075726586717,40793.2,1886.41,0.0,6633.22,6838.32,8886.26,4586.34,69623.75,12915.0,7461.25,5829.01,0.0648,100402.37,0.0,0.0,34645.65,80,0.4976,0.0,0.0,0.0,0.0,0,0,0.0,0.0,5971.93,12657.3,-8792.56,5
441812,F,32.62696783025325,0,2.0,Married,Higher education,House / apartment,N,N,247500.0,Working,11.2580424366872,Medicine staff,Medicine,Cash loans,337500.0,12852.0,337500.0,5.0,4.0,1.0,1351237.455,995553.0,19193.31,0.0,0.0,0.0,0.0,31.0,1334439.99,2054439.99,0.0,31.0,0.0,0.0,720000.0,1.0,1.5395521757407764,11.0,4.0,1.0,1699240.5,1234629.0,61158.06,4050.0,0.0,0.0,6480000.0,0.0,0.0,0.0,0.0,0.0,0.0,32.0,969.1666666666666,797.0,0.0,0.0,0.0,0.0519272727272727,4.022436363636364,0.3636363636363636,0.0,Tier_1,Salaried,2,0.6736778407428052,91800.14,21123.28,0.0,5386.49,16695.44,9511.68,9623.42,154140.45,12852.0,80507.55,45791.88,0.185,840642.9,168206.85,7225.13,53290.06,133,0.3457,0.0,0.0,4744.34,0.0,1,0,582.61,0.8333,82273.09,18347.8,65157.03,0
431699,M,61.50855578370979,0,2.0,Married,Secondary / secondary special,House / apartment,Y,Y,202500.0,Commercial associate,8.290212183436003,Laborers,Other,Cash loans,2013840.0,53253.0,1800000.0,12.0,2.0,10.0,5073111.0,637492.5,0.0,0.0,0.0,0.0,0.0,43.0,833511.105,800095.545,2.0,41.0,24.0,24.0,-33415.56,0.9534883720930232,0.9599098802648828,8.0,4.0,0.0,2840296.5,1666977.75,79694.775,16560.0,,,,,,,,,,44.0,489.1666666666667,250.83333333333331,0.0,0.0,0.0,0.2629777777777777,3.148111111111111,0.5,0.0,Tier_3,Other,2,0.5202569945782409,65549.02,1757.85,0.0,10027.91,12645.78,8149.74,34157.6,132287.9,53253.0,16959.1,11401.62,0.0563,310614.53,41143.6,1135.93,47462.45,119,0.3588,0.0,0.0,1178.29,0.0,1,0,232.56,1.0,12172.28,21630.07,-18993.17,5
218711,F,54.1409993155373,0,2.0,Married,Lower secondary,House / apartment,N,N,67500.0,Pensioner,,,XNA,Cash loans,312768.0,12204.0,270000.0,1.0,1.0,0.0,301500.0,269923.5,0.0,0.0,0.0,0.0,0.0,,,,,,,,,,,,,,,,,,,,,,,,,,,,,,,,,0.1808,3.998866666666667,,0.0,Tier_1,Other,2,0.8086630112409459,21349.04,9718.61,0.0,7109.54,6811.15,4249.72,5284.71,54522.77,12204.0,773.23,264.66,0.0039,6158.15,0.0,0.0,26953.7,87,0.4944,0.0,0.0,0.0,30.05,1,0,92.25,0.8333,2213.81,5910.77,-4555.14,5
427306,F,45.738535249828885,0,2.0,Married,Higher education,House / apartment,N,Y,144000.0,Working,,Core staff,School,Cash loans,942300.0,36643.5,675000.0,6.0,6.0,0.0,1991196.0,1450872.0,0.0,0.0,0.0,0.0,0.0,26.0,864530.505,824282.775,7.0,19.0,7.0,10.0,-40247.73000000001,0.7307692307692307,0.9534455640752664,10.0,3.0,7.0,1003860.0,854010.0,74162.25,1795.5,,,,,,,,,,28.0,428.0,328.5,0.0,0.0,0.0,0.25446875,10.0755,0.3,0.0,Tier_1,Salaried,2,0.702850616539879,53734.43,3421.55,0.0,6983.22,17508.61,6370.07,8365.29,96383.17,36643.5,10973.33,5869.02,0.0408,139467.39,0.0,0.0,61303.1,87,0.636,818.22,46121.54,0.0,0.0,0,1,353.54,0.9167,12522.71,9928.7,573.96,0
239409,M,34.93223819301848,1,3.0,Married,Higher education,House / apartment,Y,Y,360000.0,Commercial associate,,Managers,Business Entity Type 1,Cash loans,675000.0,76473.0,675000.0,13.0,6.0,7.0,4839736.5,600853.5,222.885,16222.5,6.0,1.0,0.0,112.0,105670.84500000002,72297.675,7.0,105.0,173.0,173.0,-33373.170000000006,0.9375,0.6841780720121997,3.0,2.0,0.0,108589.5,108589.5,16702.335,4050.0,1207.3527857142858,4888.8,1241357.142857143,0.0,4752.0,1169.0776071428572,0.0125304444444444,34.0,1.0,14.0,76.0,32.0,4.0,151.0,2.0,0.212425,1.6690375,0.6666666666666666,0.0033519386850916,Tier_2,Other,3,0.652757703018361,115146.01,10240.75,19265.61,36608.77,38177.85,15553.78,15906.36,250899.13,76473.0,32627.87,20012.95,0.0556,415360.65,0.0,0.0,107744.56,412,0.4294,0.0,0.0,2003.18,0.0,0,0,0.0,0.0,42774.03,40274.66,-23598.02,3
284070,M,36.74743326488706,2,3.0,Separated,Secondary / secondary special,House / apartment,N,Y,360000.0,State servant,10.743326488706366,Laborers,Military,Cash loans,331920.0,17077.5,225000.0,8.0,3.0,5.0,8736522.165,1269769.5,0.0,0.0,0.0,0.0,0.0,17.0,514754.235,510700.545,1.0,16.0,7.0,7.0,-4053.69,0.9411764705882352,0.9921249992241444,4.0,4.0,0.0,454756.5,454756.5,38400.525,4504.14,0.0,0.0,945000.0,0.0,0.0,0.0,0.0,0.0,0.0,23.0,189.5,146.5,1.0,5.0,5.0,0.0474375,3.5271375,1.0,0.0,Tier_2,Salaried,3,0.7085372771427629,130254.48,5522.19,43213.95,20852.76,36424.62,18805.42,22252.49,277325.91,17077.5,65596.59,23374.07,0.0649,723876.07,0.0,0.0,156220.1,427,0.5633,5191.21,284973.85,0.0,1509.69,1,1,798.23,0.9167,51410.94,40144.05,-35503.66,1
393314,F,40.59137577002053,1,3.0,Married,Secondary / secondary special,House / apartment,N,Y,225000.0,Working,,Private service staff,Services,Cash loans,354519.0,28552.5,328500.0,3.0,3.0,0.0,1772011.215,1306345.5,0.0,0.0,0.0,0.0,0.0,56.0,1336660.2,1221105.24,12.0,44.0,21.0,22.0,-115554.96,0.7857142857142857,0.913549486997518,7.0,3.0,3.0,2647152.0,1842075.0,115137.5175,0.0,,,,,,,,,,52.0,832.5,542.3333333333334,2.0,2.0,2.0,0.1269,5.80598,0.4285714285714285,0.0,Tier_3,Salaried,3,0.5685866537206494,69907.33,2242.33,10200.46,6195.86,18372.43,21013.6,27201.07,155133.08,28552.5,41314.42,24844.54,0.1104,572704.72,0.0,3076.57,77781.32,237,0.5014,7328.82,252431.31,0.0,2412.53,1,0,337.5,1.0,36620.07,16411.99,10727.05,0
394061,F,59.630390143737166,0,2.0,Married,Secondary / secondary special,House / apartment,N,Y,112500.0,Working,38.03148528405202,High skill tech staff,Business Entity Type 2,Cash loans,102429.0,7411.5,85500.0,5.0,1.0,4.0,888367.5,0.0,0.0,0.0,0.0,0.0,0.0,123.0,2743489.71,2743489.71,0.0,123.0,0.0,0.0,0.0,1.0,1.0,10.0,7.0,3.0,3855208.5,3147707.25,162347.33250000002,15120.0,307293.6675,425669.31,4050000.0,592649.82,433793.925,28303.095,1.1381246944444443,0.0,0.0,73.0,1062.5,737.3333333333334,0.0,0.0,0.0,0.06588,0.0,0.7,0.0,Tier_1,Salaried,2,0.645375208135618,44651.86,1862.4,0.0,4355.63,11700.85,7256.06,5439.97,75266.77,7411.5,29821.73,14129.36,0.1256,431511.63,0.0,0.0,31857.01,45,0.4233,0.0,0.0,0.0,1639.85,0,0,0.0,0.0,29826.99,9446.57,11258.37,0
132522,M,27.65776865160849,0,2.0,Married,Secondary / secondary special,House / apartment,Y,N,225000.0,Working,,Laborers,Business Entity Type 3,Cash loans,545040.0,26640.0,450000.0,5.0,3.0,2.0,1299613.5,39991.5,0.0,0.0,0.0,0.0,0.0,24.0,238852.53,238852.53,0.0,24.0,0.0,0.0,0.0,1.0,1.0,2.0,1.0,0.0,272934.0,272934.0,9966.06,0.0,,,,,,,,,,25.0,432.0,230.66666666666663,0.0,0.0,0.0,0.1184,0.17774,0.5,0.0,Tier_3,Salaried,1,0.4617120041499281,63536.11,9212.04,0.0,6736.55,10552.92,8600.69,13165.41,111803.72,26640.0,86556.28,40170.43,0.1785,1278990.1,430940.85,0.0,38982.0,71,0.3487,0.0,0.0,0.0,0.0,0,0,0.0,0.0,81883.77,13093.27,47663.1,0
343634,F,50.39835728952772,0,1.0,Widow,Secondary / secondary special,House / apartment,N,Y,112500.0,State servant,18.55441478439425,Core staff,School,Cash loans,386977.5,14719.5,319500.0,4.0,4.0,0.0,608400.0,4.5,0.0,0.0,0.0,0.0,0.0,23.0,257819.715,257819.715,0.0,23.0,0.0,0.0,0.0,1.0,1.0,6.0,2.0,2.0,1427184.0,976932.0,40218.615000000005,0.0,,,,,,,,,,24.0,623.0,520.5,0.0,0.0,0.0,0.13084,4e-05,0.3333333333333333,0.0,Tier_2,Salaried,2,0.6050846097014533,45316.89,1613.04,0.0,6967.71,8269.48,3949.99,12757.71,78874.82,14719.5,18905.68,7285.76,0.0648,229248.84,0.0,0.0,26673.67,122,0.3382,0.0,0.0,599.0,0.0,0,0,0.0,0.0,19469.29,6447.84,4726.27,0
217726,F,58.03422313483915,0,2.0,Married,Incomplete higher,House / apartment,N,Y,67500.0,Pensioner,,,XNA,Cash loans,472500.0,25299.0,472500.0,8.0,0.0,8.0,713555.28,0.0,0.0,0.0,0.0,0.0,0.0,53.0,1488003.165,1973114.37,0.0,53.0,0.0,0.0,485111.205,1.0,1.3260149013191112,7.0,3.0,0.0,2130718.5,2130718.5,66903.885,0.0,,,,,,,,,,49.0,1316.0,850.0,0.0,0.0,0.0,0.3748,0.0,0.4285714285714285,0.0,Tier_3,Other,1,0.6166065428763828,26197.57,489.16,0.0,2189.9,5153.02,2056.54,2404.57,38490.76,25299.0,3710.24,2486.95,0.0368,88804.82,0.0,0.0,20028.71,40,0.5204,305.45,6049.2,140.21,0.0,0,0,0.0,0.0,6391.67,7988.75,-6174.58,3
409307,M,30.92950034223135,0,2.0,Married,Higher education,House / apartment,Y,Y,144900.0,Commercial associate,3.802874743326489,Sales staff,Trade: type 7,Cash loans,1161000.0,33921.0,1161000.0,,,,,,,,,,,,,,,,,,,,,,,,,,,,,,,,,,,,,,,,,,,0.2340993788819876,,,,Tier_1,Other,2,0.7873545735778575,52324.33,3839.32,0.0,6900.2,32952.64,5185.95,7183.62,108386.06,33921.0,2592.94,1147.74,0.0079,24290.41,0.0,0.0,65242.84,224,0.6019,0.0,0.0,0.0,0.0,0,0,0.0,0.0,-2073.79,11790.22,-20575.64,5
143686,M,32.53388090349076,0,2.0,Married,Higher education,House / apartment,Y,N,135000.0,Working,3.3319644079397674,,Construction,Cash loans,135000.0,14539.5,135000.0,9.0,3.0,5.0,6198714.0,3539871.0,13500.0,0.0,0.0,0.0,0.0,5.0,99155.61,99155.61,0.0,5.0,0.0,0.0,0.0,1.0,1.0,1.0,1.0,0.0,91728.0,91728.0,19831.59,22027.5,,,,,,,,,,7.0,35.0,15.0,0.0,0.0,0.0,0.1077,26.221266666666665,1.0,0.0,Tier_2,Salaried,2,0.5901940256375017,57843.35,4502.8,0.0,1822.43,4001.56,2690.1,8246.7,79106.94,14539.5,41353.56,13498.52,0.1,159289.1,60036.24,0.0,18129.55,27,0.2292,2536.04,66767.08,1766.85,0.0,1,0,197.56,0.9167,39558.51,11745.07,23212.23,0
225049,F,60.88432580424367,0,2.0,Married,Secondary / secondary special,House / apartment,Y,N,86850.0,Pensioner,,,XNA,Cash loans,942300.0,27549.0,675000.0,10.0,4.0,5.0,964214.685,348852.645,806.805,0.0,0.0,0.0,0.0,35.0,231333.39,165279.825,11.0,24.0,301.0,318.0,-66053.565,0.6857142857142857,0.714465927292208,3.0,3.0,0.0,130131.0,130131.0,16441.245000000003,46953.0,,,,,,,,,,37.0,320.0,133.0,9.0,554.0,0.0,0.3172020725388601,4.016725906735752,1.0,0.0,Tier_3,Other,1,0.6278012916137413,35926.42,5181.93,0.0,4030.43,4424.32,2769.22,9885.93,62218.25,27549.0,0.0,0.0,0.0,0.0,0.0,0.0,29804.36,71,0.479,0.0,0.0,0.0,0.0,0,0,0.0,0.0,-3476.29,11414.68,-34131.68,6
314956,F,57.31143052703628,0,1.0,Widow,Secondary / secondary special,Municipal apartment,N,N,90000.0,Pensioner,,,XNA,Cash loans,113760.0,6660.0,90000.0,4.0,3.0,1.0,285669.0,97735.5,0.0,0.0,0.0,0.0,0.0,51.0,360148.815,322373.07,11.0,40.0,30.5,33.0,-37775.745,0.7843137254901961,0.8951107336004979,5.0,3.0,2.0,330174.0,330174.0,27683.55,0.0,,,,,,,,,,47.0,652.0,397.8333333333333,0.0,0.0,0.0,0.074,1.08595,0.6,0.0,Tier_3,Other,1,0.6498823197904688,34197.65,6355.99,0.0,4115.03,4084.72,4361.02,9930.35,63044.76,6660.0,20295.24,8935.7,0.0993,147366.92,17893.19,1235.4,28245.78,27,0.448,0.0,0.0,0.0,0.0,1,0,85.94,1.0,16690.55,5639.27,6534.39,0
273575,F,32.2984257357974,0,2.0,Married,Secondary / secondary special,House / apartment,Y,Y,81000.0,Working,,Sales staff,Trade: type 3,Cash loans,479974.5,19678.5,364500.0,2.0,0.0,2.0,96480.0,0.0,0.0,0.0,0.0,0.0,0.0,49.0,423135.405,426343.23,1.0,48.0,5.0,5.0,3207.824999999997,0.979591836734694,1.0075810838849564,6.0,5.0,0.0,364927.5,319927.5,45155.745,2835.0,,,,,,,,,,52.0,375.5,197.5,0.0,0.0,0.0,0.2429444444444444,0.0,0.8333333333333334,0.0,Tier_2,Salaried,1,0.6081585727373326,30442.75,838.71,0.0,5821.22,4342.68,2821.66,11040.69,55307.71,19678.5,6013.79,1537.56,0.019,48072.22,7965.95,0.0,19227.38,127,0.3476,396.59,19647.68,195.71,0.0,0,0,0.0,0.0,4772.16,8536.17,-13060.32,3
101493,M,42.02874743326489,0,2.0,Married,Secondary / secondary special,House / apartment,Y,Y,315000.0,Working,5.169062286105407,Drivers,Business Entity Type 3,Cash loans,1078200.0,34911.0,900000.0,3.0,1.0,2.0,4244391.0,1215715.5,0.0,0.0,0.0,0.0,0.0,34.0,342764.01,332671.09500000003,1.0,33.0,23.0,23.0,-10092.915000000005,0.9705882352941176,0.9705543327025496,4.0,3.0,0.0,403713.0,403713.0,32938.69500000001,27000.0,,,,,,,,,,35.0,726.0,442.5,0.0,0.0,0.0,0.1108285714285714,3.8594142857142857,0.75,0.0,Tier_3,Salaried,2,0.5718379973533023,111108.71,1706.98,0.0,27080.39,8955.87,8514.63,28735.11,186101.69,34911.0,93987.31,28727.73,0.0912,158258.21,0.0,3667.99,56621.72,118,0.3043,0.0,0.0,0.0,3964.16,1,0,578.43,1.0,90313.41,20115.01,56585.23,0
443743,F,54.03422313483915,0,1.0,Single / not married,Secondary / secondary special,House / apartment,N,Y,112500.0,Commercial associate,10.69678302532512,Sales staff,Self-employed,Cash loans,270000.0,10309.5,270000.0,14.0,2.0,12.0,1933294.5,357943.5,266.895,0.0,0.0,0.0,0.0,71.0,1327986.0450000002,1227869.1,17.0,54.0,62.0,71.0,-100116.94500000002,0.7605633802816901,0.9246099419666718,18.0,6.0,6.0,4367848.5,2440481.625,122749.515,2704.5,0.0,0.0,1147500.0,0.0,0.0,0.0,0.0,0.0,0.0,63.0,913.75,651.4166666666666,2.0,13.0,13.0,0.09164,3.18172,0.3333333333333333,0.0,Tier_3,Other,1,0.691570472876338,49506.78,1342.36,0.0,8375.21,6412.15,5854.77,4308.24,75799.51,10309.5,26390.99,9794.56,0.0871,278948.34,0.0,762.83,30387.42,91,0.4009,0.0,0.0,0.0,0.0,0,0,0.0,0.0,27403.71,11988.89,235.01,0
307453,F,33.98494182067078,2,4.0,Married,Higher education,House / apartment,Y,Y,62541.0,Commercial associate,,Sales staff,Trade: type 3,Cash loans,225000.0,21712.5,225000.0,,,,,,,,,,,,,,,,,,,,,,,,,,,,,,,,,,,,,,,,,,,0.3471722550007195,,,,Tier_2,Other,4,0.6580725609395444,22535.6,713.13,3195.16,2035.44,8537.46,4139.74,4055.08,45211.61,21712.5,0.0,0.0,0.0,0.0,0.0,0.0,12146.84,21,0.2687,0.0,0.0,0.0,0.0,1,0,141.66,0.9167,-5153.45,6504.34,-20303.96,10
225422,M,37.15537303216975,0,1.0,Separated,Secondary / secondary special,House / apartment,N,N,144000.0,Working,,Drivers,Industry: type 3,Cash loans,450000.0,21888.0,450000.0,,,,,,,,,,,13.0,197004.555,197004.555,0.0,13.0,0.0,0.0,0.0,1.0,1.0,6.0,1.0,5.0,1244826.0,1244826.0,83843.01000000001,0.0,,,,,,,,,,14.0,141.0,63.5,0.0,0.0,0.0,0.152,,0.1666666666666666,,Tier_3,Salaried,1,0.5176402932520426,45569.42,6016.68,0.0,4057.28,10760.89,4078.39,21118.7,91601.36,21888.0,30510.64,12526.41,0.087,99343.83,14761.27,0.0,44231.19,82,0.4829,0.0,0.0,0.0,0.0,1,0,171.69,1.0,26971.33,7767.72,11793.3,0
184034,F,54.507871321013006,0,2.0,Married,Secondary / secondary special,House / apartment,N,Y,112500.0,Working,6.95687885010267,Cleaning staff,School,Cash loans,851778.0,24903.0,711000.0,,,,,,,,,,,12.0,171891.495,120616.47,3.0,9.0,13.0,13.0,-51275.02499999999,0.75,0.7017012098242558,2.0,2.0,0.0,105255.0,105255.0,20247.3,15166.35,,,,,,,,,,11.0,50.0,25.0,0.0,0.0,0.0,0.22136,,1.0,,Tier_2,Salaried,3,0.6849988268518753,43378.77,1324.6,0.0,9202.02,14761.87,4364.52,8671.29,81703.07,24903.0,5893.93,2040.79,0.0181,47161.55,17648.9,0.0,32668.61,30,0.3998,0.0,0.0,0.0,207.85,1,0,209.54,0.75,5572.24,10309.49,-20095.9,3
239909,F,43.68240930869268,1,3.0,Married,Secondary / secondary special,House / apartment,N,Y,135000.0,State servant,25.36892539356605,Medicine staff,Medicine,Cash loans,265851.0,20007.0,229500.0,3.0,2.0,1.0,1344145.5,528660.0,0.0,0.0,0.0,0.0,0.0,52.0,574906.1849999999,516055.275,5.0,47.0,15.0,15.0,-58850.91,0.903846153846154,0.897633889605832,4.0,3.0,0.0,1003225.5,879588.0,61495.155,8136.0,91763.19,91763.19,5287500.0,67500.0,74741.175,6145.11,0.1359454666666666,0.0,0.0,28.0,387.5,221.5,0.0,0.0,0.0,0.1482,3.916,0.75,0.0,Tier_2,Salaried,4,0.7293269745932912,65004.61,1868.13,7159.46,5499.62,12846.3,6081.02,9313.28,107772.42,20007.0,7220.58,3861.77,0.0286,85866.04,0.0,0.0,37724.16,147,0.35,0.0,0.0,0.0,0.0,0,1,208.85,0.8333,9142.69,9846.07,-5942.32,3
412647,F,26.99794661190965,0,2.0,Married,Higher education,House / apartment,Y,N,180000.0,Working,3.641341546885695,,Business Entity Type 3,Cash loans,906228.0,42124.5,810000.0,1.0,0.0,1.0,56430.0,0.0,0.0,0.0,0.0,0.0,0.0,12.0,123112.305,123112.305,0.0,12.0,0.0,0.0,0.0,1.0,1.0,2.0,1.0,0.0,163962.0,163962.0,10273.275,45000.0,,,,,,,,,,13.0,144.0,76.5,0.0,0.0,0.0,0.234025,0.0,0.5,0.0,Tier_2,Salaried,2,0.7663912229595675,64351.21,18665.24,0.0,14562.2,14854.41,10547.09,11936.88,134917.03,42124.5,2958.47,1576.07,0.0088,55695.75,0.0,0.0,84433.17,212,0.6258,0.0,0.0,0.0,0.0,0,0,0.0,0.0,4321.1,11578.08,-16335.38,4
139847,F,50.00958247775496,0,2.0,Married,Secondary / secondary special,House / apartment,N,Y,157500.0,Working,11.474332648870636,Sales staff,Business Entity Type 3,Cash loans,1006920.0,42790.5,900000.0,3.0,2.0,1.0,1444086.0,0.0,0.0,0.0,0.0,0.0,0.0,6.0,196168.23,196168.23,0.0,6.0,0.0,0.0,0.0,1.0,1.0,2.0,1.0,0.0,190282.5,190282.5,32696.235,0.0,,,,,,,,,,7.0,42.0,21.0,0.0,0.0,0.0,0.2716857142857143,0.0,0.5,0.0,Tier_3,Salaried,2,0.5978721075949399,63454.24,1127.54,0.0,3167.24,9184.95,7888.76,10919.62,95742.35,42790.5,18967.15,15923.87,0.1011,271007.35,0.0,0.0,58716.63,248,0.6133,0.0,0.0,0.0,0.0,0,0,0.0,0.0,20880.25,12008.03,-3767.35,1
108790,M,22.19849418206708,0,1.0,Single / not married,Secondary / secondary special,With parents,N,N,180000.0,State servant,3.290896646132785,Drivers,Emergency,Cash loans,675000.0,21906.0,675000.0,4.0,1.0,3.0,743422.5,326790.0,0.0,0.0,0.0,0.0,0.0,5.0,50500.89,50500.89,0.0,5.0,0.0,0.0,0.0,1.0,1.0,1.0,1.0,0.0,45346.5,45346.5,8466.21,0.0,,,,,,,,,,6.0,35.0,20.0,0.0,0.0,0.0,0.1217,1.8155,1.0,0.0,Tier_2,Salaried,1,0.6814103297120822,70739.4,11746.69,0.0,9854.94,19432.16,7093.62,11247.89,130114.7,21906.0,27979.3,12618.78,0.0701,41912.02,8401.61,0.0,68434.67,113,0.526,2677.02,122718.72,0.0,0.0,0,0,0.0,0.0,31402.91,10915.02,11508.52,0
265576,M,47.32101300479124,0,2.0,Married,Secondary / secondary special,House / apartment,Y,Y,58500.0,Working,,Security staff,School,Cash loans,323194.5,19660.5,279000.0,1.0,1.0,0.0,144000.0,86265.0,0.0,0.0,0.0,0.0,0.0,13.0,234569.79000000004,216525.96,1.0,12.0,4.0,4.0,-18043.830000000005,0.9230769230769232,0.923076923076923,1.0,1.0,0.0,318402.0,318402.0,18043.83,0.0,,,,,,,,,,12.0,192.0,148.16666666666666,0.0,0.0,0.0,0.336076923076923,1.4746153846153849,1.0,0.0,Tier_1,Salaried,2,0.7263070015964253,22859.4,1386.13,0.0,3749.27,5036.84,3580.41,5369.8,41981.85,19660.5,0.0,0.0,0.0,0.0,0.0,0.0,19400.55,36,0.4621,0.0,0.0,0.0,0.0,0,0,0.0,0.0,-3174.28,4663.08,-14929.28,8
245490,F,36.284736481861735,0,2.0,Married,Secondary / secondary special,House / apartment,N,Y,220500.0,Commercial associate,9.47022587268994,Core staff,Self-employed,Cash loans,1575000.0,54747.0,1575000.0,4.0,1.0,3.0,633100.5,34762.5,0.0,0.0,0.0,0.0,0.0,16.0,191970.36,144004.86,4.0,12.0,231.0,231.0,-47965.5,0.75,0.7501411155347106,2.0,1.0,0.0,157936.5,157936.5,12004.92,10012.5,,,,,,,,,,32.0,312.0,134.9,8.0,304.0,0.0,0.2482857142857142,0.1576530612244898,0.5,0.0,Tier_2,Other,2,0.6299019185123461,78134.53,1909.06,0.0,5739.14,21581.04,16644.76,9158.55,133167.08,54747.0,32585.92,14619.43,0.0663,155988.63,0.0,1376.44,37932.89,50,0.2849,0.0,0.0,0.0,0.0,1,0,512.21,0.5833,24278.36,27651.55,-32503.96,2
425745,F,29.440109514031484,0,2.0,Married,Higher education,House / apartment,N,N,90000.0,Working,4.320328542094456,Core staff,Legal Services,Cash loans,225000.0,12204.0,225000.0,3.0,2.0,1.0,204763.5,159898.5,6596.145,0.0,0.0,0.0,0.0,11.0,43923.15,43923.15,0.0,11.0,0.0,0.0,0.0,1.0,1.0,1.0,1.0,0.0,30685.5,30685.5,3679.2,3420.0,,,,,,,,,,12.0,131.0,71.0,0.0,0.0,0.0,0.1356,1.77665,1.0,0.0,Tier_3,Salaried,2,0.5799139980451906,29528.64,6109.07,0.0,3165.31,6207.66,2778.39,4141.4,51930.47,12204.0,25865.53,13357.34,0.1484,178092.45,0.0,0.0,30037.65,90,0.5784,0.0,0.0,0.0,828.28,0,0,0.0,0.0,26165.55,7774.69,11576.05,0
397495,M,35.81930184804928,0,2.0,Married,Secondary / secondary special,House / apartment,N,Y,157500.0,Working,,Laborers,Business Entity Type 2,Cash loans,450000.0,24412.5,450000.0,22.0,5.0,17.0,14141070.9,12465891.0,0.0,0.0,0.0,0.0,0.0,90.0,699379.965,663354.945,5.0,85.0,59.0,70.0,-36025.02000000001,0.9444444444444444,0.948490060049118,4.0,2.0,1.0,534298.5,534298.5,45930.240000000005,12145.5,0.0,0.0,945000.0,0.0,562.23,0.0,0.0,0.0,0.0,30.0,292.0,126.33333333333331,0.0,0.0,0.0,0.155,79.14851428571428,0.5,0.0,Tier_2,Salaried,2,0.6301571175947497,54600.56,1344.1,0.0,18450.45,14762.2,5182.45,13923.37,108263.13,24412.5,24824.37,10671.36,0.0678,176460.98,0.0,0.0,41732.13,145,0.3855,2123.97,43823.94,0.0,0.0,1,0,195.78,0.9167,19654.2,9985.51,-3573.84,1
384269,M,63.67419575633128,0,1.0,Single / not married,Secondary / secondary special,House / apartment,N,Y,157500.0,Pensioner,,,XNA,Cash loans,343800.0,13090.5,225000.0,,,,,,,,,,,19.0,221636.07,116611.875,15.0,4.0,79.33333333333334,96.0,-105024.19499999998,0.2105263157894736,0.5261412323364153,1.0,1.0,0.0,94950.0,94950.0,11669.355,0.0,,,,,,,,,,11.0,70.0,39.66666666666667,0.0,0.0,0.0,0.0831142857142857,,1.0,,Tier_3,Other,1,0.5969615628055205,51998.94,1842.4,0.0,12143.09,11374.53,7956.56,13978.5,99294.02,13090.5,45115.48,22498.8,0.1428,423521.45,0.0,0.0,53288.52,96,0.5367,0.0,0.0,1302.23,0.0,1,1,636.45,0.9167,46369.9,17209.1,19227.53,0
180225,F,24.89801505817933,1,2.0,Single / not married,Higher education,House / apartment,N,N,67500.0,Working,,Sales staff,Transport: type 4,Cash loans,450000.0,12001.5,450000.0,1.0,1.0,0.0,20205.0,21213.0,0.0,0.0,0.0,0.0,0.0,4.0,33333.705,33333.705,0.0,4.0,0.0,0.0,0.0,1.0,1.0,4.0,2.0,0.0,616680.0,308340.0,24555.78,7920.0,,,,,,,,,,5.0,20.0,10.0,0.0,0.0,0.0,0.1778,0.3142666666666667,0.5,0.0,Tier_3,Salaried,2,0.7549948982829925,27580.23,2096.43,9362.4,6292.54,2915.19,2715.37,5045.23,56007.39,12001.5,0.0,0.0,0.0,0.0,0.0,0.0,13097.05,24,0.2338,0.0,0.0,0.0,0.0,1,0,102.37,1.0,-142.87,7542.3,-21678.7,6
265161,F,64.1533196440794,0,2.0,Married,Secondary / secondary special,Municipal apartment,N,Y,72000.0,Pensioner,,,XNA,Cash loans,301464.0,18571.5,238500.0,2.0,1.0,1.0,617400.0,275418.0,0.0,0.0,0.0,0.0,0.0,34.0,315553.5,307332.9,1.0,33.0,5.0,5.0,-8220.600000000002,0.9705882352941176,0.973948633116096,3.0,3.0,0.0,265122.0,265122.0,28341.81,11151.0,,,,,,,,,,33.0,324.0,167.0,0.0,0.0,0.0,0.2579375,3.82525,1.0,0.0,Tier_3,Other,2,0.6124409804279097,23256.3,529.49,0.0,6222.81,6314.21,2866.99,6161.83,45351.63,18571.5,8076.87,3595.71,0.0499,33713.1,0.0,0.0,21909.7,61,0.4831,0.0,0.0,275.03,245.2,0,0,0.0,0.0,7761.61,7376.02,-6702.39,1
292164,F,52.90075290896646,0,1.0,Separated,Secondary / secondary special,House / apartment,N,Y,157500.0,Commercial associate,,Laborers,Industry: type 7,Cash loans,691020.0,22419.0,495000.0,1.0,1.0,0.0,423000.0,0.0,0.0,0.0,0.0,0.0,0.0,61.0,874726.965,874726.965,1.0,60.0,1.0,1.0,0.0,0.9836065573770492,1.0,3.0,3.0,0.0,824373.0,533146.5,42237.0225,0.0,1229120.64,1401669.765,4095000.0,227900.475,47896.740000000005,55950.57,4.1727412,0.0,0.0,32.0,343.0,167.66666666666666,0.0,0.0,0.0,0.1423428571428571,0.0,1.0,0.0,Tier_1,Other,1,0.7352254704667771,72744.04,2055.3,0.0,11665.73,16189.34,7944.34,9935.15,120533.9,22419.0,14547.1,7898.84,0.0502,200404.79,0.0,0.0,61342.11,218,0.5089,0.0,0.0,565.49,0.0,0,1,139.12,0.8333,8170.78,19532.02,-18378.97,4
204668,F,62.40657084188912,0,2.0,Married,Secondary / secondary special,House / apartment,Y,Y,247500.0,Pensioner,,,XNA,Cash loans,1024740.0,43546.5,900000.0,8.0,1.0,7.0,2884405.5,586467.0,0.0,0.0,0.0,0.0,0.0,35.0,2251871.865,2373371.865,0.0,35.0,0.0,0.0,121500.0,1.0,1.053955112583637,6.0,6.0,0.0,1943361.0,1301159.25,138540.5775,153022.5,,,,,,,,,,40.0,447.1666666666667,252.0,0.0,0.0,0.0,0.1759454545454545,2.3695636363636363,1.0,0.0,Tier_2,Other,1,0.6502625405388595,86940.01,3068.89,0.0,9366.97,29779.9,15365.28,13184.01,157705.06,43546.5,46248.44,29504.64,0.1192,586003.33,0.0,0.0,84038.36,75,0.5329,3158.15,116193.79,0.0,2292.6,0,0,0.0,0.0,40040.45,22894.48,1563.28,0
152768,F,45.32511978097194,0,2.0,Married,Secondary / secondary special,House / apartment,Y,Y,202500.0,Working,,Cleaning staff,Business Entity Type 2,Cash loans,835380.0,40320.0,675000.0,1.0,1.0,0.0,112500.0,42295.5,0.0,0.0,0.0,0.0,0.0,15.0,134878.5,134878.5,0.0,15.0,0.0,0.0,0.0,1.0,1.0,1.0,1.0,0.0,103824.0,103824.0,5883.705,0.0,,,,,,,,,,17.0,294.0,194.5,0.0,0.0,0.0,0.1991111111111111,0.2088666666666666,1.0,0.0,Tier_3,Salaried,2,0.6017563544604727,80809.63,1598.39,0.0,8542.24,15411.76,8145.27,5932.35,120439.64,40320.0,41740.36,18759.44,0.0926,465114.43,159543.78,2338.54,33893.75,69,0.2814,0.0,0.0,2584.98,0.0,0,0,0.0,0.0,40078.59,17796.48,2367.97,0
263959,M,41.817932922655714,1,3.0,Married,Secondary / secondary special,Municipal apartment,Y,N,337500.0,Working,7.0335386721423685,Laborers,Business Entity Type 3,Cash loans,755190.0,32125.5,675000.0,8.0,3.0,5.0,2121201.0,1333172.025,0.0,0.0,0.0,0.0,2.0,109.0,1136651.13,1122873.03,3.0,106.0,25.0,25.0,-13778.1,0.9724770642201837,0.9878783387124246,6.0,4.0,1.0,1404085.5,1364008.5,58343.08500000001,6869.25,3320786.4975,3595418.37,3937500.0,714099.375,777748.725,165382.70625,20.860778433333333,8.0,0.0,32.0,519.0,264.5,0.0,0.0,0.0,0.0951866666666666,3.950139333333333,0.6666666666666666,0.0,Tier_2,Salaried,3,0.7609515863376944,148251.17,16953.37,19682.37,36500.07,15532.11,19902.06,10532.88,267354.03,32125.5,38020.47,21802.65,0.0646,310740.29,0.0,0.0,159561.54,488,0.5968,5005.6,193517.87,0.0,0.0,1,0,711.49,0.9167,35024.39,27936.3,-17364.39,2
281438,F,29.582477754962355,0,1.0,Single / not married,Higher education,With parents,Y,N,225000.0,Commercial associate,5.911019849418207,Managers,Business Entity Type 3,Cash loans,495000.0,50719.5,495000.0,2.0,1.0,1.0,1669500.0,644697.0,0.0,0.0,0.0,0.0,0.0,18.0,643129.875,643129.875,0.0,18.0,0.0,0.0,0.0,1.0,1.0,3.0,2.0,0.0,510655.5,510655.5,57551.265,9000.0,,,,,,,,,,20.0,174.0,83.5,0.0,0.0,0.0,0.22542,2.86532,0.6666666666666666,0.0,Tier_3,Other,1,0.5647314758424462,73804.06,8216.22,0.0,9434.0,17001.74,10577.36,39419.57,158452.95,50719.5,15827.55,10869.44,0.0483,253882.55,0.0,1868.38,72569.97,133,0.458,3033.2,197651.07,0.0,0.0,1,0,236.14,0.9167,5715.29,25658.38,-33614.01,5
452481,F,43.24161533196441,0,2.0,Civil marriage,Secondary / secondary special,House / apartment,N,Y,189000.0,Working,11.898699520876113,Laborers,Industry: type 7,Cash loans,695439.0,20461.5,580500.0,22.0,4.0,18.0,15540744.375,2067349.5,0.0,0.0,0.0,0.0,0.0,113.0,320545.44,279098.91,27.0,86.0,381.9333333333333,746.0,-41446.53,0.7610619469026548,0.8706999856245029,2.0,1.0,1.0,186817.5,186817.5,16511.85,0.0,884157.84825,1528582.545,2118750.0,135000.0,238467.555,50277.15,13.098634788888887,318.0,317.0,1.0,4.0,0.0,0.0,0.0,0.0,0.1082619047619047,10.938357142857145,0.5,0.0,Tier_3,Salaried,2,0.630196268965041,67306.9,1701.87,0.0,18006.35,8564.1,9639.81,9987.89,115206.92,20461.5,53331.58,23647.75,0.1251,199963.47,0.0,2978.85,47672.1,208,0.4138,0.0,0.0,2356.27,0.0,0,0,0.0,0.0,48453.8,12521.56,25763.02,0
425889,M,60.67898699520876,0,2.0,Married,Secondary / secondary special,House / apartment,N,Y,135000.0,Pensioner,,,XNA,Cash loans,101880.0,10206.0,90000.0,2.0,0.0,2.0,260758.8,0.0,0.0,0.0,0.0,0.0,0.0,81.0,1184849.01,1159327.98,4.0,77.0,7.0,7.0,-25521.03,0.9506172839506172,0.9784605213114876,9.0,7.0,0.0,1080823.5,1080823.5,96005.16,50089.23,,,,,,,,,,86.0,760.3333333333334,421.5,0.0,0.0,0.0,0.0756,0.0,0.7777777777777778,0.0,Tier_2,Other,2,0.5681622930736179,53173.37,706.73,0.0,5577.31,7057.59,4873.63,7183.88,78572.51,10206.0,46221.49,23124.7,0.1713,629820.22,0.0,0.0,29795.61,86,0.3792,0.0,0.0,0.0,0.0,0,0,0.0,0.0,45154.09,12659.68,33224.53,0
298655,M,39.73169062286105,1,3.0,Married,Higher education,House / apartment,Y,Y,441000.0,Working,8.952772073921972,Managers,Transport: type 4,Cash loans,728460.0,51934.5,675000.0,11.0,3.0,8.0,13653793.62,5582083.905,0.0,0.0,0.0,0.0,0.0,113.0,3388336.965,3386471.85,1.0,112.0,1.0,1.0,-1865.115,0.991150442477876,0.999449548548664,8.0,7.0,0.0,2141923.5,1725480.0,105178.8375,28211.67,8186040.99,8635365.405,10350000.0,1375362.9449999998,1452592.215,414308.01,18.1912022,0.0,0.0,50.0,589.6666666666666,408.1666666666667,0.0,0.0,0.0,0.1177653061224489,12.657786632653062,0.875,0.0,Tier_3,Salaried,3,0.5955666004706459,167776.45,6515.19,21837.89,18973.81,30164.15,17377.38,44280.16,306925.03,51934.5,82140.47,35568.59,0.0807,420652.31,147922.52,0.0,122889.99,183,0.4004,8942.06,463671.32,2683.57,0.0,1,0,570.9,0.9167,70120.97,30894.27,19868.99,0
284525,F,35.219712525667354,0,2.0,Married,Higher education,House / apartment,Y,Y,270000.0,Working,5.916495550992471,Core staff,School,Cash loans,173196.0,10071.0,153000.0,4.0,2.0,2.0,3393270.0,2298401.955,0.0,0.0,0.0,0.0,0.0,89.0,3697462.395,3536277.615,3.0,86.0,16.0,16.0,-161184.78,0.9662921348314608,0.9564066479166992,4.0,4.0,0.0,2413332.0,2413332.0,111355.065,43920.0,9333227.8125,9948265.92,12150000.0,1879061.04,1681971.255,506614.9275,10.80103365,0.0,0.0,46.0,899.0,625.1,0.0,0.0,0.0,0.0373,8.512599833333333,1.0,0.0,Tier_2,Salaried,3,0.7032614601253918,127482.06,3456.05,0.0,10465.0,24573.92,13863.84,15382.21,195223.08,10071.0,64705.92,29871.94,0.1106,458876.42,56072.33,0.0,89157.71,419,0.4567,0.0,0.0,0.0,0.0,1,0,361.57,0.9167,60839.02,19668.87,25460.8,0
320732,F,36.71184120465435,2,4.0,Married,Secondary / secondary special,House / apartment,N,N,144000.0,Working,4.728268309377139,Cooking staff,Construction,Cash loans,765000.0,27103.5,765000.0,4.0,4.0,0.0,535851.0,423144.0,792.0,0.0,0.0,0.0,0.0,36.0,864600.7949999999,853177.5449999999,2.0,34.0,9.0,9.0,-11423.25,0.9444444444444444,0.9867878331062604,14.0,5.0,7.0,1810908.0,1376527.5,118813.14,0.0,805112.955,829443.915,832500.0,146328.79499999998,40392.0,34486.942500000005,6.62246425,0.0,0.0,22.0,158.83333333333334,115.83333333333331,0.0,0.0,0.0,0.18821875,2.9385,0.3571428571428571,0.0,Tier_3,Salaried,4,0.5747702991844128,54291.6,4992.99,5320.35,5129.99,8289.08,4742.9,12060.91,94827.82,27103.5,22068.68,7522.83,0.0522,210910.11,38081.83,0.0,43237.44,89,0.456,1601.92,59706.73,0.0,0.0,0,0,0.0,0.0,27754.21,13351.99,529.42,0
288568,F,46.52703627652293,0,1.0,Separated,Secondary / secondary special,House / apartment,N,Y,121500.0,Working,,,Other,Cash loans,254700.0,20250.0,225000.0,,,,,,,,,,,29.0,174510.9,156274.74,2.0,27.0,7.0,7.0,-18236.16,0.9310344827586208,0.895501312525464,5.0,2.0,1.0,367753.5,367753.5,32831.595,0.0,348061.191,1020277.08,1263535.7142857143,268174.53,73125.0,36342.2475,3.5979660166666667,0.0,0.0,11.0,110.0,55.0,0.0,0.0,0.0,0.1666666666666666,,0.4,,Tier_2,Salaried,1,0.6097767600099888,47741.9,786.43,0.0,4464.91,9683.46,5357.61,9351.26,77385.57,20250.0,23864.43,16355.78,0.1346,623673.03,0.0,0.0,44526.94,104,0.5754,1917.13,64197.49,2231.31,0.0,0,0,0.0,0.0,26656.73,10989.34,5288.13,0
318010,F,29.15263518138261,0,1.0,Single / not married,Higher education,With parents,N,Y,67500.0,Commercial associate,5.349760438056126,Accountants,Business Entity Type 3,Revolving loans,180000.0,9000.0,180000.0,1.0,0.0,1.0,126000.0,0.0,0.0,0.0,0.0,0.0,0.0,,,,,,,,,,,,,,,,,,,,,,,,,,,,,,,,,0.1333333333333333,0.0,,0.0,Tier_2,Other,1,0.712074439977217,32146.43,735.23,0.0,7502.41,3610.8,2246.53,5507.88,51749.28,9000.0,6750.72,1992.24,0.0295,74648.11,0.0,0.0,31830.51,39,0.6151,0.0,0.0,0.0,0.0,0,0,0.0,0.0,7573.33,10188.14,-9836.73,3
203602,F,34.29705681040383,0,2.0,Civil marriage,Secondary / secondary special,House / apartment,N,Y,351000.0,Commercial associate,2.8227241615331966,Sales staff,Business Entity Type 3,Cash loans,1551798.0,45504.0,1215000.0,3.0,1.0,2.0,579258.0,375295.5,0.0,0.0,0.0,0.0,0.0,39.0,1888128.99,2860128.99,1.0,38.0,1.0,1.0,972000.0,0.9743589743589745,1.5147953371554344,15.0,4.0,2.0,4718115.0,3075610.5,165143.655,0.0,780190.11,780190.11,1485000.0,155503.215,49416.48,32325.57,5.779186,0.0,0.0,24.0,287.3333333333333,194.83333333333331,0.0,0.0,0.0,0.1296410256410256,1.0692179487179487,0.2666666666666666,0.0,Tier_3,Other,2,0.6230351236986934,114172.55,7029.73,0.0,14455.09,47566.16,12787.45,26898.35,222909.33,45504.0,82586.67,65102.77,0.1855,1904441.7,678728.8,11273.18,107176.7,137,0.4808,0.0,0.0,6543.14,0.0,1,0,531.55,0.9167,79345.78,24997.16,30629.05,0
342081,F,49.667351129363446,1,3.0,Married,Secondary / secondary special,House / apartment,N,Y,67500.0,Working,14.258726899383984,,Industry: type 11,Cash loans,284400.0,13963.5,225000.0,12.0,5.0,7.0,2495992.5,172282.5,0.0,0.0,0.0,0.0,0.0,46.0,563468.355,556908.0750000001,1.0,45.0,2.0,2.0,-6560.279999999999,0.9782608695652174,0.9883573231011352,13.0,2.0,4.0,4045720.5,4025360.25,137217.78,9000.0,7761226.9275,8434812.375,8820000.0,716008.6799999999,469191.015,360162.5175,12.319407821428571,0.0,0.0,8.0,59.0,28.0,0.0,0.0,0.0,0.2068666666666666,2.5523333333333333,0.1538461538461538,0.0,Tier_3,Salaried,2,0.6370935729553981,28038.99,307.49,2061.89,6092.48,4554.07,1948.89,3721.92,46725.73,13963.5,6810.77,2875.27,0.0426,25296.64,0.0,0.0,15967.37,25,0.3417,636.29,28267.63,459.66,0.0,1,0,94.72,1.0,7108.21,4201.43,-609.62,1
443714,F,51.37850787132101,0,1.0,Single / not married,Secondary / secondary special,House / apartment,N,Y,270000.0,Working,,Sales staff,Business Entity Type 3,Cash loans,835380.0,40320.0,675000.0,1.0,1.0,0.0,135000.0,125797.5,0.0,0.0,0.0,0.0,0.0,6.0,79652.02500000001,79652.02500000001,0.0,6.0,0.0,0.0,0.0,1.0,1.0,1.0,1.0,0.0,76837.5,76837.5,7877.385,0.0,,,,,,,,,,7.0,78.0,57.0,0.0,0.0,0.0,0.1493333333333333,0.4659166666666666,1.0,0.0,Tier_1,Salaried,1,0.827129927338641,139962.03,4947.39,0.0,26247.26,31635.07,8670.99,17807.59,229270.33,40320.0,409.67,209.67,0.0008,2462.27,0.0,0.0,136389.32,459,0.5949,0.0,0.0,0.0,0.0,0,0,0.0,0.0,3833.74,27466.7,-47415.76,4
188363,M,35.017111567419576,2,4.0,Married,Secondary / secondary special,House / apartment,N,N,135000.0,Working,,Laborers,Business Entity Type 3,Cash loans,450000.0,22018.5,450000.0,3.0,1.0,2.0,435721.5,51345.0,0.0,0.0,0.0,0.0,0.0,12.0,40360.185,40360.185,0.0,12.0,0.0,0.0,0.0,1.0,1.0,2.0,1.0,0.0,90849.105,90849.105,3364.65,3150.0,,,,,,,,,,13.0,132.0,73.5,0.0,0.0,0.0,0.1631,0.3803333333333333,0.5,0.0,Tier_3,Salaried,4,0.6294984569925862,49847.3,5387.97,5146.13,4930.6,7086.88,12583.42,10593.11,95575.41,22018.5,17406.09,12588.37,0.0932,57318.97,0.0,0.0,49710.3,48,0.5201,0.0,0.0,1035.49,1539.72,0,0,0.0,0.0,12640.17,9554.58,-8197.55,1
300896,M,45.90006844626968,1,3.0,Married,Higher education,House / apartment,Y,Y,315000.0,Commercial associate,12.046543463381246,Managers,Other,Cash loans,1255680.0,45234.0,1125000.0,16.0,6.0,10.0,2469723.345,1307169.0,0.0,0.0,0.0,0.0,0.0,49.0,417168.36,408071.385,1.0,48.0,19.0,19.0,-9096.975,0.979591836734694,0.9781935164018672,20.0,5.0,8.0,8173660.5,4217262.75,213776.685,21465.0,,,,,,,,,,53.0,392.3333333333333,190.33333333333331,1.0,11.0,0.0,0.1436,4.149742857142857,0.25,0.0,Tier_1,Other,3,0.8177842636962411,153252.48,13708.27,11623.99,12173.41,39272.52,27571.36,11278.62,268880.65,45234.0,885.35,246.12,0.0008,3305.91,0.0,0.0,188268.19,536,0.7002,0.0,0.0,34.12,15.1,0,1,464.33,0.75,6239.67,43522.82,-69663.54,5
267964,F,41.385352498288846,0,2.0,Married,Secondary / secondary special,House / apartment,N,Y,135000.0,Working,6.76249144421629,Sales staff,Business Entity Type 3,Cash loans,629320.5,30406.5,508500.0,2.0,2.0,0.0,460597.5,122935.5,270000.0,0.0,0.0,0.0,0.0,37.0,514362.105,514362.105,0.0,37.0,0.0,0.0,0.0,1.0,1.0,4.0,4.0,0.0,570253.5,570253.5,44775.945,13896.0,,,,,,,,,,40.0,495.0,310.6666666666667,0.0,0.0,0.0,0.2252333333333333,0.9106333333333332,1.0,0.0,Tier_3,Salaried,2,0.5110772467071414,47604.58,1263.41,0.0,4860.78,7037.97,4694.1,17574.96,83035.8,30406.5,21557.7,12091.64,0.0896,75854.35,0.0,0.0,23370.76,40,0.2815,1503.4,28502.9,0.0,814.45,0,0,0.0,0.0,20627.94,10431.9,-8207.07,1
422949,F,42.8227241615332,1,3.0,Married,Secondary / secondary special,House / apartment,N,N,135000.0,Working,19.50718685831622,Laborers,Business Entity Type 2,Cash loans,900000.0,26316.0,900000.0,14.0,6.0,8.0,886045.5449999999,372406.5,90000.0,0.0,0.0,0.0,0.0,15.0,74382.88500000001,74382.88500000001,0.0,15.0,0.0,0.0,0.0,1.0,1.0,2.0,2.0,0.0,56043.0,56043.0,9347.175,4500.0,,,,,,,,,,17.0,124.5,61.5,0.0,0.0,0.0,0.1949333333333333,2.758566666666667,1.0,0.0,Tier_2,Salaried,3,0.6370453225336519,44666.52,6791.6,5689.96,8836.51,13629.49,6387.04,18106.64,104107.76,26316.0,4576.24,2447.8,0.0181,32223.0,3658.37,0.0,43421.79,214,0.4171,0.0,0.0,379.49,175.22,1,0,273.56,0.8333,3259.71,9296.48,-12429.83,4
272252,F,25.01300479123888,0,2.0,Civil marriage,Secondary / secondary special,House / apartment,Y,N,202500.0,Commercial associate,6.357289527720739,Sales staff,Self-employed,Cash loans,808650.0,21460.5,675000.0,3.0,1.0,2.0,710393.8049999999,405702.0,0.0,0.0,0.0,0.0,0.0,45.0,1970418.015,2548955.745,4.0,41.0,14.0,14.0,578537.73,0.9111111111111112,1.293611673054055,12.0,5.0,3.0,3553128.0,3129664.5,158548.92,9000.0,0.0,0.0,202500.0,0.0,0.0,0.0,0.0,0.0,0.0,37.0,466.5,280.1666666666667,0.0,0.0,0.0,0.1059777777777777,2.0034666666666667,0.4166666666666667,0.0,Tier_2,Other,2,0.7224078741779135,85726.1,7251.86,0.0,12445.33,16225.58,8937.27,10043.15,140629.29,21460.5,40410.21,22341.43,0.1103,644205.33,0.0,0.0,74042.02,91,0.5265,0.0,0.0,1661.23,0.0,1,0,424.92,0.9167,48799.48,19182.63,13656.08,0
293965,F,33.39630390143737,1,3.0,Civil marriage,Secondary / secondary special,House / apartment,N,Y,180000.0,Working,7.093771389459275,,Kindergarten,Cash loans,336370.5,33399.0,319500.0,7.0,3.0,4.0,2094192.0,1216512.0,0.0,0.0,0.0,0.0,0.0,32.0,224267.265,249229.935,0.0,32.0,0.0,0.0,24962.67,1.0,1.1113076846056869,4.0,4.0,0.0,192726.0,192726.0,21120.03,4072.5,,,,,,,,,,35.0,316.0,178.5,0.0,0.0,0.0,0.18555,6.7584,1.0,0.0,Tier_2,Salaried,3,0.6739215596056838,64937.42,3860.22,11997.82,6079.87,19580.2,14850.35,10741.44,132047.32,33399.0,14553.68,10646.02,0.0591,371910.78,0.0,1451.67,57973.3,41,0.439,0.0,0.0,0.0,0.0,1,0,405.86,0.8333,8673.54,10089.77,-13108.98,2
441627,F,38.55167693360712,2,4.0,Married,Secondary / secondary special,House / apartment,Y,Y,315000.0,Working,3.863107460643395,Managers,Self-employed,Cash loans,848745.0,43465.5,675000.0,,,,,,,,,,,56.0,2262468.69,2998549.17,7.0,49.0,12.0,14.0,736080.4800000001,0.875,1.3253439410027814,9.0,6.0,2.0,4521231.0,2075940.0,106008.9225,46431.0,0.0,0.0,4290000.0,0.0,0.0,0.0,0.0,0.0,0.0,55.0,757.7,550.3333333333334,0.0,0.0,0.0,0.1379857142857143,,0.6666666666666666,,Tier_2,Salaried,4,0.6097587632333603,140787.42,1883.71,13193.47,12543.31,16465.44,7200.65,14848.04,206922.04,43465.5,64612.46,35884.13,0.1139,62323.38,0.0,4733.17,122464.9,212,0.5918,0.0,0.0,0.0,0.0,1,1,788.03,0.75,56182.5,23970.52,21330.13,0
361197,F,26.666666666666668,1,3.0,Married,Secondary / secondary special,With parents,Y,N,180000.0,Commercial associate,,High skill tech staff,Business Entity Type 3,Cash loans,1096020.0,52857.0,900000.0,6.0,1.0,5.0,1981530.0,0.0,0.0,0.0,0.0,0.0,0.0,38.0,2537403.93,2537403.93,0.0,38.0,0.0,0.0,0.0,1.0,1.0,5.0,4.0,0.0,1879249.5,1879249.5,93699.675,0.0,425429.415,426196.98,1143000.0,388222.335,409731.66,27507.8925,3.151329,0.0,0.0,22.0,442.0,363.0,0.0,0.0,0.0,0.29365,0.0,0.8,0.0,Tier_3,Other,3,0.5094128203754571,59949.4,4463.83,5783.64,1967.03,12463.04,7067.37,12753.48,104447.79,52857.0,22695.21,11836.79,0.0658,332742.34,0.0,0.0,54342.57,117,0.5203,0.0,0.0,0.0,0.0,1,1,826.55,0.75,22384.09,30156.29,-21145.97,3
356653,M,66.29158110882958,0,2.0,Married,Higher education,House / apartment,Y,Y,67500.0,Pensioner,,,XNA,Cash loans,284400.0,16011.0,225000.0,1.0,0.0,1.0,270000.0,0.0,0.0,0.0,0.0,0.0,0.0,29.0,808962.255,808962.255,0.0,29.0,0.0,0.0,0.0,1.0,1.0,4.0,4.0,0.0,745695.0,745695.0,81263.655,25335.0,,,,,,,,,,33.0,299.6666666666667,175.33333333333334,0.0,0.0,0.0,0.2372,0.0,1.0,0.0,Tier_2,Other,2,0.7209755593129267,19919.21,973.27,0.0,12390.95,5684.22,3705.17,3524.51,46197.33,16011.0,5291.67,2457.37,0.0364,30416.51,0.0,0.0,21949.41,48,0.4751,275.7,11315.82,0.0,0.0,0,0,0.0,0.0,5234.04,9983.23,-10589.55,3
455300,F,68.3750855578371,0,2.0,Married,Higher education,House / apartment,N,N,112500.0,Pensioner,,,XNA,Cash loans,257391.0,16771.5,238500.0,,,,,,,,,,,105.0,1785728.97,1452607.65,25.0,80.0,53.41666666666666,83.0,-333121.32,0.7619047619047619,0.8134535948083992,15.0,9.0,0.0,1321150.5,1060895.25,133903.035,0.0,,,,,,,,,,96.0,674.5,346.5,0.0,0.0,0.0,0.14908,,0.6,,Tier_1,Other,2,0.7484279156779888,35448.4,15713.92,0.0,2739.01,17899.97,6768.33,4027.47,82597.1,16771.5,13131.4,7682.44,0.0683,152097.2,23842.39,0.0,45499.65,166,0.5509,1408.53,41755.88,0.0,0.0,0,0,0.0,0.0,9871.36,10646.38,-11775.46,2
275155,M,34.27241615331965,2,4.0,Married,Secondary / secondary special,House / apartment,N,N,135000.0,Working,3.9534565366187535,Security staff,Security,Cash loans,1082214.0,28678.5,945000.0,,,,,,,,,,,12.0,140004.99,140004.99,0.0,12.0,0.0,0.0,0.0,1.0,1.0,4.0,2.0,0.0,142276.5,142276.5,26120.97,2484.0,,,,,,,,,,14.0,85.5,54.0,0.0,0.0,0.0,0.2124333333333333,,0.5,,Tier_3,Salaried,5,0.6002888261426579,54854.79,4941.72,4179.69,2159.29,7418.61,7484.89,7170.61,88209.6,28678.5,18111.9,10227.38,0.0758,156942.43,0.0,0.0,42331.62,39,0.4799,0.0,0.0,0.0,550.95,1,0,280.37,0.8333,20053.01,9004.45,6854.98,0
187619,M,33.17453798767967,0,1.0,Single / not married,Secondary / secondary special,House / apartment,Y,N,180000.0,Commercial associate,,Drivers,Industry: type 9,Cash loans,304933.5,24088.5,225000.0,,,,,,,,,,,45.0,188347.23,175900.05,5.0,40.0,62.0,62.0,-12447.18,0.8888888888888888,0.9339136551145456,4.0,2.0,1.0,232470.0,232470.0,19790.775,0.0,371654.5725,395656.425,787500.0,47967.66,59833.215,19960.92,8.2552995,26.0,0.0,14.0,144.0,74.0,0.0,0.0,0.0,0.133825,,0.5,,Tier_2,Other,1,0.6943753428756823,75385.81,11323.97,0.0,11172.46,9734.87,6889.98,12492.78,126999.87,24088.5,28911.63,16440.68,0.0913,390752.64,0.0,0.0,55693.59,288,0.4385,1577.33,87797.89,0.0,0.0,1,1,599.22,0.9167,39078.68,18858.48,-8556.56,1
250446,F,32.03559206023272,0,2.0,Civil marriage,Secondary / secondary special,House / apartment,N,Y,135000.0,Working,3.233401779603012,Sales staff,Business Entity Type 3,Cash loans,135000.0,14175.0,135000.0,4.0,2.0,2.0,4136476.41,3805236.0,0.0,0.0,0.0,0.0,0.0,54.0,915788.52,1252415.97,1.0,53.0,8.0,8.0,336627.45,0.9814814814814816,1.3675820810682362,3.0,3.0,0.0,660883.5,660883.5,39981.69,0.0,1438935.67125,1722626.37,2137500.0,240570.45,237016.89,90812.46375,7.33164905,0.0,0.0,23.0,464.3333333333333,353.8333333333333,0.0,0.0,0.0,0.105,28.18693333333333,1.0,0.0,Tier_3,Salaried,3,0.6458499967283512,53023.12,1031.93,0.0,6519.54,13598.05,9247.54,12279.17,95699.35,14175.0,25125.65,11636.28,0.0862,153500.87,0.0,1247.8,34758.75,192,0.3632,0.0,0.0,1108.09,0.0,0,0,0.0,0.0,28253.86,12224.77,993.77,0
336034,M,50.95961670088981,0,2.0,Married,Higher education,House / apartment,Y,Y,180000.0,State servant,4.785763175906913,,Transport: type 3,Cash loans,481855.5,49504.5,463500.0,5.0,0.0,5.0,357651.0,0.0,0.0,0.0,0.0,0.0,0.0,24.0,49801.545,49801.545,0.0,24.0,0.0,0.0,0.0,1.0,1.0,6.0,2.0,4.0,1415245.5,1415245.5,104190.57,4553.55,24399.045,24399.045,1620000.0,22500.0,29769.435,2342.925,0.0677751249999999,0.0,0.0,5.0,20.0,10.0,0.0,0.0,0.0,0.275025,0.0,0.3333333333333333,0.0,Tier_3,Salaried,2,0.5701158289431514,70631.47,942.12,0.0,9772.29,7309.15,7140.98,28658.73,124454.74,49504.5,6040.76,3207.99,0.0178,77399.13,0.0,0.0,31585.21,79,0.2538,376.74,8495.05,0.0,0.0,0,0,0.0,0.0,3221.03,15283.05,-23406.73,6
101324,F,41.492128678986994,4,6.0,Married,Secondary / secondary special,House / apartment,N,Y,121500.0,Working,8.528405201916495,Core staff,Kindergarten,Cash loans,1125000.0,32895.0,1125000.0,2.0,1.0,1.0,359026.695,255405.51,0.0,0.0,0.0,0.0,0.0,46.0,979420.095,835233.6599999999,17.0,29.0,88.5,128.0,-144186.435,0.6304347826086957,0.8527838710517778,10.0,6.0,4.0,941935.5,707917.5,76083.5025,0.0,0.0,0.0,360000.0,0.0,0.0,0.0,0.0,0.0,0.0,43.0,358.8333333333333,219.58333333333331,7.0,34.0,14.0,0.2707407407407407,2.102102962962963,0.6,0.0,Tier_2,Salaried,6,0.6855452407336551,49313.16,1452.69,6579.45,8339.29,11075.22,6533.93,14315.93,97609.67,32895.0,0.0,0.0,0.0,0.0,0.0,0.0,41490.25,138,0.4251,0.0,0.0,0.0,0.0,1,0,241.75,0.9167,-8163.9,11485.0,-26869.19,9
265560,F,27.50444900752909,2,3.0,Separated,Secondary / secondary special,House / apartment,N,N,112500.0,Working,,Managers,Industry: type 3,Cash loans,314100.0,16573.5,225000.0,6.0,6.0,0.0,982380.33,0.0,0.0,0.0,0.0,0.0,0.0,19.0,322028.235,228525.165,8.0,11.0,54.0,66.0,-93503.07,0.5789473684210527,0.709643255349954,1.0,1.0,0.0,189472.5,189472.5,18774.585,0.0,,,,,,,,,,13.0,144.0,69.0,1.0,19.0,19.0,0.14732,0.0,1.0,0.0,Tier_2,Salaried,4,0.5339979620889393,32098.15,5746.46,4860.88,5778.73,4955.67,6634.89,5712.27,65787.05,16573.5,30139.45,19410.56,0.1725,601008.28,0.0,0.0,29532.8,33,0.4489,0.0,0.0,1398.59,1400.89,1,1,153.86,1.0,27465.21,4787.08,17645.09,0
187230,F,27.71526351813826,2,4.0,Married,Secondary / secondary special,House / apartment,Y,Y,112500.0,State servant,6.893908281998631,Core staff,Kindergarten,Revolving loans,270000.0,13500.0,270000.0,6.0,1.0,5.0,165046.5,0.0,0.0,0.0,0.0,0.0,0.0,2.0,7210.62,7210.62,0.0,2.0,0.0,0.0,0.0,1.0,1.0,1.0,1.0,0.0,35721.0,35721.0,3605.31,7983.0,,,,,,,,,,2.0,24.0,23.0,0.0,0.0,0.0,0.12,0.0,1.0,0.0,Tier_3,Salaried,5,0.68804875492278,51359.1,1154.95,8261.93,5742.65,7021.91,3864.95,10029.09,87434.58,13500.0,11565.42,5704.71,0.0507,228855.98,0.0,0.0,33261.92,79,0.3804,777.03,18373.05,623.33,0.0,0,1,195.61,0.9167,15459.49,8577.7,-60.32,1
188034,F,34.652977412731005,1,3.0,Married,Higher education,With parents,Y,N,202500.0,Commercial associate,,Managers,Business Entity Type 3,Cash loans,1600330.5,55755.0,1381500.0,,,,,,,,,,,6.0,65913.75,65913.75,0.0,6.0,0.0,0.0,0.0,1.0,1.0,1.0,1.0,0.0,53428.5,53428.5,10985.985,0.0,,,,,,,,,,7.0,36.0,18.0,0.0,0.0,0.0,0.2753333333333333,,1.0,,Tier_1,Other,3,0.6039433082529158,61455.32,13227.56,12052.84,12428.8,16679.72,6454.27,9968.66,132267.17,55755.0,14477.83,8901.69,0.044,205365.39,0.0,0.0,67730.23,99,0.5121,0.0,0.0,0.0,0.0,0,0,0.0,0.0,9368.16,21532.23,-18130.55,6
317262,F,32.54757015742642,0,1.0,Single / not married,Secondary / secondary special,House / apartment,N,N,135000.0,Commercial associate,,Core staff,Restaurant,Revolving loans,247500.0,12375.0,247500.0,6.0,1.0,5.0,254884.5,37996.38,0.0,0.0,0.0,0.0,0.0,16.0,75602.25,75602.25,0.0,16.0,0.0,0.0,0.0,1.0,1.0,1.0,1.0,0.0,117409.5,117409.5,5317.47,0.0,,,,,,,,,,18.0,300.0,197.5,0.0,0.0,0.0,0.0916666666666666,0.2814546666666666,1.0,0.0,Tier_2,Other,1,0.6192737700604951,40251.22,11092.1,0.0,9014.41,9014.59,6359.58,9247.69,84979.59,12375.0,37645.41,27113.63,0.2008,574424.4,0.0,0.0,31916.31,108,0.3756,2564.06,120816.36,0.0,0.0,1,0,146.09,1.0,33814.32,16229.21,2078.58,0
215235,F,27.342915811088297,1,3.0,Married,Higher education,House / apartment,N,Y,76500.0,Working,6.940451745379876,Managers,Self-employed,Cash loans,143910.0,17208.0,135000.0,2.0,0.0,2.0,224779.5,0.0,0.0,0.0,0.0,0.0,0.0,29.0,419857.02,388474.605,7.0,22.0,17.0,17.0,-31382.415,0.7586206896551724,0.9252545187883248,9.0,4.0,1.0,526239.0,448677.0,56742.12,0.0,,,,,,,,,,30.0,245.83333333333331,131.66666666666666,0.0,0.0,0.0,0.2249411764705882,0.0,0.4444444444444444,0.0,Tier_3,Salaried,2,0.6349834284484029,35837.14,451.83,4758.73,3888.94,2093.03,1546.55,3621.88,52198.1,17208.0,7093.9,2826.83,0.037,17455.54,0.0,0.0,24840.61,34,0.4759,0.0,0.0,355.84,0.0,0,0,0.0,0.0,6039.29,4942.89,-3072.88,1
340993,M,31.11567419575633,0,1.0,Single / not married,Secondary / secondary special,With parents,Y,N,112500.0,Commercial associate,5.760438056125941,Sales staff,Self-employed,Cash loans,797557.5,42493.5,688500.0,,,,,,,,,,,75.0,1551044.79,1506635.775,3.0,72.0,7.0,7.0,-44409.01499999999,0.96,0.9713683219941056,8.0,7.0,1.0,1146762.0,909031.5,108717.1425,31500.0,,,,,,,,,,79.0,654.6666666666666,319.0833333333333,3.0,6.0,6.0,0.37772,,0.875,,Tier_1,Other,1,0.7375102239851201,43186.37,12953.08,0.0,5159.89,8779.55,6676.14,1562.39,78317.42,42493.5,0.0,0.0,0.0,0.0,0.0,0.0,40080.86,40,0.5118,0.0,0.0,0.0,0.0,0,0,0.0,0.0,-7425.1,12567.48,-26531.98,9
202637,M,63.38672142368241,0,2.0,Married,Secondary / secondary special,House / apartment,Y,Y,270000.0,Pensioner,,,XNA,Cash loans,1552221.0,48870.0,1417500.0,3.0,2.0,1.0,700411.5,120357.0,0.0,0.0,0.0,0.0,0.0,160.0,2457422.505,2253714.48,21.0,139.0,105.16666666666669,133.0,-203708.025,0.86875,0.9171050055147112,5.0,5.0,0.0,794596.5,794596.5,57531.645,10246.5,5166344.467928572,6028149.195,6300000.0,726682.5,1285650.0,297809.65607142856,28.701913710714287,10.0,10.0,51.0,719.0,375.8333333333333,0.0,0.0,0.0,0.181,0.4457666666666666,1.0,0.0,Tier_2,Other,2,0.7135667950589638,125147.89,4839.14,0.0,7887.53,21694.44,10571.89,10466.59,180607.48,48870.0,40522.52,29122.52,0.1079,330792.05,85389.41,0.0,38798.15,71,0.2148,0.0,0.0,0.0,0.0,1,0,257.45,1.0,30765.96,38814.21,-43476.9,3
174647,M,37.08966461327858,0,2.0,Married,Secondary / secondary special,House / apartment,Y,Y,360000.0,Commercial associate,10.99794661190965,Secretaries,Industry: type 9,Cash loans,508495.5,21541.5,454500.0,,,,,,,,,,,118.0,1213077.69,1199241.765,1.0,117.0,4.0,4.0,-13835.925,0.9915254237288136,0.9885943619983646,4.0,4.0,0.0,528853.5,528853.5,52933.86,0.0,270516.62625000003,454417.56,5377500.0,620698.5,673335.0,41804.127,1.492324575,1.0,1.0,20.0,180.0,118.5,0.0,0.0,0.0,0.0598375,,1.0,,Tier_2,Other,2,0.7902113122708516,156805.7,4823.17,0.0,25200.09,34387.63,26683.15,24388.26,272288.0,21541.5,66170.5,21465.84,0.0596,605518.24,78965.46,3108.85,134596.9,238,0.4943,0.0,0.0,0.0,0.0,0,0,0.0,0.0,59070.21,38252.85,-4677.57,1
431489,F,36.90075290896646,3,5.0,Civil marriage,Secondary / secondary special,House / apartment,N,N,135000.0,Working,17.724845995893222,,Business Entity Type 3,Revolving loans,247500.0,12375.0,247500.0,7.0,2.0,5.0,1195875.0,588546.0,0.0,0.0,0.0,0.0,0.0,103.0,1773240.75,1586941.965,13.0,90.0,31.0,47.0,-186298.78500000003,0.8737864077669902,0.8949388090703421,7.0,7.0,0.0,1048833.0,1048833.0,79582.365,31323.6,,,,,,,,,,98.0,1242.1666666666667,775.6666666666666,0.0,0.0,0.0,0.0916666666666666,4.3596,1.0,0.0,Tier_3,Salaried,4,0.6087036464842194,44761.58,6254.2,9510.0,8374.15,6017.38,7257.69,21546.97,103721.97,12375.0,18903.03,7379.31,0.0547,305410.12,59620.96,769.84,46145.21,89,0.4449,0.0,0.0,0.0,699.59,1,1,490.56,0.9167,20985.43,11646.44,1696.92,0
429156,F,64.95003422313484,1,3.0,Married,Secondary / secondary special,House / apartment,N,Y,292500.0,Pensioner,,,XNA,Cash loans,481855.5,50620.5,463500.0,5.0,1.0,4.0,587936.385,0.0,0.0,0.0,0.0,0.0,0.0,41.0,452671.29,398330.775,5.0,36.0,21.0,21.0,-54340.515,0.8780487804878049,0.8799559057522734,7.0,6.0,0.0,838539.0,767326.5,62330.8725,48177.0,,,,,,,,,,41.0,338.1666666666667,169.5,1.0,1.0,1.0,0.1730615384615384,0.0,0.8571428571428571,0.0,Tier_3,Other,3,0.4776577009703755,87680.44,2425.72,8901.28,10625.39,15809.02,14273.03,36852.21,176567.09,50620.5,65312.41,29478.24,0.1008,1176580.25,0.0,0.0,79275.36,99,0.449,4287.35,153680.76,0.0,3227.08,1,0,372.08,1.0,48931.79,25266.31,-5259.18,1
216870,M,29.218343600273784,0,2.0,Civil marriage,Secondary / secondary special,House / apartment,N,Y,225000.0,Commercial associate,2.9869952087611225,Laborers,Business Entity Type 2,Cash loans,835380.0,40320.0,675000.0,4.0,2.0,2.0,356213.61000000004,168534.405,0.0,0.0,0.0,0.0,0.0,41.0,659491.335,659491.335,0.0,41.0,0.0,0.0,0.0,1.0,1.0,5.0,3.0,0.0,216301.5,193801.5,24142.275,24300.0,1222303.7475,1271871.09,1912500.0,601167.96,366382.98,64294.2,5.506292791666667,0.0,0.0,19.0,152.0,82.0,0.0,0.0,0.0,0.1792,0.7490418,0.6,0.0,Tier_1,Other,2,0.7706093517879486,102157.26,3423.74,0.0,12817.53,33761.42,8515.47,13893.16,174568.58,40320.0,10111.42,4054.47,0.018,175490.63,47176.69,0.0,83714.73,193,0.4796,0.0,0.0,0.0,0.0,0,0,0.0,0.0,19068.28,29257.75,-52881.29,2
313570,M,45.14989733059548,1,3.0,Married,Secondary / secondary special,House / apartment,N,Y,225000.0,Working,3.5208761122518824,Laborers,Business Entity Type 3,Cash loans,276277.5,20785.5,238500.0,5.0,4.0,1.0,2396236.5,1681510.5,0.0,0.0,0.0,0.0,0.0,34.0,380582.865,354593.745,4.0,30.0,69.0,69.0,-25989.12,0.8823529411764706,0.9317123223611236,4.0,4.0,0.0,331501.5,331501.5,36288.990000000005,5845.5,,,,,,,,,,34.0,262.0,153.5,1.0,21.0,0.0,0.09238,7.47338,1.0,0.0,Tier_1,Salaried,4,0.7387723541267052,94115.61,3594.5,31451.99,9765.94,15278.27,12017.46,12161.4,178385.17,20785.5,25829.33,13719.2,0.061,407363.96,0.0,0.0,60871.28,69,0.3412,0.0,0.0,0.0,1077.03,0,0,0.0,0.0,21777.32,11412.84,6590.83,0
442106,F,34.945927446954144,1,3.0,Married,Secondary / secondary special,House / apartment,N,Y,144000.0,Working,11.143052703627651,Medicine staff,Medicine,Cash loans,1011402.0,35964.0,724500.0,4.0,3.0,1.0,657000.0,635392.845,619.155,0.0,0.0,0.0,0.0,9.0,56318.895,56318.895,0.0,9.0,0.0,0.0,0.0,1.0,1.0,1.0,1.0,0.0,121108.5,121108.5,6257.655,0.0,,,,,,,,,,9.0,216.0,180.0,0.0,0.0,0.0,0.24975,4.4124503125,1.0,0.0,Tier_2,Salaried,3,0.7119335040902997,61238.85,3566.39,8203.46,10741.58,9888.37,8879.78,12356.37,114874.8,35964.0,0.0,0.0,0.0,0.0,0.0,0.0,54993.16,95,0.4787,0.0,0.0,0.0,0.0,0,0,0.0,0.0,-3039.53,11366.51,-17792.97,6
311839,F,43.65229295003422,0,2.0,Married,Secondary / secondary special,House / apartment,N,Y,315000.0,Commercial associate,19.066392881587955,Core staff,Medicine,Cash loans,1682446.5,76027.5,1570500.0,2.0,0.0,2.0,873000.0,0.0,0.0,0.0,0.0,0.0,0.0,,,,,,,,,,,,,,,,,,,,,,,,,,,,,,,,,0.2413571428571428,0.0,,0.0,Tier_2,Other,3,0.668786364726655,144212.84,3356.84,0.0,10705.31,25264.0,11394.81,25745.43,220679.23,76027.5,18293.27,9214.91,0.0293,370710.24,0.0,0.0,59726.48,198,0.2706,0.0,0.0,0.0,0.0,0,0,0.0,0.0,26271.35,39981.13,-49775.48,3
396098,F,26.51882272416153,0,2.0,Married,Secondary / secondary special,House / apartment,Y,Y,202500.0,Commercial associate,,HR staff,Cleaning,Cash loans,1595970.0,65133.0,1426500.0,5.0,3.0,2.0,1856105.055,1449454.5,0.0,0.0,0.0,0.0,0.0,15.0,176943.15,253443.15,0.0,15.0,0.0,0.0,76500.0,1.0,1.4323422522996794,3.0,3.0,0.0,309780.0,309780.0,27104.04,0.0,0.0,0.0,45000.0,0.0,0.0,0.0,0.0,0.0,0.0,14.0,144.0,85.5,0.0,0.0,0.0,0.3216444444444444,7.1578,1.0,0.0,Tier_1,Other,2,0.7100877095461914,97452.09,2506.76,0.0,9197.79,23003.95,4462.09,6250.58,142873.26,65133.0,0.0,0.0,0.0,0.0,0.0,0.0,85216.28,356,0.5964,0.0,0.0,0.0,0.0,0,0,0.0,0.0,-10441.78,26253.24,-54349.51,7
349403,F,54.5927446954141,0,2.0,Married,Secondary / secondary special,House / apartment,N,N,135000.0,Pensioner,,,XNA,Cash loans,1057266.0,47164.5,945000.0,5.0,3.0,2.0,3765226.14,1186119.0,0.0,0.0,0.0,0.0,0.0,6.0,748525.995,748525.995,0.0,6.0,0.0,0.0,0.0,1.0,1.0,9.0,1.0,3.0,4523899.5,4523899.5,164781.585,0.0,,,,,,,,,,8.0,192.0,169.5,0.0,0.0,0.0,0.3493666666666666,8.786066666666667,0.1111111111111111,0.0,Tier_3,Other,3,0.5392049912713008,51279.91,3800.06,0.0,5592.2,5882.58,3984.72,11803.23,82342.7,47164.5,5492.8,2334.58,0.0173,17439.4,0.0,0.0,21714.27,113,0.2637,0.0,0.0,0.0,208.21,0,0,0.0,0.0,12271.11,8944.34,-5528.08,1
269032,F,64.22450376454483,0,2.0,Married,Secondary / secondary special,House / apartment,N,Y,225000.0,Pensioner,,,XNA,Cash loans,1037128.5,44073.0,927000.0,9.0,1.0,8.0,932001.21,2979.0,0.0,0.0,0.0,0.0,0.0,155.0,3961005.255,4928906.97,12.0,143.0,18.0,24.0,967901.715,0.9225806451612903,1.2443575942693366,17.0,3.0,6.0,5137119.0,2200692.375,109335.435,6885.0,600414.36075,1580974.965,1590000.0,7140.555,269910.0,55586.5125,8.438062675,0.0,0.0,57.0,1096.25,733.6666666666666,0.0,0.0,0.0,0.19588,0.01324,0.1764705882352941,0.0,Tier_1,Other,2,0.7163908645626313,98147.71,3852.21,0.0,13505.46,29356.87,9013.22,17276.88,171152.35,44073.0,9774.65,6870.36,0.0305,167823.74,39079.97,0.0,97265.32,469,0.5683,0.0,0.0,577.71,0.0,0,0,0.0,0.0,6673.83,14256.01,-16224.65,4
426741,M,40.84052019164955,2,4.0,Married,Secondary / secondary special,House / apartment,Y,Y,225000.0,Working,5.650924024640657,Laborers,Self-employed,Cash loans,225000.0,9909.0,225000.0,10.0,5.0,5.0,3705331.5,954877.5,247500.0,0.0,0.0,0.0,0.0,67.0,2112261.795,2502879.75,10.0,57.0,43.0,45.0,390617.955,0.8507462686567164,1.1849287602155396,5.0,5.0,0.0,1522053.0,1369858.5,77116.815,0.0,2227832.115,3606222.51,5028750.0,183028.725,364275.0,169670.28,13.742368125,3.0,3.0,26.0,472.0,413.0,0.0,0.0,0.0,0.04404,4.2439,1.0,0.0,Tier_3,Salaried,5,0.6699440503137113,105612.46,1718.92,10244.96,11318.39,10731.46,11111.22,22431.77,173169.18,9909.0,41921.82,18273.95,0.0812,177774.11,0.0,0.0,84912.62,306,0.4903,0.0,0.0,0.0,1122.39,0,0,0.0,0.0,50645.61,13186.42,23307.91,0
296599,M,46.54346338124572,0,2.0,Married,Incomplete higher,House / apartment,N,N,180000.0,Working,,,Construction,Cash loans,315000.0,23049.0,315000.0,6.0,3.0,3.0,1953000.0,69147.0,0.0,0.0,0.0,0.0,0.0,6.0,50899.32,50899.32,0.0,6.0,0.0,0.0,0.0,1.0,1.0,1.0,1.0,0.0,41940.0,41940.0,8484.48,13500.0,,,,,,,,,,6.0,36.0,21.0,0.0,0.0,0.0,0.12805,0.38415,1.0,0.0,Tier_1,Salaried,1,0.7185709768811328,55319.55,21482.59,0.0,14011.53,21954.94,11140.05,9878.22,133786.88,23049.0,23164.12,12361.11,0.0687,78108.81,0.0,0.0,26576.01,99,0.1986,0.0,0.0,0.0,0.0,0,0,0.0,0.0,13980.33,16359.6,-13643.72,2
115070,M,53.270362765229294,1,3.0,Married,Secondary / secondary special,House / apartment,Y,Y,180000.0,Working,2.858316221765914,Drivers,Business Entity Type 3,Cash loans,1125000.0,47664.0,1125000.0,4.0,2.0,2.0,1343702.25,793584.0,0.0,0.0,0.0,0.0,0.0,12.0,284618.52,284618.52,0.0,12.0,0.0,0.0,0.0,1.0,1.0,4.0,3.0,0.0,1696403.25,1696403.25,91006.875,35955.0,,,,,,,,,,14.0,72.0,35.5,0.0,0.0,0.0,0.2648,4.4088,0.75,0.0,Tier_3,Salaried,2,0.513652853045349,53378.92,1313.26,12763.63,6018.33,10256.55,8726.84,19825.43,112282.96,47664.0,20053.04,12373.43,0.0687,39177.86,0.0,0.0,52220.26,349,0.4651,3447.09,173564.81,0.0,1378.55,1,0,147.41,1.0,21609.19,12371.32,588.89,0
135959,M,22.19849418206708,0,1.0,Single / not married,Secondary / secondary special,With parents,Y,N,117000.0,Working,3.121149897330596,Laborers,Transport: type 2,Revolving loans,180000.0,9000.0,180000.0,4.0,3.0,1.0,2485381.5,12285.0,0.0,0.0,0.0,0.0,0.0,23.0,263762.325,280567.575,0.0,23.0,0.0,0.0,16805.25,1.0,1.0637136103497722,5.0,5.0,0.0,288290.7,288290.7,52469.64,11322.0,,,,,,,,,,28.0,142.5,75.0,0.0,0.0,0.0,0.0769230769230769,0.105,1.0,0.0,Tier_1,Salaried,1,0.7019346907794454,42307.58,11079.8,0.0,5720.02,14820.87,4842.46,3485.13,82255.86,9000.0,25744.14,5838.26,0.0499,169797.41,0.0,373.41,32230.73,89,0.3918,0.0,0.0,0.0,867.95,0,0,0.0,0.0,23927.56,9751.04,3325.75,0
102082,F,42.223134839151264,1,3.0,Married,Secondary / secondary special,House / apartment,N,N,180000.0,Commercial associate,2.937713894592745,Core staff,Government,Cash loans,269550.0,14751.0,225000.0,3.0,3.0,0.0,1660500.0,1492366.5,0.0,0.0,0.0,0.0,0.0,165.0,4531848.39,4297179.69,26.0,139.0,165.5,260.0,-234668.7,0.8424242424242424,0.9482178837849428,16.0,5.0,5.0,7462849.5,3547796.625,204177.4875,11007.0,4826623.98,6169381.11,10350000.0,2526691.275,2529528.705,218663.505,10.725831066666666,0.0,0.0,74.0,990.5,664.9666666666667,3.0,35.0,35.0,0.08195,8.290925,0.3125,0.0,Tier_2,Other,3,0.729816035004801,68098.96,11000.31,15299.09,2755.65,21885.03,12327.85,17445.89,148812.78,14751.0,16436.22,6816.58,0.0379,142547.76,0.0,0.0,82920.92,120,0.5572,1026.87,48776.3,388.0,0.0,0,0,0.0,0.0,16463.97,24697.72,-34427.95,2
445129,M,29.40177960301164,1,3.0,Married,Secondary / secondary special,House / apartment,Y,N,112500.0,Working,6.299794661190965,Laborers,Self-employed,Cash loans,339241.5,15943.5,238500.0,2.0,2.0,0.0,157164.84,101819.025,0.0,0.0,0.0,0.0,0.0,82.0,673561.395,637258.275,14.0,68.0,41.5,50.0,-36303.12,0.8292682926829268,0.9461027305461888,5.0,4.0,0.0,695295.0,695295.0,45810.135,17428.5,4338760.3875,4555643.76,5850000.0,475777.35,289575.0,212093.0775,9.64168975,0.0,0.0,46.0,575.3333333333334,308.1666666666667,1.0,22.0,0.0,0.14172,0.905058,0.8,0.0,Tier_2,Salaried,3,0.673327348113019,30576.03,7584.01,9583.46,10549.25,11819.51,5637.07,7146.15,82895.48,15943.5,13661.02,8099.55,0.072,93667.96,29310.68,0.0,39333.68,90,0.4745,0.0,0.0,0.0,0.0,0,0,0.0,0.0,12160.65,4761.82,3142.32,0
270143,M,54.53798767967146,0,2.0,Married,Secondary / secondary special,House / apartment,Y,N,85500.0,Working,4.0191649555099245,Laborers,Government,Cash loans,755190.0,30078.0,675000.0,,,,,,,,,,,42.0,684171.765,684171.765,0.0,42.0,0.0,0.0,0.0,1.0,1.0,3.0,3.0,0.0,585990.0,325242.0,26899.4925,5755.5,,,,,,,,,,45.0,469.0,238.08333333333331,0.0,0.0,0.0,0.3517894736842105,,1.0,,Tier_1,Salaried,2,0.7927804222452727,35897.58,9271.98,0.0,4099.44,6855.48,4344.66,7356.45,67825.59,30078.0,0.0,0.0,0.0,0.0,0.0,0.0,28128.23,39,0.4147,0.0,0.0,0.0,0.0,1,0,115.57,0.5833,-10734.05,8737.62,-29037.27,10
434848,F,58.55167693360712,0,2.0,Married,Secondary / secondary special,House / apartment,N,Y,211500.0,Pensioner,,,XNA,Cash loans,871335.0,38511.0,715500.0,8.0,1.0,7.0,1448934.57,165910.5,0.0,0.0,0.0,0.0,0.0,232.0,1526766.165,1497783.645,9.0,223.0,124.5,178.0,-28982.52,0.961206896551724,0.9810170537804654,3.0,3.0,0.0,1368945.0,1368945.0,51204.15,5053.5,1355124.81975,1793176.605,2295000.0,355950.0,533475.0,108942.894,20.075923255555555,30.0,0.0,43.0,1264.6666666666667,973.6666666666666,8.0,166.0,0.0,0.1820851063829787,0.7844468085106383,1.0,0.0,Tier_1,Other,3,0.7554924767748977,115629.4,4436.31,0.0,9414.27,13753.2,7784.55,13981.36,164999.09,38511.0,7989.91,4765.38,0.0225,86922.77,0.0,0.0,81894.79,134,0.4963,0.0,0.0,320.13,0.0,0,0,0.0,0.0,3649.13,30983.46,-38127.23,7
315758,M,66.42847364818617,0,2.0,Married,Secondary / secondary special,House / apartment,Y,N,157500.0,Working,18.036960985626283,,Other,Cash loans,284400.0,16011.0,225000.0,1.0,0.0,1.0,111577.5,0.0,0.0,0.0,0.0,0.0,0.0,48.0,357452.82,357452.82,0.0,48.0,0.0,0.0,0.0,1.0,1.0,2.0,2.0,0.0,330660.0,330660.0,14901.3,0.0,,,,,,,,,,49.0,744.0,407.6666666666667,0.0,0.0,0.0,0.1016571428571428,0.0,1.0,0.0,Tier_2,Salaried,2,0.6236957195000961,67342.24,8513.51,0.0,3465.64,9560.61,4367.51,9585.14,102834.65,16011.0,38654.35,19357.85,0.1229,475399.76,0.0,1717.21,58824.55,55,0.572,0.0,0.0,0.0,0.0,0,0,0.0,0.0,40676.48,12767.24,8760.77,0
117732,M,29.190965092402465,0,2.0,Civil marriage,Higher education,House / apartment,Y,Y,261000.0,Working,,Sales staff,Business Entity Type 3,Cash loans,254700.0,27558.0,225000.0,4.0,1.0,3.0,531810.0,47326.5,0.0,0.0,0.0,0.0,0.0,,,,,,,,,,,,,,,,,,,,,,,,,,,,,,,,,0.1055862068965517,0.1813275862068965,,0.0,Tier_2,Salaried,3,0.7166406443471436,131251.25,3305.66,0.0,9692.71,18665.56,13443.3,7242.76,183601.24,27558.0,49840.76,18747.41,0.0718,104467.9,0.0,0.0,73726.42,155,0.4016,0.0,0.0,0.0,0.0,0,0,0.0,0.0,55634.84,21450.41,17986.77,0
326857,M,41.11978097193703,0,2.0,Married,Secondary / secondary special,House / apartment,N,N,202500.0,Working,12.041067761806982,Drivers,Business Entity Type 3,Cash loans,675000.0,49248.0,675000.0,6.0,2.0,4.0,1494648.0,887305.5,0.0,0.0,0.0,0.0,0.0,58.0,2443134.825,2436602.265,3.0,55.0,7.0,13.0,-6532.560000000001,0.9482758620689656,0.9973261565701762,17.0,6.0,3.0,2685127.5,2170722.75,140734.62,9418.5,,,,,,,,,,65.0,1020.6333333333332,687.4,0.0,0.0,0.0,0.2432,4.381755555555555,0.3529411764705882,0.0,Tier_3,Salaried,2,0.5201840936379144,65567.09,7439.47,0.0,10444.07,9888.21,8058.14,23756.06,125153.04,49248.0,28098.96,17670.82,0.0873,484449.81,0.0,0.0,53632.7,94,0.4285,0.0,0.0,0.0,1555.1,1,0,137.66,1.0,34831.97,16541.92,-456.62,1
104547,M,28.22450376454483,1,3.0,Married,Higher education,House / apartment,Y,N,315000.0,Working,5.314168377823409,Core staff,Military,Cash loans,1823242.5,55408.5,1665000.0,1.0,1.0,0.0,9900000.0,9844852.5,0.0,0.0,0.0,0.0,0.0,,,,,,,,,,,,,,,,,,,,,,,,,,,,,,,,,0.1759,31.2535,,0.0,Tier_3,Salaried,3,0.5881302958575981,103419.09,17490.59,22101.16,8626.52,16931.79,16691.89,48440.39,233701.43,55408.5,25890.07,8958.72,0.0284,407819.44,0.0,0.0,129643.64,443,0.5547,1668.46,59074.48,0.0,483.44,1,0,463.1,1.0,20166.66,24801.77,-28744.21,3
241873,M,33.12799452429842,1,3.0,Married,Secondary / secondary special,House / apartment,N,Y,157500.0,Working,8.709103353867214,Laborers,Self-employed,Cash loans,1125000.0,44617.5,1125000.0,,,,,,,,,,,9.0,107175.6,107175.6,0.0,9.0,0.0,0.0,0.0,1.0,1.0,1.0,1.0,0.0,98239.5,98239.5,8996.76,0.0,,,,,,,,,,10.0,105.0,64.5,0.0,0.0,0.0,0.2832857142857143,,1.0,,Tier_3,Salaried,3,0.6330483404320494,61154.86,1244.36,11909.51,4959.58,13503.76,6933.03,7571.77,107276.87,44617.5,5605.63,1937.59,0.0123,101006.27,0.0,0.0,47503.08,111,0.4428,0.0,0.0,0.0,0.0,0,0,0.0,0.0,1967.03,9395.42,-13907.61,5
389362,F,61.02395619438741,0,1.0,Widow,Secondary / secondary special,House / apartment,N,N,67500.0,Pensioner,,,XNA,Cash loans,163008.0,9229.5,144000.0,6.0,2.0,4.0,456741.0,67599.0,0.0,27.0,2324.0,1.0,0.0,20.0,376514.01,376514.01,0.0,20.0,0.0,0.0,0.0,1.0,1.0,3.0,2.0,0.0,286834.5,286834.5,21546.675,6390.0,,,,,,,,,,22.0,349.0,238.0,0.0,0.0,0.0,0.1367333333333333,1.0014666666666667,0.6666666666666666,5.911446530966128e-05,Tier_3,Other,1,0.5831941347596239,21628.91,4822.31,0.0,4090.54,5030.78,2727.2,16901.68,55201.42,9229.5,3069.08,839.4,0.0124,9517.49,0.0,0.0,31000.42,48,0.5616,142.58,7690.78,0.0,0.0,0,1,102.28,0.9167,3445.25,6196.85,-5767.25,3
219299,F,56.12320328542094,0,2.0,Married,Secondary / secondary special,House / apartment,N,Y,108000.0,Pensioner,,,XNA,Cash loans,454500.0,18153.0,454500.0,6.0,4.0,2.0,1355985.0,134235.0,0.0,0.0,0.0,0.0,0.0,31.0,86069.88,83553.39,5.0,26.0,2285.0,2285.0,-2516.49,0.8387096774193549,0.9707622457472928,2.0,2.0,0.0,315000.0,315000.0,16544.25,0.0,11027.1225,13715.235,3603750.0,6554.475,7759.71,5802.33,0.0945202916666666,4868.0,0.0,13.0,444.0,366.0,0.0,0.0,0.0,0.1680833333333333,1.242916666666667,1.0,0.0,Tier_3,Other,1,0.5408138603757602,40930.77,537.77,0.0,2612.34,8999.1,2818.34,17016.68,72915.0,18153.0,16932.0,9500.6,0.088,52913.55,0.0,0.0,39879.62,82,0.5469,0.0,0.0,0.0,0.0,0,1,162.4,0.9167,14004.48,8947.1,156.25,0
297172,F,23.033538672142367,0,1.0,Separated,Incomplete higher,With parents,N,Y,126000.0,Working,,Laborers,Bank,Cash loans,675000.0,21906.0,675000.0,3.0,3.0,0.0,626256.0,393939.0,0.0,0.0,0.0,0.0,0.0,9.0,32562.000000000004,32562.000000000004,0.0,9.0,0.0,0.0,0.0,1.0,1.0,1.0,1.0,0.0,29655.0,29655.0,3262.05,0.0,,,,,,,,,,10.0,99.0,54.0,0.0,0.0,0.0,0.1738571428571428,3.1265,1.0,0.0,Tier_3,Salaried,1,0.658784168531374,55725.17,772.59,0.0,5708.27,10105.86,5785.09,9983.87,88080.85,21906.0,16013.15,10360.29,0.0822,65458.96,0.0,700.26,31521.45,69,0.3579,0.0,0.0,0.0,0.0,1,0,86.95,0.9167,16723.82,9972.74,894.97,0
301957,F,55.55920602327173,0,2.0,Married,Secondary / secondary special,House / apartment,N,Y,67500.0,Pensioner,,,XNA,Cash loans,547344.0,17185.5,472500.0,,,,,,,,,,,6.0,116482.095,116482.095,0.0,6.0,0.0,0.0,0.0,1.0,1.0,1.0,1.0,0.0,109890.0,109890.0,19414.26,0.0,,,,,,,,,,8.0,48.0,22.0,0.0,0.0,0.0,0.2546,,1.0,,Tier_2,Other,2,0.76131750072971,36712.56,557.94,0.0,3584.7,4884.62,3155.99,4287.08,53182.89,17185.5,0.0,0.0,0.0,0.0,0.0,0.0,26408.19,76,0.4966,0.0,0.0,0.0,0.0,1,0,151.47,0.8333,-3687.4,8089.81,-22666.43,9
109242,M,47.75906913073238,0,1.0,Single / not married,Secondary / secondary special,House / apartment,N,Y,270000.0,State servant,19.77549623545517,,Military,Revolving loans,157500.0,7875.0,157500.0,4.0,1.0,3.0,882549.0,0.0,0.0,0.0,0.0,0.0,0.0,7.0,99124.695,99124.695,2.0,5.0,2.0,2.0,0.0,0.7142857142857143,1.0,1.0,1.0,0.0,74610.0,74610.0,14131.125,7875.0,,,,,,,,,,10.0,73.0,21.0,0.0,0.0,0.0,0.0291666666666666,0.0,1.0,0.0,Tier_2,Salaried,1,0.5110021475587861,83872.39,6019.3,0.0,4383.75,18391.24,10860.17,7627.65,131154.5,7875.0,130970.5,43466.09,0.161,220054.65,0.0,0.0,47121.79,36,0.3593,4393.45,208533.71,0.0,0.0,1,0,409.0,0.6667,129937.51,13360.39,110712.21,0
387558,F,52.73648186173853,0,1.0,Widow,Higher education,House / apartment,N,Y,135000.0,Commercial associate,27.200547570157426,Medicine staff,Government,Revolving loans,270000.0,13500.0,270000.0,8.0,7.0,1.0,2039237.46,814666.5,0.0,0.0,0.0,0.0,0.0,15.0,241405.65,241405.65,0.0,15.0,0.0,0.0,0.0,1.0,1.0,1.0,1.0,0.0,454239.0,454239.0,16093.71,0.0,,,,,,,,,,15.0,720.0,635.5,0.0,0.0,0.0,0.1,6.034566666666667,1.0,0.0,Tier_3,Other,1,0.6558822683983118,45712.05,1626.62,0.0,9828.11,11198.39,9120.84,5522.36,83008.37,13500.0,38491.63,17092.3,0.1266,475699.61,168184.55,0.0,39095.83,90,0.471,0.0,0.0,0.0,2101.9,0,0,0.0,0.0,46392.47,12441.74,23432.14,0
314753,F,56.52292950034223,0,2.0,Married,Higher education,House / apartment,N,N,247500.0,Working,7.611225188227242,Laborers,Electricity,Cash loans,1575000.0,41679.0,1575000.0,9.0,2.0,7.0,6152271.4350000005,2111908.5,0.0,0.0,0.0,0.0,0.0,15.0,2886566.04,2886566.04,0.0,15.0,0.0,0.0,0.0,1.0,1.0,4.0,4.0,0.0,2622559.5,1372144.5,54953.4375,78750.0,,,,,,,,,,20.0,502.0,459.0,0.0,0.0,0.0,0.1684,8.532963636363636,1.0,0.0,Tier_1,Salaried,2,0.6851486376006358,95942.26,29432.8,0.0,7476.22,17394.07,7351.05,26728.56,184324.96,41679.0,21496.04,10367.72,0.0419,133060.85,0.0,0.0,84759.87,251,0.4598,0.0,0.0,0.0,0.0,0,0,0.0,0.0,20564.62,19617.92,-3584.07,2
247893,M,35.53456536618754,2,4.0,Married,Secondary / secondary special,House / apartment,Y,Y,157500.0,Commercial associate,7.37577002053388,Laborers,Business Entity Type 3,Cash loans,1006920.0,40063.5,900000.0,4.0,1.0,3.0,2097526.5,962239.5,0.0,0.0,0.0,0.0,0.0,9.0,103398.03,103398.03,0.0,9.0,0.0,0.0,0.0,1.0,1.0,2.0,2.0,0.0,93726.0,93726.0,12913.965,13500.0,,,,,,,,,,11.0,74.0,49.0,0.0,0.0,0.0,0.2543714285714286,6.109457142857143,1.0,0.0,Tier_1,Other,4,0.7596690844450249,66811.14,5200.9,10181.01,3488.57,25044.03,8922.22,13836.46,133484.33,40063.5,0.0,0.0,0.0,0.0,0.0,0.0,104440.72,395,0.7824,0.0,0.0,0.0,0.0,1,0,216.84,0.8333,-20015.25,22855.52,-60390.31,10
209245,F,41.85352498288843,0,2.0,Married,Secondary / secondary special,House / apartment,Y,N,180000.0,Commercial associate,4.766598220396989,,Other,Cash loans,835380.0,40189.5,675000.0,7.0,3.0,4.0,2229169.5,503770.5,0.0,0.0,0.0,0.0,0.0,81.0,2136952.035,2136952.035,0.0,81.0,0.0,0.0,0.0,1.0,1.0,3.0,3.0,0.0,2010753.0,2010753.0,105483.555,0.0,10438391.025,10560064.23,11475000.0,765000.0,640575.0,472349.3025,13.644955588235296,0.0,0.0,44.0,861.0,549.5,0.0,0.0,0.0,0.223275,2.798725,1.0,0.0,Tier_2,Other,3,0.6487383419319923,52819.42,14067.61,0.0,14777.32,9184.67,3987.13,20521.57,115357.72,40189.5,24452.78,8322.52,0.0462,316454.25,0.0,0.0,57662.99,39,0.4999,0.0,0.0,0.0,0.0,0,1,432.44,0.8333,20249.34,25495.37,-17202.29,3
381794,M,45.94113620807666,1,3.0,Married,Secondary / secondary special,House / apartment,Y,Y,225000.0,Working,9.25119780971937,Managers,Security,Revolving loans,135000.0,6750.0,135000.0,,,,,,,,,,,72.0,4231474.425,4638428.055,4.0,68.0,49.0,49.0,406953.63,0.9444444444444444,1.0961730094823865,9.0,9.0,0.0,3447324.765,3224455.515,196205.9175,28470.6,,,,,,,,,,76.0,993.6666666666666,714.3333333333334,0.0,0.0,0.0,0.03,,1.0,,Tier_3,Salaried,2,0.5448134744332532,69273.64,2473.24,12126.14,8078.21,16194.17,14437.63,9720.69,132303.72,6750.0,85946.28,39397.6,0.1751,1604809.16,0.0,0.0,50255.68,200,0.3799,4253.16,209223.91,0.0,0.0,1,0,290.22,0.8333,88346.3,17671.87,52754.45,0
134974,F,37.91101984941821,0,1.0,Separated,Secondary / secondary special,House / apartment,Y,Y,171000.0,Working,13.505817932922657,Cleaning staff,Business Entity Type 2,Cash loans,1078200.0,31653.0,900000.0,6.0,0.0,6.0,1428479.82,0.0,0.0,0.0,0.0,0.0,0.0,18.0,224679.825,224679.825,1.0,17.0,1.0,1.0,0.0,0.9444444444444444,1.0,4.0,4.0,0.0,198972.0,198972.0,38679.39,78538.5,,,,,,,,,,44.0,263.6666666666667,138.0,0.0,0.0,0.0,0.1851052631578947,0.0,1.0,0.0,Tier_3,Salaried,1,0.5029541817832457,54933.34,1181.11,0.0,4238.76,13452.77,5910.44,26961.33,106677.75,31653.0,32669.25,19262.34,0.1126,316059.55,0.0,2501.65,56611.14,446,0.5307,0.0,0.0,0.0,0.0,1,0,157.58,0.9167,30631.26,10668.92,6387.58,0
287945,F,44.56947296372348,1,3.0,Married,Secondary / secondary special,House / apartment,Y,Y,180000.0,Working,11.7015742642026,,Construction,Cash loans,526491.0,29529.0,454500.0,2.0,1.0,1.0,121861.44,0.0,0.0,0.0,0.0,0.0,0.0,32.0,723941.46,723941.46,1.0,31.0,1.0,1.0,0.0,0.96875,1.0,2.0,2.0,0.0,546759.0,546759.0,40377.465,15250.5,,,,,,,,,,34.0,529.1666666666666,273.3333333333333,0.0,0.0,0.0,0.16405,0.0,1.0,0.0,Tier_3,Salaried,3,0.5056744348647133,55612.12,1071.91,6362.21,10597.37,12383.47,4994.31,27172.95,118194.34,29529.0,32276.66,19476.21,0.1082,450539.83,0.0,0.0,46266.76,144,0.3914,0.0,0.0,0.0,0.0,0,0,0.0,0.0,36119.95,11345.49,8085.96,0
185422,F,35.9233401779603,2,4.0,Married,Higher education,House / apartment,N,N,270000.0,State servant,2.7953456536618755,Core staff,Kindergarten,Cash loans,770292.0,51813.0,688500.0,5.0,2.0,2.0,1451835.0,32728.5,0.0,0.0,0.0,0.0,0.0,45.0,1207974.555,993152.88,7.0,38.0,15.5,21.0,-214821.675,0.8444444444444444,0.8221637416857676,9.0,4.0,0.0,1530162.0,808521.75,62545.95,6979.5,,,,,,,,,,42.0,630.5,447.0,0.0,0.0,0.0,0.1919,0.1212166666666666,0.4444444444444444,0.0,Tier_2,Salaried,4,0.5723162808856808,90057.75,18660.54,6793.78,12501.84,17905.66,8605.82,17062.96,171588.35,51813.0,46598.65,24273.15,0.0899,145310.74,0.0,2574.09,103979.66,237,0.606,0.0,0.0,0.0,2344.38,1,0,666.7,0.9167,46806.3,17047.44,16252.46,0
455755,M,24.251882272416157,0,1.0,Single / not married,Secondary / secondary special,House / apartment,N,N,81000.0,Working,,Sales staff,Transport: type 4,Cash loans,447768.0,29920.5,405000.0,,,,,,,,,,,6.0,74777.805,74777.805,0.0,6.0,0.0,0.0,0.0,1.0,1.0,1.0,1.0,0.0,68602.5,68602.5,12463.695,0.0,,,,,,,,,,7.0,42.0,21.0,0.0,0.0,0.0,0.3693888888888889,,1.0,,Tier_2,Salaried,1,0.7187630599102515,32704.51,5584.61,0.0,3213.54,8692.64,3157.89,7909.33,61262.52,29920.5,0.0,0.0,0.0,0.0,0.0,0.0,31432.44,37,0.5131,0.0,0.0,0.0,0.0,1,0,82.61,0.9167,-4834.49,4413.49,-11058.43,11
392830,M,42.69404517453799,2,3.0,Single / not married,Higher education,House / apartment,Y,Y,180000.0,Commercial associate,13.292265571526352,Laborers,Industry: type 1,Cash loans,1288350.0,37800.0,1125000.0,6.0,1.0,5.0,1275966.63,190993.5,0.0,0.0,0.0,0.0,0.0,129.0,391672.89,391672.89,1.0,128.0,25.0,25.0,0.0,0.992248062015504,1.0,3.0,3.0,0.0,150561.0,103171.5,21922.785,6034.5,164596.35375,525034.71,1168500.0,70195.5,180450.0,19150.89,4.51373925,1.0,1.0,21.0,73.5,36.333333333333336,0.0,0.0,0.0,0.21,1.061075,1.0,0.0,Tier_1,Other,4,0.7593273580209204,56563.69,6264.01,16088.58,6650.65,32173.48,18938.52,8569.98,145248.91,37800.0,0.0,0.0,0.0,0.0,0.0,0.0,59506.68,117,0.4097,0.0,0.0,0.0,0.0,0,0,0.0,0.0,3710.07,20268.51,-27449.4,6
230721,F,34.30527036276523,2,4.0,Married,Secondary / secondary special,House / apartment,N,Y,148500.0,Working,,Laborers,Trade: type 2,Cash loans,135000.0,12622.5,135000.0,6.0,2.0,4.0,6883272.0,0.0,0.0,0.0,0.0,0.0,0.0,26.0,339537.735,316388.475,3.0,23.0,9.0,9.0,-23149.26,0.8846153846153846,0.9318212451408384,3.0,3.0,0.0,277074.0,183537.0,28114.3575,0.0,,,,,,,,,,27.0,207.0,106.5,0.0,0.0,0.0,0.085,0.0,1.0,0.0,Tier_2,Salaried,5,0.6162720208135846,49911.9,3400.52,10105.96,5483.01,15283.71,7331.3,12348.5,103864.9,12622.5,32012.6,10334.49,0.0696,324687.92,0.0,0.0,60570.13,68,0.5832,0.0,0.0,0.0,0.0,1,0,222.96,0.8333,30142.92,9507.15,14123.63,0
409656,M,39.28268309377139,1,3.0,Married,Secondary / secondary special,House / apartment,N,Y,90000.0,Working,6.264202600958248,,Self-employed,Cash loans,328405.5,17194.5,283500.0,2.0,2.0,0.0,99868.5,49540.5,0.0,0.0,0.0,0.0,0.0,4.0,29035.575,29035.575,0.0,4.0,0.0,0.0,0.0,1.0,1.0,1.0,1.0,0.0,26883.0,26883.0,7258.95,0.0,,,,,,,,,,4.0,16.0,10.0,0.0,0.0,0.0,0.19105,0.55045,1.0,0.0,Tier_2,Salaried,3,0.7699644263068607,35392.05,1860.88,10195.18,9985.91,4486.32,7376.46,6481.7,75778.5,17194.5,0.0,0.0,0.0,0.0,0.0,0.0,33462.49,110,0.4416,0.0,0.0,0.0,0.0,1,1,288.82,0.9167,-5981.39,7564.1,-19342.73,9
363421,F,23.15400410677618,0,1.0,Single / not married,Secondary / secondary special,House / apartment,N,N,81000.0,Working,4.8350444900752905,Laborers,Business Entity Type 1,Cash loans,513531.0,24835.5,459000.0,1.0,1.0,0.0,157500.0,135297.0,0.0,0.0,0.0,0.0,0.0,26.0,228421.35,228421.35,0.0,26.0,0.0,0.0,0.0,1.0,1.0,3.0,3.0,0.0,192883.5,192883.5,24914.295,7645.5,,,,,,,,,,28.0,233.0,114.0,0.0,0.0,0.0,0.3066111111111111,1.6703333333333332,1.0,0.0,Tier_1,Salaried,1,0.7602730199007244,28134.25,7972.26,0.0,5686.6,10038.16,4242.48,8027.88,64101.63,24835.5,0.0,0.0,0.0,0.0,0.0,0.0,32207.96,40,0.5025,0.0,0.0,0.0,0.0,0,0,0.0,0.0,-11802.07,5289.19,-19065.77,11
377627,F,53.94934976043805,0,2.0,Married,Secondary / secondary special,House / apartment,N,Y,67500.0,Working,5.552361396303901,,Business Entity Type 3,Revolving loans,202500.0,10125.0,202500.0,8.0,3.0,5.0,1023674.895,201753.0,0.0,0.0,0.0,0.0,0.0,43.0,909295.785,909295.785,0.0,43.0,0.0,0.0,0.0,1.0,1.0,4.0,4.0,0.0,1213798.5,1213798.5,57635.1,0.0,,,,,,,,,,47.0,963.0,760.6666666666666,0.0,0.0,0.0,0.15,2.988933333333333,1.0,0.0,Tier_3,Salaried,2,0.613724910496497,25190.19,712.96,0.0,6313.63,3518.37,3974.83,4850.14,44560.12,10125.0,12814.88,8059.74,0.1194,87623.53,0.0,0.0,21928.72,63,0.4921,0.0,0.0,0.0,0.0,1,0,136.58,1.0,12833.96,5722.13,1953.72,0
439425,F,51.94798083504449,0,1.0,Separated,Secondary / secondary special,House / apartment,N,Y,81000.0,State servant,3.29637234770705,,Other,Cash loans,267102.0,18720.0,247500.0,,,,,,,,,,,10.0,281105.955,281105.955,1.0,9.0,1.0,1.0,0.0,0.9,1.0,1.0,1.0,0.0,253111.5,253111.5,28120.68,28125.0,,,,,,,,,,12.0,120.0,55.0,0.0,0.0,0.0,0.2311111111111111,,1.0,,Tier_2,Salaried,1,0.5978452167160491,30996.55,663.62,0.0,2771.44,3654.08,2187.39,5789.01,46062.09,18720.0,16217.91,7405.81,0.0914,74690.04,0.0,0.0,27301.84,50,0.5927,0.0,0.0,0.0,1077.76,0,0,0.0,0.0,16076.58,4675.29,5319.95,0
202296,M,53.634496919917865,1,3.0,Married,Secondary / secondary special,House / apartment,Y,Y,225000.0,Commercial associate,8.648870636550308,Managers,Business Entity Type 2,Cash loans,755190.0,30078.0,675000.0,2.0,2.0,0.0,427500.0,173605.5,0.0,0.0,0.0,0.0,0.0,26.0,696721.86,675659.88,1.0,25.0,4.0,4.0,-21061.98,0.9615384615384616,0.9697698877999896,4.0,4.0,0.0,796896.0,651915.0,71233.0875,45166.5,0.0,0.0,3375000.0,0.0,0.0,0.0,0.0,0.0,0.0,29.0,293.0,159.5,1.0,3.0,3.0,0.13368,0.77158,1.0,0.0,Tier_3,Other,3,0.6047619918503594,83402.52,1687.4,20502.72,2839.64,10751.15,16888.01,21346.11,157417.55,30078.0,37504.45,13042.54,0.058,437462.3,0.0,0.0,47629.43,68,0.3026,0.0,0.0,0.0,0.0,0,0,0.0,0.0,44584.75,29978.84,-4614.37,1
354056,F,59.775496235455165,0,1.0,Single / not married,Secondary / secondary special,Municipal apartment,N,N,135000.0,Pensioner,,,XNA,Cash loans,328405.5,12807.0,283500.0,,,,,,,,,,,18.0,133241.08500000002,88825.14,7.0,11.0,46.0,49.0,-44415.94500000001,0.6111111111111112,0.6666497799834037,5.0,2.0,0.0,170685.0,170685.0,14805.315,0.0,,,,,,,,,,13.0,150.0,114.0,0.0,0.0,0.0,0.0948666666666666,,0.4,,Tier_3,Other,1,0.6059207044569979,48763.1,6180.4,0.0,3273.77,6764.18,5676.31,6356.47,77014.23,12807.0,45178.77,31535.08,0.2336,98507.05,16509.51,2728.61,32931.35,116,0.4276,0.0,0.0,0.0,0.0,1,0,127.97,0.9167,45979.82,14173.37,7904.25,0
245365,F,42.00136892539357,2,4.0,Married,Higher education,House / apartment,N,N,315000.0,Commercial associate,14.277891854893909,Accountants,Business Entity Type 3,Cash loans,389844.0,20034.0,315000.0,6.0,4.0,2.0,5012946.0,1596798.0,0.0,0.0,0.0,0.0,0.0,40.0,606173.13,805908.15,4.0,36.0,6.0,6.0,199735.02,0.9,1.3295016062490266,9.0,4.0,4.0,1192923.0,1125423.0,96440.445,0.0,0.0,0.0,7672500.0,0.0,0.0,0.0,0.0,0.0,0.0,33.0,256.3333333333333,134.66666666666666,0.0,0.0,0.0,0.0636,5.0692,0.4444444444444444,0.0,Tier_2,Other,4,0.7360001459949976,116275.61,30748.2,18936.58,8153.14,33777.89,23948.61,20232.95,252072.98,20034.0,42893.02,18730.75,0.0595,455834.51,0.0,0.0,153199.63,188,0.6078,0.0,0.0,2289.48,0.0,1,0,622.56,0.9167,34535.93,33281.68,-7701.47,2
401878,F,32.342231348391515,1,2.0,Single / not married,Incomplete higher,Rented apartment,N,N,112500.0,Working,3.682409308692676,High skill tech staff,Industry: type 11,Cash loans,509400.0,40374.0,450000.0,,,,,,,,,,,27.0,327216.87,261855.0,7.0,20.0,24.5,30.0,-65361.87,0.7407407407407407,0.8002490825121578,2.0,2.0,0.0,230913.0,230913.0,24116.4,11835.0,,,,,,,,,,24.0,198.33333333333331,102.33333333333331,0.0,0.0,0.0,0.35888,,1.0,,Tier_2,Salaried,2,0.6597232528487424,37010.63,9751.0,3328.58,6294.02,11747.67,6086.96,6327.06,80545.92,40374.0,0.0,0.0,0.0,0.0,0.0,0.0,42831.53,78,0.5318,0.0,0.0,0.0,0.0,1,1,356.53,0.8333,-10290.37,8243.66,-18257.87,10
108005,F,54.87200547570158,0,2.0,Civil marriage,Higher education,House / apartment,N,Y,174600.0,Pensioner,,,XNA,Cash loans,1051294.5,30870.0,918000.0,27.0,4.0,23.0,10918472.94,369999.9,338435.1,0.0,0.0,0.0,0.0,40.0,3360401.595,3630652.425,0.0,40.0,0.0,0.0,270250.8300000001,1.0,1.080422182396923,14.0,7.0,5.0,7098417.0,4832161.5,229028.9625,35235.0,,,,,,,,,,49.0,642.5,525.4166666666666,0.0,0.0,0.0,0.1768041237113402,2.119128865979381,0.5,0.0,Tier_3,Other,2,0.5955405018585352,59584.53,3461.78,0.0,5823.3,14593.53,8532.01,9916.65,101911.8,30870.0,41818.2,15412.99,0.0883,264628.16,0.0,1973.55,61101.74,135,0.5996,0.0,0.0,0.0,0.0,1,0,269.44,0.8333,44405.49,20121.5,12156.15,0
241038,M,44.26009582477755,0,2.0,Married,Secondary / secondary special,Municipal apartment,Y,N,112500.0,Pensioner,,,XNA,Cash loans,825588.0,44113.5,765000.0,5.0,0.0,5.0,1662875.19,291118.5,0.0,0.0,0.0,0.0,0.0,32.0,292712.22000000003,292712.22000000003,0.0,32.0,0.0,0.0,0.0,1.0,1.0,2.0,2.0,0.0,100345.5,100345.5,12396.51,5841.0,65344.5,65344.5,825000.0,165153.375,188390.88,4393.74,0.4840333333333333,0.0,0.0,7.0,42.0,21.0,0.0,0.0,0.0,0.39212,2.58772,1.0,0.0,Tier_1,Other,3,0.6652725677485191,43923.52,9250.5,0.0,6275.24,4086.48,4970.16,4192.55,72698.45,44113.5,0.0,0.0,0.0,0.0,0.0,0.0,34829.89,30,0.4791,0.0,0.0,0.0,0.0,0,0,0.0,0.0,-8940.25,12703.87,-36495.52,9
419248,F,60.10951403148528,0,2.0,Civil marriage,Secondary / secondary special,House / apartment,N,Y,144000.0,Commercial associate,,Medicine staff,Other,Cash loans,1093500.0,32103.0,1093500.0,8.0,1.0,7.0,1167088.5,45558.0,0.0,0.0,0.0,0.0,0.0,140.0,1132791.165,1190468.115,4.0,136.0,26.5,43.0,57676.95,0.9714285714285714,1.0509157837579004,6.0,5.0,0.0,900049.5,900049.5,45561.06,3042.0,581383.38525,930827.79,688500.0,135000.0,185680.17,30940.89,6.8514973333333336,2.0,2.0,60.0,1046.0,738.6666666666666,0.0,0.0,0.0,0.2229375,0.316375,0.8333333333333334,0.0,Tier_2,Other,3,0.6722657111379639,55817.1,1603.28,0.0,10203.19,7687.89,13801.6,9128.15,98241.21,32103.0,13655.79,8709.38,0.0605,106296.54,11295.52,0.0,62775.69,133,0.639,0.0,0.0,489.08,0.0,0,0,0.0,0.0,14447.25,18167.64,-6699.54,3
113324,F,57.347022587269,0,2.0,Married,Secondary / secondary special,House / apartment,N,Y,63000.0,Pensioner,,,XNA,Cash loans,71955.0,7245.0,67500.0,9.0,4.0,5.0,973737.0,359968.5,0.0,0.0,0.0,0.0,0.0,9.0,78241.54499999998,78241.54499999998,0.0,9.0,0.0,0.0,0.0,1.0,1.0,1.0,1.0,0.0,77845.5,77845.5,8693.505,0.0,,,,,,,,,,9.0,90.0,54.0,0.0,0.0,0.0,0.115,5.713785714285715,1.0,0.0,Tier_2,Other,2,0.7283200530474757,30387.89,644.77,0.0,3154.79,6193.06,3421.91,3668.43,47470.85,7245.0,8284.15,3019.02,0.0479,69856.93,11702.81,0.0,26613.04,24,0.5606,0.0,0.0,0.0,0.0,0,1,75.12,0.8333,2737.39,7013.75,-9874.86,4
109053,F,59.71800136892539,0,1.0,Single / not married,Secondary / secondary special,House / apartment,N,N,76500.0,Working,,Laborers,Military,Cash loans,729792.0,26343.0,630000.0,9.0,1.0,7.0,1791603.225,0.0,0.0,0.0,0.0,0.0,0.0,107.0,1012771.53,1012771.53,0.0,107.0,0.0,0.0,0.0,1.0,1.0,3.0,3.0,0.0,312565.5,312565.5,27181.620000000003,5814.0,619639.9875,1280852.865,5085000.0,252000.0,338170.5,62833.44375,3.452688125,0.0,0.0,21.0,171.0,87.5,0.0,0.0,0.0,0.3443529411764706,0.0,1.0,0.0,Tier_2,Salaried,1,0.7144699592561855,29433.65,4840.06,0.0,5479.01,8759.92,2397.0,5059.65,55969.29,26343.0,0.0,0.0,0.0,0.0,0.0,0.0,21813.48,129,0.3897,0.0,0.0,0.0,0.0,1,0,112.12,0.9167,-10184.38,7820.1,-28755.92,11
409272,F,61.987679671457904,0,1.0,Widow,Secondary / secondary special,House / apartment,N,Y,135000.0,Pensioner,,,XNA,Cash loans,679266.0,19597.5,567000.0,6.0,2.0,4.0,826454.25,168831.0,0.0,0.0,0.0,0.0,0.0,20.0,318192.57,318192.57,0.0,20.0,0.0,0.0,0.0,1.0,1.0,3.0,3.0,0.0,564777.0,564777.0,33232.5,0.0,,,,,,,,,,22.0,289.0,158.5,0.0,0.0,0.0,0.1451666666666666,1.2506,1.0,0.0,Tier_2,Other,1,0.7128739655539149,50638.7,2205.96,0.0,5257.1,16972.53,14838.23,9795.79,99708.31,19597.5,15694.19,7980.6,0.0591,340495.17,0.0,0.0,62005.86,123,0.6219,0.0,0.0,0.0,0.0,0,0,0.0,0.0,12863.83,15484.42,-25774.65,2
193963,F,57.48665297741273,0,2.0,Married,Secondary / secondary special,House / apartment,N,N,180000.0,Working,5.240246406570842,Core staff,Kindergarten,Cash loans,562491.0,23962.5,454500.0,1.0,1.0,0.0,180000.0,0.0,0.0,0.0,0.0,0.0,0.0,54.0,687456.45,652465.35,5.0,49.0,9.0,9.0,-34991.1,0.9074074074074074,0.949100630301745,3.0,3.0,0.0,632740.5,632740.5,32595.075,13500.0,,,,,,,,,,53.0,827.0,543.0833333333334,0.0,0.0,0.0,0.133125,0.0,1.0,0.0,Tier_3,Salaried,3,0.6661362952993628,58646.19,14551.43,0.0,10291.22,13957.8,6309.93,5734.94,109491.51,23962.5,46545.99,22646.44,0.1258,1067203.96,402446.55,0.0,34672.1,104,0.3167,0.0,0.0,0.0,0.0,0,0,0.0,0.0,44089.49,7799.27,34980.49,0
393215,F,37.215605749486656,0,1.0,Single / not married,Secondary / secondary special,House / apartment,N,Y,90000.0,Working,5.924709103353867,Sales staff,Self-employed,Cash loans,545040.0,19575.0,450000.0,1.0,0.0,1.0,109498.5,0.0,0.0,0.0,0.0,0.0,0.0,86.0,724777.2,677145.825,7.0,79.0,66.5,84.0,-47631.375,0.9186046511627908,0.934281355704898,4.0,4.0,0.0,292837.5,292837.5,29781.27,2920.5,1597511.4975,2032363.35,6367500.0,585412.65,452173.59,79558.3575,5.6234927500000005,0.0,0.0,27.0,215.0,127.5,2.0,51.0,0.0,0.2175,0.0,1.0,0.0,Tier_2,Salaried,1,0.6771932878750504,39006.57,758.17,0.0,4203.71,8899.13,4947.44,4135.9,61950.92,19575.0,8474.08,3729.17,0.0414,109237.58,31884.33,0.0,28548.25,65,0.4608,0.0,0.0,0.0,342.67,0,0,0.0,0.0,10845.8,7646.22,-3074.32,1
268841,F,56.32306639288159,0,1.0,Widow,Secondary / secondary special,House / apartment,N,Y,270000.0,Working,12.36413415468857,Managers,Trade: type 7,Cash loans,1125000.0,39987.0,1125000.0,8.0,3.0,5.0,841810.5,389398.5,0.0,0.0,0.0,0.0,0.0,17.0,556758.45,500949.45,3.0,14.0,25.0,40.0,-55809.0,0.8235294117647058,0.899760838834148,2.0,2.0,0.0,443043.0,221521.5,17179.425,6457.5,,,,,,,,,,17.0,165.33333333333334,107.83333333333331,0.0,0.0,0.0,0.1481,1.4422166666666667,1.0,0.0,Tier_3,Salaried,1,0.5340045867446865,67655.95,4660.36,0.0,13252.52,20140.71,18440.76,9953.41,134103.71,39987.0,95909.29,36772.67,0.1362,1228792.86,0.0,0.0,43517.01,55,0.3245,0.0,0.0,0.0,0.0,1,0,629.03,1.0,94336.99,20247.83,48014.84,0
447822,F,29.481177275838466,2,4.0,Civil marriage,Secondary / secondary special,House / apartment,N,Y,180000.0,Working,2.80082135523614,Laborers,Government,Cash loans,243000.0,22414.5,243000.0,2.0,0.0,2.0,329832.0,0.0,0.0,0.0,0.0,0.0,0.0,17.0,189171.09,189171.09,2.0,15.0,2.0,2.0,0.0,0.8823529411764706,1.0,7.0,3.0,1.0,480739.5,480739.5,41549.175,43659.0,,,,,,,,,,19.0,252.0,195.5,0.0,0.0,0.0,0.124525,0.0,0.4285714285714285,0.0,Tier_1,Salaried,4,0.7137884279990516,82607.92,4986.24,11776.05,9990.7,12882.04,6238.97,14482.42,142964.34,22414.5,14621.16,5409.99,0.0301,139385.63,32616.4,527.66,80022.01,134,0.5597,0.0,0.0,848.75,514.48,1,0,147.3,0.9167,15492.75,18626.93,-18741.76,2
151969,F,59.419575633128,0,1.0,Single / not married,Secondary / secondary special,House / apartment,N,Y,207000.0,Pensioner,,,XNA,Cash loans,781920.0,25969.5,675000.0,12.0,3.0,9.0,1332736.875,230899.5,0.0,0.0,0.0,0.0,0.0,6.0,34060.725,34060.725,0.0,6.0,0.0,0.0,0.0,1.0,1.0,1.0,1.0,0.0,30699.0,30699.0,5676.84,0.0,,,,,,,,,,7.0,42.0,21.0,0.0,0.0,0.0,0.1254565217391304,1.1154565217391303,1.0,0.0,Tier_1,Other,1,0.7253327622605054,79224.57,6020.57,0.0,25564.53,18449.66,9233.06,10259.32,148751.71,25969.5,32278.79,20288.68,0.098,360741.1,59417.32,1844.54,82562.93,206,0.555,0.0,0.0,0.0,0.0,0,0,0.0,0.0,35597.71,29878.56,-4855.72,2
125683,F,31.498973305954827,1,3.0,Married,Secondary / secondary special,House / apartment,N,Y,157500.0,Working,,Core staff,Trade: type 3,Cash loans,1129500.0,37458.0,1129500.0,13.0,4.0,9.0,1119956.715,477780.93,0.0,0.0,0.0,0.0,0.0,31.0,659994.0750000001,639771.5700000001,3.0,28.0,4.0,4.0,-20222.505000000005,0.9032258064516128,0.969359565841557,8.0,6.0,0.0,1502878.5,1255925.25,64243.6875,5449.5,,,,,,,,,,33.0,529.0,358.0,0.0,0.0,0.0,0.2378285714285714,3.0335297142857143,0.75,0.0,Tier_1,Salaried,3,0.695537578182066,50002.29,1737.9,17674.28,12482.71,15832.93,11817.05,9065.77,118612.93,37458.0,1429.07,868.12,0.0055,2130.66,428.29,0.0,83721.66,242,0.7058,0.0,0.0,0.0,0.0,1,0,211.28,0.9167,-4084.19,13331.32,-27076.27,6
258794,M,41.489390828199866,0,2.0,Married,Secondary / secondary special,House / apartment,Y,Y,135000.0,Working,4.676249144421629,Drivers,Self-employed,Cash loans,675000.0,26284.5,675000.0,,,,,,,,,,,32.0,246791.43,246791.43,1.0,31.0,1.0,1.0,0.0,0.96875,1.0,16.0,2.0,13.0,3588421.5,2406899.25,254078.2125,0.0,2110960.5300000003,2110960.5300000003,2160000.0,247657.635,107220.15,100483.425,11.9140948,0.0,0.0,7.0,42.0,21.0,0.0,0.0,0.0,0.1947,,0.125,,Tier_3,Salaried,3,0.4811321699280908,44752.44,775.58,0.0,5739.43,5407.73,4045.13,12700.69,73421.0,26284.5,35294.5,15277.05,0.1132,302824.27,0.0,0.0,26873.26,39,0.366,0.0,0.0,0.0,882.63,0,0,0.0,0.0,36763.35,8673.74,23663.76,0
339349,M,25.971252566735117,0,2.0,Married,Higher education,House / apartment,N,N,157500.0,Working,,High skill tech staff,Industry: type 9,Cash loans,450000.0,13027.5,450000.0,5.0,4.0,1.0,731122.875,141621.03,357750.0,0.0,0.0,0.0,0.0,12.0,70497.405,70497.405,0.0,12.0,0.0,0.0,0.0,1.0,1.0,2.0,2.0,0.0,86337.0,86337.0,11749.725,4500.0,,,,,,,,,,14.0,108.0,69.5,0.0,0.0,0.0,0.0827142857142857,0.8991811428571429,1.0,0.0,Tier_1,Salaried,2,0.8158120453565226,72436.16,12512.33,0.0,9952.94,9158.55,11898.24,5305.79,121264.01,13027.5,23208.49,11457.55,0.0727,127219.26,0.0,1519.9,48893.14,193,0.4032,0.0,0.0,0.0,0.0,0,0,0.0,0.0,23429.05,14694.18,-3908.65,2
376505,F,55.90965092402464,0,2.0,Married,Secondary / secondary special,House / apartment,N,Y,90000.0,Commercial associate,,Sales staff,Business Entity Type 3,Cash loans,239850.0,23719.5,225000.0,,,,,,,,,,,13.0,240590.475,222017.985,2.0,11.0,22.0,22.0,-18572.490000000005,0.8461538461538461,0.9228045499307486,1.0,1.0,0.0,179563.5,179563.5,18495.045,19953.0,,,,,,,,,,13.0,156.0,77.0,1.0,1.0,1.0,0.26355,,1.0,,Tier_1,Other,1,0.7907549808296865,47196.18,1767.08,0.0,6085.72,9493.07,3954.15,3390.02,71886.22,23719.5,0.0,0.0,0.0,0.0,0.0,0.0,48134.83,147,0.6696,0.0,0.0,0.0,0.0,1,0,73.9,1.0,-8400.21,13700.02,-26723.01,8
211982,F,42.27241615331965,1,3.0,Married,Secondary / secondary special,House / apartment,N,Y,112500.0,Working,5.196440793976728,,Other,Cash loans,797557.5,26487.0,688500.0,1.0,1.0,0.0,21046.5,10989.0,0.0,0.0,0.0,0.0,0.0,12.0,93759.255,93759.255,0.0,12.0,0.0,0.0,0.0,1.0,1.0,2.0,1.0,0.0,76495.5,76495.5,7816.77,0.0,,,,,,,,,,13.0,132.0,51.0,0.0,0.0,0.0,0.23544,0.09768,0.5,0.0,Tier_2,Salaried,3,0.6182930309434751,45413.48,2211.15,2102.58,3985.92,8514.38,7330.45,6998.0,76555.96,26487.0,9457.04,4516.36,0.0401,19041.31,0.0,0.0,26179.65,36,0.342,0.0,0.0,0.0,657.41,1,1,431.24,0.75,9544.06,8853.51,-3218.68,2
114039,M,40.5201916495551,1,3.0,Married,Secondary / secondary special,House / apartment,Y,N,157500.0,Working,19.84394250513347,,Other,Cash loans,900000.0,29034.0,900000.0,7.0,4.0,3.0,4812147.0,3039106.5,0.0,0.0,0.0,0.0,0.0,30.0,375718.545,320495.445,7.0,23.0,155.0,155.0,-55223.100000000006,0.7666666666666667,0.8530200312577064,4.0,3.0,1.0,3423451.5,3340602.0,104833.395,33750.0,,,,,,,,,,28.0,241.0,144.0,5.0,56.0,0.0,0.1843428571428571,19.29591428571429,0.75,0.0,Tier_2,Salaried,3,0.7222760745910997,64704.96,8347.19,9233.49,6010.48,17186.9,8275.45,13179.57,126938.04,29034.0,1527.96,602.79,0.0038,14917.15,2449.36,0.0,92688.32,75,0.7302,171.34,2452.93,0.0,0.0,0,1,105.91,0.6667,748.67,13650.33,-21146.58,7
100190,M,38.25325119780972,0,2.0,Married,Higher education,House / apartment,Y,N,162000.0,Commercial associate,12.243668720054757,Laborers,Government,Cash loans,263686.5,24781.5,238500.0,5.0,2.0,3.0,394335.0,-77.75999999999999,135077.76,0.0,0.0,0.0,0.0,127.0,2466949.545,2257828.605,28.0,99.0,36.333333333333336,56.0,-209120.94,0.7795275590551181,0.9152309618881972,11.0,10.0,1.0,2381202.0,1982659.5,170242.0875,0.0,0.0,0.0,6937500.0,0.0,0.0,0.0,0.0,0.0,0.0,127.0,913.0333333333332,436.1833333333333,1.0,4.0,4.0,0.1529722222222222,-0.0004799999999999,0.9090909090909092,0.0,Tier_3,Other,2,0.5473992101576961,56266.72,3218.58,0.0,5226.25,10137.3,8927.39,33795.04,117571.28,24781.5,19647.22,12764.46,0.0788,506736.93,191036.44,0.0,51017.17,109,0.4339,0.0,0.0,0.0,0.0,1,0,175.27,0.9167,7613.97,19919.85,-30357.77,4
155681,M,45.19917864476386,1,3.0,Married,Secondary / secondary special,House / apartment,Y,Y,108000.0,Working,,Laborers,Business Entity Type 1,Cash loans,502497.0,28188.0,454500.0,2.0,0.0,2.0,540000.0,0.0,0.0,0.0,0.0,0.0,0.0,89.0,1125292.95,1552763.205,0.0,89.0,0.0,0.0,427470.255,1.0,1.3798746406435765,5.0,4.0,0.0,1342755.0,1047926.25,66918.5325,23337.0,115238.76375,260968.995,7267500.0,137344.5,144176.94,11048.9775,0.2560861416666666,0.0,0.0,38.0,401.6666666666667,218.5,0.0,0.0,0.0,0.261,0.0,0.8,0.0,Tier_2,Salaried,3,0.6053676279641359,30796.75,1825.94,8852.07,7389.57,8283.82,8231.55,7482.49,72862.19,28188.0,6949.81,3981.62,0.0369,74938.81,19763.47,249.05,26100.97,56,0.3582,0.0,0.0,0.0,0.0,1,1,488.87,0.8333,5436.48,8489.34,-12451.52,4
232726,F,58.54620123203286,0,2.0,Married,Secondary / secondary special,House / apartment,Y,Y,135000.0,Pensioner,,,XNA,Cash loans,506889.0,34002.0,418500.0,8.0,5.0,3.0,1235943.0,307852.74,29647.26,0.0,0.0,0.0,0.0,14.0,178091.595,178091.595,0.0,14.0,0.0,0.0,0.0,1.0,1.0,16.0,3.0,9.0,2231176.5,1079450.25,62569.035,9787.5,,,,,,,,,,16.0,426.0,375.0,0.0,0.0,0.0,0.2518666666666667,2.2803906666666665,0.1875,0.0,Tier_2,Other,2,0.7604182379199502,51598.45,2600.93,0.0,15281.74,16161.86,5514.19,7907.78,99064.95,34002.0,1933.05,976.22,0.0072,1535.62,200.19,0.0,37062.81,212,0.3741,0.0,0.0,0.0,0.0,0,0,0.0,0.0,5182.03,16556.99,-27462.51,5
329738,M,55.72073921971253,0,1.0,Single / not married,Secondary / secondary special,House / apartment,Y,Y,315000.0,Commercial associate,7.646817248459959,Managers,Self-employed,Cash loans,942300.0,30528.0,675000.0,5.0,2.0,3.0,13405500.0,2609437.68,112513.32,0.0,0.0,0.0,0.0,11.0,67095.27,67095.27,0.0,11.0,0.0,0.0,0.0,1.0,1.0,3.0,2.0,1.0,100894.5,100894.5,13479.93,7146.0,,,,,,,,,,12.0,66.0,36.0,0.0,0.0,0.0,0.0969142857142857,8.283929142857144,0.6666666666666666,0.0,Tier_2,Other,1,0.6929071988413731,107428.05,8407.46,0.0,27440.11,39382.49,17023.64,25655.49,225337.24,30528.0,59134.76,32850.98,0.1043,819804.01,97823.75,2863.53,128562.26,248,0.5705,0.0,0.0,0.0,0.0,0,0,0.0,0.0,51702.6,29725.84,14088.06,0
404063,F,31.66324435318275,1,3.0,Married,Incomplete higher,House / apartment,N,Y,72000.0,State servant,5.793292265571527,Core staff,Kindergarten,Cash loans,495000.0,16096.5,495000.0,4.0,1.0,3.0,243182.565,34156.89,0.0,0.0,0.0,0.0,0.0,7.0,183899.655,183899.655,0.0,7.0,0.0,0.0,0.0,1.0,1.0,1.0,1.0,0.0,176503.5,176503.5,7993.845,0.0,,,,,,,,,,8.0,175.0,147.0,0.0,0.0,0.0,0.2235625,0.47440125,1.0,0.0,Tier_2,Salaried,3,0.7344510208279337,36314.88,708.34,3634.75,5837.91,3783.87,2600.72,2891.51,55771.98,16096.5,131.52,60.37,0.0008,1081.91,400.5,0.0,24377.08,109,0.4371,0.0,0.0,0.0,0.0,0,0,0.0,0.0,1875.1,6357.96,-10473.22,4
194239,M,45.70294318959617,0,2.0,Married,Secondary / secondary special,Office apartment,N,Y,225000.0,Commercial associate,7.822039698836414,High skill tech staff,Business Entity Type 1,Cash loans,585000.0,56988.0,585000.0,3.0,2.0,1.0,861511.5,327973.5,0.0,0.0,0.0,0.0,0.0,67.0,451644.57,450422.685,12.0,55.0,145.0,152.0,-1221.885,0.8208955223880597,0.997294587201613,3.0,0.0,3.0,188914.5,188914.5,27145.89,13491.0,1209387.430071429,2148069.06,4860000.0,230850.0,442463.22,109330.74482142855,8.958425407936508,10.0,9.0,,,,,,,0.25328,1.45766,0.0,0.0,Tier_1,Other,2,0.6884742256443036,88936.17,5747.04,0.0,6426.13,23852.93,12836.0,16406.64,154204.91,56988.0,13807.09,8263.46,0.0367,286269.62,0.0,459.38,108692.89,277,0.7049,0.0,0.0,0.0,0.0,0,0,0.0,0.0,10080.77,19045.24,-25800.8,4
176598,F,49.20739219712526,0,1.0,Single / not married,Secondary / secondary special,House / apartment,N,Y,189000.0,Working,25.22108145106092,Laborers,Military,Cash loans,497520.0,33376.5,450000.0,14.0,1.0,13.0,1966508.235,122017.5,0.0,0.0,0.0,0.0,0.0,16.0,313330.77,313330.77,0.0,16.0,0.0,0.0,0.0,1.0,1.0,5.0,3.0,0.0,447570.0,447570.0,59861.7,0.0,,,,,,,,,,19.0,123.0,76.5,0.0,0.0,0.0,0.176595238095238,0.6455952380952381,0.6,0.0,Tier_2,Salaried,1,0.4796797664424441,45553.66,3580.61,0.0,9956.89,13377.92,9118.07,22728.01,104315.16,33376.5,51308.34,27691.15,0.1465,101211.23,0.0,0.0,37878.54,69,0.3631,0.0,0.0,0.0,0.0,1,0,349.06,1.0,51852.18,12881.08,32698.09,0
452967,M,57.35523613963039,0,2.0,Married,Secondary / secondary special,House / apartment,Y,N,90000.0,Working,,Laborers,Business Entity Type 3,Cash loans,246357.0,26662.5,234000.0,1.0,0.0,1.0,56340.0,0.0,0.0,0.0,0.0,0.0,0.0,35.0,518077.125,439198.965,5.0,30.0,27.0,35.0,-78878.15999999999,0.8571428571428571,0.8477482286059242,6.0,5.0,1.0,891954.0,891954.0,74447.28,8298.0,,,,,,,,,,38.0,255.0,122.5,2.0,24.0,4.0,0.29625,0.0,0.8333333333333334,0.0,Tier_2,Salaried,1,0.7545668402701446,45114.49,6614.51,0.0,4740.99,5509.04,1946.25,9701.12,73626.4,26662.5,0.0,0.0,0.0,0.0,0.0,0.0,35693.42,87,0.4848,0.0,0.0,0.0,0.0,0,0,0.0,0.0,-12987.75,8010.83,-24842.13,12
273511,F,56.17522245037645,0,2.0,Married,Secondary / secondary special,House / apartment,Y,N,112500.0,Pensioner,,,XNA,Cash loans,425889.0,21906.0,355500.0,5.0,3.0,2.0,1234772.55,877612.5,1530.0,0.0,0.0,0.0,0.0,133.0,3170866.41,3024966.195,9.0,124.0,131.0,131.0,-145900.215,0.9323308270676692,0.9539872715735128,8.0,6.0,1.0,2644204.5,1994289.75,104951.025,19539.0,4059125.82,4184842.455,5175000.0,351000.0,366732.405,204506.20125,18.0405592,7.0,7.0,74.0,1287.1666666666667,851.8333333333334,3.0,34.0,4.0,0.19472,7.801,0.75,0.0,Tier_2,Other,2,0.6755261714719573,43489.01,5840.03,0.0,10343.6,9232.04,4046.32,5567.35,78518.35,21906.0,12075.65,6571.76,0.0584,138689.39,21917.34,0.0,30590.79,20,0.3896,0.0,0.0,0.0,0.0,0,0,0.0,0.0,12413.21,14400.99,-17357.45,3
112460,M,56.19164955509925,0,2.0,Civil marriage,Secondary / secondary special,Municipal apartment,Y,Y,90000.0,Working,2.7734428473648185,Drivers,Business Entity Type 3,Cash loans,397881.0,22972.5,328500.0,2.0,0.0,2.0,180000.0,0.0,0.0,0.0,0.0,0.0,0.0,26.0,469461.285,469461.285,0.0,26.0,0.0,0.0,0.0,1.0,1.0,3.0,2.0,0.0,372015.0,372015.0,33151.23,13500.0,,,,,,,,,,29.0,373.0,191.0,0.0,0.0,0.0,0.25525,0.0,0.6666666666666666,0.0,Tier_1,Salaried,2,0.8458905810866113,45916.38,1403.65,0.0,2281.07,13190.63,4229.79,2775.11,69796.63,22972.5,0.0,0.0,0.0,0.0,0.0,0.0,43902.85,119,0.629,0.0,0.0,0.0,0.0,0,0,0.0,0.0,-1133.47,7228.91,-20385.08,4
188104,F,25.916495550992472,0,2.0,Married,Secondary / secondary special,House / apartment,N,Y,157500.0,Commercial associate,,Sales staff,Business Entity Type 3,Cash loans,940500.0,27630.0,940500.0,,,,,,,,,,,6.0,113897.925,113897.925,0.0,6.0,0.0,0.0,0.0,1.0,1.0,3.0,2.0,0.0,167161.5,167161.5,31401.225,18000.0,,,,,,,,,,8.0,46.0,33.0,0.0,0.0,0.0,0.1754285714285714,,0.6666666666666666,,Tier_1,Other,2,0.7457649996853725,79650.42,2684.4,0.0,7337.94,12974.76,8444.33,7056.58,118148.43,27630.0,11721.57,8412.27,0.0534,366749.71,0.0,936.66,39259.9,133,0.3323,1333.51,10010.99,0.0,0.0,1,0,148.93,1.0,9800.34,17570.65,-27564.37,3
385298,F,48.26830937713895,0,1.0,Single / not married,Secondary / secondary special,House / apartment,Y,Y,211500.0,Working,14.496919917864476,Laborers,Business Entity Type 2,Cash loans,808650.0,26217.0,675000.0,11.0,6.0,5.0,5207611.77,1742652.0,0.0,0.0,0.0,0.0,0.0,53.0,2718709.245,2694935.16,3.0,50.0,20.0,20.0,-23774.085,0.9433962264150944,0.9912553778806164,9.0,4.0,0.0,2360925.0,1834078.5,100278.225,2637.0,2025320.625,2025320.625,9450000.0,459450.0,663841.8,98824.005,4.500712500000001,0.0,0.0,30.0,459.0,361.0,1.0,9.0,0.0,0.1239574468085106,8.239489361702129,0.4444444444444444,0.0,Tier_3,Salaried,2,0.5974296301202021,85618.51,1681.39,0.0,6217.18,13873.64,11056.02,23748.43,142195.17,26217.0,43087.83,20252.16,0.0958,628076.93,0.0,0.0,47985.28,31,0.3375,0.0,0.0,0.0,0.0,0,0,0.0,0.0,42354.67,17484.84,11400.44,0
146772,F,41.503080082135526,2,4.0,Married,Higher education,House / apartment,N,Y,135000.0,State servant,4.265571526351814,Core staff,Other,Cash loans,755190.0,36459.0,675000.0,13.0,5.0,8.0,2630339.865,69988.5,0.0,0.0,0.0,0.0,0.0,82.0,3662719.965,4567219.965,1.0,81.0,1.0,1.0,904500.0,0.9878048780487804,1.2469476259837406,21.0,9.0,8.0,5633406.0,3099195.75,196760.7675,59296.5,1509491.6325,1615480.965,1867500.0,333895.365,178092.0,63472.6125,8.366157900000001,0.0,0.0,59.0,966.1666666666666,778.0,0.0,0.0,0.0,0.2700666666666667,0.5184333333333333,0.4285714285714285,0.0,Tier_3,Salaried,4,0.5935992228987057,43038.82,1126.75,12317.86,4782.86,12087.1,6782.51,10876.92,91012.82,36459.0,7528.18,3210.14,0.0238,85614.03,0.0,0.0,35658.93,116,0.3918,0.0,0.0,283.62,279.51,0,0,0.0,0.0,5803.2,10345.79,-12472.84,4
386046,F,31.37577002053388,0,1.0,Single / not married,Higher education,House / apartment,N,N,180000.0,Commercial associate,,,Services,Cash loans,379008.0,40945.5,360000.0,1.0,1.0,0.0,135000.0,132313.5,2683.665,0.0,0.0,0.0,0.0,40.0,625272.5700000001,430448.67,21.0,19.0,289.75,477.0,-194823.9,0.475,0.6884176448040891,2.0,2.0,0.0,305005.5,152502.75,21816.6525,0.0,,,,,,,,,,22.0,198.0,88.5,6.0,39.0,39.0,0.227475,0.735075,1.0,0.0,Tier_2,Other,1,0.6571382017757396,59076.05,9708.57,0.0,9620.28,27825.2,6865.39,11617.05,124712.54,40945.5,14341.96,5769.9,0.0321,77019.03,28279.17,0.0,68443.29,222,0.5488,0.0,0.0,0.0,0.0,0,0,0.0,0.0,11405.03,23549.03,-27885.26,3
442640,F,60.46269678302532,0,1.0,Widow,Higher education,House / apartment,N,Y,202500.0,Working,35.383983572895275,HR staff,Other,Revolving loans,225000.0,11250.0,225000.0,16.0,4.0,12.0,3270226.5,719766.0,0.0,0.0,0.0,0.0,0.0,36.0,384172.47,369970.11,1.0,35.0,2.0,2.0,-14202.36,0.9722222222222222,0.9630312916487744,9.0,3.0,2.0,2872183.5,1499091.75,59831.7975,2430.0,,,,,,,,,,39.0,571.5,350.5,0.0,0.0,0.0,0.0555555555555555,3.5544,0.3333333333333333,0.0,Tier_2,Salaried,1,0.6339698691613948,61491.75,4184.05,0.0,15703.12,14337.04,8264.21,10878.8,114858.97,11250.0,76391.03,41562.8,0.2052,847193.37,0.0,0.0,44303.51,80,0.3857,0.0,0.0,0.0,5602.02,0,0,0.0,0.0,75108.47,15174.46,43369.2,0
431950,M,28.933607118412045,0,1.0,Single / not married,Secondary / secondary special,Rented apartment,Y,N,180000.0,Working,3.3894592744695413,,Industry: type 9,Cash loans,284400.0,18643.5,225000.0,2.0,0.0,2.0,170662.5,0.0,0.0,0.0,0.0,0.0,0.0,8.0,63658.62,63658.62,1.0,7.0,2.0,2.0,0.0,0.875,1.0,2.0,1.0,1.0,69156.0,69156.0,11120.805,6750.0,,,,,,,,,,9.0,64.0,35.5,0.0,0.0,0.0,0.103575,0.0,0.5,0.0,Tier_1,Salaried,1,0.7427178981148137,81741.01,18154.62,0.0,6310.62,12811.24,8532.29,3095.87,130645.65,18643.5,30710.85,9741.04,0.0541,382778.48,55392.76,0.0,81440.46,166,0.6234,1923.73,57441.89,0.0,0.0,1,0,309.53,1.0,35762.7,15467.96,6441.38,0
324547,M,57.74401095140315,0,2.0,Married,Lower secondary,House / apartment,Y,Y,54000.0,State servant,12.073921971252568,Drivers,Medicine,Cash loans,127350.0,8266.5,112500.0,1.0,1.0,0.0,247275.0,122233.5,0.0,0.0,0.0,0.0,0.0,42.0,184946.76,178713.72,4.0,38.0,8.0,8.0,-6233.04,0.9047619047619048,0.9662981930583698,3.0,2.0,1.0,225891.0,225891.0,14715.54,2142.0,,,,,,,,,,40.0,633.0,338.6666666666667,0.0,0.0,0.0,0.1530833333333333,2.263583333333333,0.6666666666666666,0.0,Tier_1,Salaried,2,0.8508537207774679,32039.59,1704.77,0.0,1617.71,4114.25,3649.89,909.99,44036.2,8266.5,1697.3,701.36,0.013,9990.05,0.0,87.68,24587.51,51,0.5583,0.0,0.0,0.0,0.0,0,0,0.0,0.0,2823.36,4698.72,-7345.88,4
318964,F,60.79671457905544,0,2.0,Married,Secondary / secondary special,House / apartment,N,Y,67500.0,Pensioner,,,XNA,Cash loans,95940.0,9616.5,90000.0,5.0,2.0,3.0,615037.5,273096.0,0.0,0.0,0.0,0.0,0.0,9.0,37895.31,33684.48,1.0,8.0,27.0,27.0,-4210.83,0.8888888888888888,0.8888825556513459,1.0,1.0,0.0,26550.0,26550.0,4210.83,2925.0,,,,,,,,,,9.0,72.0,36.0,1.0,12.0,0.0,0.1424666666666666,4.045866666666667,1.0,0.0,Tier_1,Other,2,0.8048848949445769,27306.5,1743.73,0.0,2747.18,9171.13,7273.93,5804.82,54047.29,9616.5,3836.21,1351.64,0.02,25111.04,0.0,0.0,27355.28,80,0.5061,0.0,0.0,0.0,127.83,0,1,120.54,0.75,3551.47,6213.71,-9608.77,3
329377,M,27.263518138261464,0,2.0,Married,Secondary / secondary special,House / apartment,Y,Y,135000.0,Working,6.743326488706366,Laborers,Business Entity Type 3,Cash loans,225000.0,11650.5,225000.0,3.0,3.0,0.0,1562805.0,891938.565,0.0,0.0,0.0,0.0,0.0,79.0,387954.18,387954.18,0.0,79.0,0.0,0.0,0.0,1.0,1.0,8.0,6.0,1.0,390816.0,289561.5,27177.3225,14548.5,727783.245,727783.245,855000.0,151735.32,47094.57,33673.455,6.363057166666667,0.0,0.0,61.0,662.1666666666666,387.1666666666667,0.0,0.0,0.0,0.0863,6.606952333333333,0.75,0.0,Tier_1,Salaried,1,0.711841326061974,61407.05,2550.2,0.0,10320.88,11313.62,5040.85,16078.13,106710.73,11650.5,16638.77,10019.16,0.0742,285032.33,0.0,0.0,52601.4,87,0.4929,0.0,0.0,0.0,0.0,0,0,0.0,0.0,18059.77,14918.62,-13643.98,2
312273,F,29.960301163586585,0,2.0,Married,Higher education,House / apartment,N,Y,103500.0,Commercial associate,7.668720054757015,Accountants,Bank,Cash loans,278613.0,29691.0,252000.0,3.0,3.0,0.0,3100999.5,-1798.875,1825.875,0.0,0.0,0.0,0.0,6.0,30278.79,30278.79,0.0,6.0,0.0,0.0,0.0,1.0,1.0,2.0,1.0,1.0,51858.0,51858.0,10011.195,22500.0,,,,,,,,,,7.0,42.0,21.0,0.0,0.0,0.0,0.2868695652173913,-0.0173804347826086,0.5,0.0,Tier_1,Other,2,0.7150989951012497,46882.59,2386.67,0.0,3460.37,13801.09,2878.22,5710.71,75119.65,29691.0,0.0,0.0,0.0,0.0,0.0,0.0,25331.71,45,0.3372,0.0,0.0,0.0,0.0,0,0,0.0,0.0,1826.62,9389.61,-17212.35,4
220744,F,46.09993155373032,1,2.0,Separated,Secondary / secondary special,With parents,N,Y,225000.0,Commercial associate,,Laborers,Construction,Cash loans,221832.0,14953.5,175500.0,4.0,3.0,1.0,1141964.145,74222.145,0.0,0.0,0.0,0.0,0.0,129.0,1087245.225,958653.45,7.0,122.0,16.5,21.0,-128591.775,0.9457364341085271,0.8817269811417199,5.0,5.0,0.0,2354724.0,2276640.0,94942.5075,4482.0,222195.5085,454691.385,654375.0,158342.985,186942.6,21889.50375,3.8944528,1.0,0.0,39.0,1302.6666666666667,943.0,0.0,0.0,0.0,0.06646,0.3298762,1.0,0.0,Tier_2,Other,2,0.7795588658223864,94077.27,4162.36,38145.71,14629.34,14481.22,9904.84,22374.49,197775.23,14953.5,12271.27,2409.86,0.0107,59210.19,0.0,0.0,110191.18,221,0.5572,0.0,0.0,0.0,0.0,0,0,0.0,0.0,13448.41,27401.33,-22732.97,4
357751,M,42.07802874743327,0,2.0,Married,Higher education,House / apartment,Y,Y,157500.0,Working,9.987679671457906,,Other,Cash loans,400500.0,18801.0,400500.0,5.0,0.0,5.0,227020.05,0.0,0.0,0.0,0.0,0.0,0.0,12.0,117992.385,117992.385,0.0,12.0,0.0,0.0,0.0,1.0,1.0,1.0,1.0,0.0,95463.0,95463.0,9832.68,9652.5,,,,,,,,,,12.0,144.0,78.0,0.0,0.0,0.0,0.1193714285714285,0.0,1.0,0.0,Tier_1,Salaried,2,0.7142393027327066,73794.96,2980.21,0.0,9169.23,13488.56,7140.54,12752.66,119326.16,18801.0,19372.84,10567.64,0.0671,21940.01,0.0,0.0,42707.71,26,0.3579,0.0,0.0,0.0,0.0,0,0,0.0,0.0,21370.23,16352.53,-6004.42,1
416323,F,33.177275838466805,0,2.0,Married,Secondary / secondary special,House / apartment,N,Y,225000.0,Working,,Managers,Self-employed,Cash loans,258768.0,23863.5,216000.0,6.0,2.0,4.0,2282526.0,1408023.0,0.0,0.0,0.0,0.0,0.0,32.0,1575940.59,1915618.68,1.0,31.0,7.0,7.0,339678.09,0.96875,1.2155399081382885,10.0,3.0,4.0,4536396.0,4311396.0,192614.175,0.0,2330481.375,2330481.375,4500000.0,780115.5,446826.87,109258.29,5.1788475,0.0,0.0,11.0,190.0,135.0,0.0,0.0,0.0,0.10606,6.25788,0.3,0.0,Tier_1,Salaried,1,0.6256467453349511,70833.94,2882.67,0.0,33668.47,19269.47,8421.41,17881.5,152957.46,23863.5,48179.04,27806.05,0.1236,147914.11,0.0,3104.74,89719.51,186,0.5866,0.0,0.0,0.0,0.0,0,0,0.0,0.0,50190.35,11257.77,27672.3,0
101458,M,24.657084188911703,0,2.0,Married,Higher education,House / apartment,N,N,202500.0,Working,3.8439425051334704,,Security Ministries,Cash loans,479637.0,38025.0,396000.0,1.0,1.0,0.0,1611000.0,1596821.355,0.0,0.0,0.0,0.0,0.0,10.0,145656.27,116523.45,2.0,8.0,4.0,4.0,-29132.82,0.8,0.7999892486605623,3.0,2.0,0.0,693666.0,693666.0,50505.3,0.0,,,,,,,,,,9.0,56.0,29.333333333333336,0.0,0.0,0.0,0.1877777777777777,7.885537555555556,0.6666666666666666,0.0,Tier_3,Salaried,3,0.6194846421909448,77960.75,8217.54,0.0,13162.52,10473.71,7884.64,26031.83,143730.99,38025.0,20744.01,14562.98,0.0719,92687.5,0.0,0.0,73569.56,182,0.5119,0.0,0.0,0.0,0.0,1,1,295.66,1.0,18575.95,11275.92,481.8,0
403489,M,24.123203285420946,0,2.0,Married,Secondary / secondary special,House / apartment,Y,Y,135000.0,Working,,Drivers,Business Entity Type 3,Cash loans,427869.0,26307.0,387000.0,4.0,1.0,3.0,1506342.24,993226.5,0.0,0.0,0.0,0.0,0.0,29.0,361602.315,287372.25,7.0,22.0,26.666666666666668,36.0,-74230.065,0.7586206896551724,0.7947190548268476,4.0,4.0,0.0,235485.0,195306.75,27091.4175,18346.5,,,,,,,,,,27.0,183.83333333333331,107.66666666666669,0.0,0.0,0.0,0.1948666666666666,7.357233333333333,1.0,0.0,Tier_2,Salaried,1,0.5761220537996351,49488.56,1629.44,0.0,5068.42,11285.7,6612.26,6537.62,80622.0,26307.0,28071.0,10559.5,0.0782,282408.37,93102.69,0.0,49600.7,78,0.6152,0.0,0.0,0.0,640.12,1,0,223.5,1.0,31652.22,10584.22,5714.2,0
332240,F,57.44010951403149,0,2.0,Civil marriage,Secondary / secondary special,House / apartment,N,Y,85500.0,Pensioner,,,XNA,Cash loans,286704.0,12627.0,247500.0,,,,,,,,,,,18.0,119494.08,79664.535,8.0,10.0,42.0,42.0,-39829.545,0.5555555555555556,0.6666818557036466,1.0,1.0,0.0,64759.5,64759.5,6639.165,7195.5,,,,,,,,,,13.0,132.0,64.0,1.0,8.0,8.0,0.1476842105263157,,1.0,,Tier_2,Other,3,0.7836763199401265,44566.21,1558.75,0.0,9109.87,5567.0,3100.03,5940.59,69842.45,12627.0,3030.55,1171.65,0.0137,4743.32,1058.75,0.0,39258.08,56,0.5621,0.0,0.0,0.0,0.0,1,0,71.74,0.9167,2571.78,8783.43,-13698.18,7
251480,F,39.20602327173169,0,1.0,Separated,Secondary / secondary special,House / apartment,N,Y,157500.0,Working,8.262833675564682,,Other,Cash loans,270000.0,10309.5,270000.0,5.0,4.0,1.0,554614.2,257737.5,0.0,0.0,0.0,0.0,0.0,31.0,651207.69,651207.69,0.0,31.0,0.0,0.0,0.0,1.0,1.0,4.0,3.0,0.0,942957.0,875146.5,55646.235,0.0,0.0,0.0,5760000.0,0.0,0.0,0.0,0.0,0.0,0.0,33.0,518.5,297.6666666666667,0.0,0.0,0.0,0.0654571428571428,1.6364285714285711,0.75,0.0,Tier_2,Salaried,1,0.592287826009069,55643.48,2969.26,0.0,10947.35,9992.36,6355.92,9312.9,95221.27,10309.5,51969.23,22299.09,0.1416,228623.54,0.0,0.0,57856.06,218,0.6076,0.0,0.0,1412.67,1199.74,1,0,361.36,0.75,51092.41,12614.85,30955.19,0
350453,M,46.33264887063656,2,4.0,Married,Secondary / secondary special,House / apartment,Y,Y,270000.0,Commercial associate,6.299794661190965,Drivers,Business Entity Type 3,Cash loans,345645.0,16942.5,243000.0,,,,,,,,,,,43.0,1676074.59,1162180.035,15.0,28.0,41.0,43.0,-513894.555,0.6511627906976745,0.6933939825434617,5.0,2.0,1.0,1512720.0,1512720.0,90952.065,0.0,,,,,,,,,,30.0,834.0,649.3333333333334,0.0,0.0,0.0,0.06275,,0.4,,Tier_3,Other,4,0.6588744469294459,121516.35,2004.86,10256.06,9999.1,24823.66,9296.07,17848.28,195744.38,16942.5,57313.12,25377.23,0.094,153568.48,0.0,0.0,103863.42,248,0.5306,0.0,0.0,0.0,0.0,1,0,199.42,1.0,52668.63,35504.16,-15557.68,2
373295,F,55.76728268309377,0,1.0,Widow,Secondary / secondary special,House / apartment,N,Y,112500.0,Pensioner,,,XNA,Cash loans,277969.5,10606.5,229500.0,4.0,1.0,3.0,944324.64,0.0,0.0,0.0,0.0,0.0,0.0,115.0,2150758.215,2201315.715,9.0,106.0,31.5,33.0,50557.5,0.9217391304347826,1.0235068264054032,6.0,4.0,0.0,1660284.0,1660284.0,61467.3,31747.5,2897237.985,3296138.085,4068750.0,638712.0,680193.315,201297.21,17.3079475,0.0,0.0,64.0,2223.0,1597.5,1.0,6.0,6.0,0.09428,0.0,0.6666666666666666,0.0,Tier_1,Other,1,0.6956133278559099,49164.25,2087.43,0.0,7578.75,12717.92,2680.34,6873.78,81102.47,10606.5,20791.03,9672.66,0.086,271485.2,0.0,0.0,32955.45,93,0.4063,1980.2,93345.92,800.79,0.0,1,1,384.02,1.0,19637.26,15967.92,-8288.51,2
361735,F,46.3025325119781,0,2.0,Married,Secondary / secondary special,House / apartment,N,Y,270000.0,Commercial associate,2.8774811772758384,Laborers,Business Entity Type 3,Cash loans,1350000.0,39604.5,1350000.0,3.0,2.0,1.0,2523370.5,520497.0,0.0,0.0,0.0,0.0,0.0,162.0,1132765.515,1101265.515,15.0,147.0,90.0,121.0,-31500.0,0.9074074074074074,0.9721919500700902,3.0,3.0,0.0,776187.0,433093.5,21551.355,0.0,1864079.109,2611073.07,2800500.0,254760.3,429382.845,116458.635,23.0532302,11.0,10.0,29.0,462.0,289.5,0.0,0.0,0.0,0.1466833333333333,1.9277666666666664,1.0,0.0,Tier_2,Other,2,0.7175187157171732,130172.55,5711.99,0.0,8294.45,19970.53,16382.98,20637.1,201169.6,39604.5,29225.9,11834.0,0.0438,193550.59,0.0,0.0,89589.29,119,0.4453,0.0,0.0,0.0,0.0,1,0,569.15,1.0,16489.6,32229.22,-21419.52,5
225824,F,43.26351813826147,0,1.0,Single / not married,Secondary / secondary special,House / apartment,N,Y,213750.0,Working,3.890485968514716,Laborers,Business Entity Type 3,Cash loans,675000.0,21906.0,675000.0,5.0,4.0,1.0,1318183.65,704736.0,0.0,0.0,0.0,0.0,0.0,25.0,89460.405,89460.405,1.0,24.0,2.0,2.0,0.0,0.96,1.0,3.0,3.0,0.0,77319.0,77319.0,10647.63,1926.0,,,,,,,,,,27.0,234.0,134.0,0.0,0.0,0.0,0.1024842105263157,3.2970105263157894,1.0,0.0,Tier_3,Salaried,1,0.541215639706634,61388.58,2425.53,0.0,21091.47,11379.18,10315.75,20161.87,126762.38,21906.0,65081.62,30786.86,0.144,584082.08,97867.02,3232.2,49219.25,180,0.3883,2816.68,36806.1,0.0,0.0,0,1,220.05,0.9167,67670.08,13792.16,45783.76,0
392971,F,34.45311430527036,1,3.0,Married,Higher education,With parents,Y,Y,225000.0,Working,11.12662559890486,High skill tech staff,Business Entity Type 3,Cash loans,315000.0,32404.5,315000.0,,,,,,,,,,,24.0,669244.995,676318.7250000001,1.0,23.0,4.0,4.0,7073.730000000003,0.9583333333333334,1.010569716699936,11.0,5.0,2.0,1444005.0,725748.0,105722.6625,75555.0,0.0,0.0,4680000.0,0.0,0.0,0.0,0.0,0.0,0.0,27.0,144.5,73.5,0.0,0.0,0.0,0.14402,,0.4545454545454545,,Tier_3,Salaried,3,0.6055790086933226,77039.6,3680.82,15206.52,14713.9,15530.81,10083.62,22860.75,159116.02,32404.5,33479.48,16151.28,0.0718,60318.83,0.0,0.0,59462.25,79,0.3737,0.0,0.0,0.0,0.0,0,1,190.5,0.9167,34938.1,18942.45,-6278.42,1
119105,M,36.1533196440794,0,1.0,Single / not married,Higher education,House / apartment,Y,Y,261000.0,Working,3.1759069130732374,Laborers,Business Entity Type 3,Cash loans,518562.0,21969.0,463500.0,4.0,2.0,2.0,1270771.38,161869.5,0.0,0.0,0.0,0.0,0.0,44.0,612191.79,630191.79,0.0,44.0,0.0,0.0,18000.0,1.0,1.029402550465435,2.0,2.0,0.0,873445.5,873445.5,43983.9,0.0,2101394.565,2101394.565,7650000.0,768127.1399999999,379817.775,87409.53,2.746921,0.0,0.0,17.0,333.3333333333333,225.66666666666663,0.0,0.0,0.0,0.0841724137931034,0.6201896551724138,1.0,0.0,Tier_1,Salaried,1,0.5607591507147535,90216.63,3413.7,0.0,15421.26,20719.57,12048.99,10009.44,151829.59,21969.0,87201.41,41636.05,0.1595,1819289.17,460216.72,0.0,60428.11,98,0.398,0.0,0.0,0.0,0.0,0,0,0.0,0.0,88416.27,17992.61,65027.3,0
180744,F,35.83572895277207,1,3.0,Married,Higher education,House / apartment,Y,Y,81000.0,Commercial associate,,Laborers,Business Entity Type 3,Cash loans,254700.0,24192.0,225000.0,2.0,1.0,1.0,24128.73,0.0,0.0,0.0,0.0,0.0,0.0,,,,,,,,,,,,,,,,,,,,,,,,,,,,,,,,,0.2986666666666667,0.0,,0.0,Tier_1,Other,2,0.88,41098.74,2197.35,5407.7,6143.7,9699.57,6732.94,2876.63,74156.63,24192.0,0.0,0.0,0.0,0.0,0.0,0.0,30509.62,36,0.4114,0.0,0.0,0.0,0.0,0,0,0.0,0.0,-17901.7,7893.77,-31343.43,12
132388,F,36.39972621492129,0,1.0,Separated,Higher education,House / apartment,Y,Y,315000.0,Commercial associate,11.441478439425053,Core staff,Legal Services,Cash loans,900000.0,45954.0,900000.0,3.0,0.0,3.0,2748712.5,1466860.5,0.0,0.0,0.0,0.0,0.0,3.0,1684.665,1684.665,0.0,3.0,0.0,0.0,0.0,1.0,1.0,2.0,0.0,1.0,305221.5,305221.5,17653.275,0.0,0.0,0.0,698625.0,561.555,0.0,0.0,0.0,0.0,0.0,,,,,,,0.1458857142857142,4.6567,0.0,0.0,Tier_3,Other,2,0.6268683312278986,146281.67,2095.4,0.0,5839.79,19554.09,9917.21,12336.18,196024.34,45954.0,73021.66,21006.74,0.0667,594706.94,122163.18,0.0,94635.33,168,0.4828,0.0,0.0,0.0,0.0,0,0,0.0,0.0,66602.6,38035.1,8416.36,0
308924,M,57.81519507186858,0,2.0,Married,Higher education,Municipal apartment,N,N,171000.0,State servant,,Core staff,School,Cash loans,269550.0,18364.5,225000.0,16.0,7.0,9.0,2321086.5,1185390.0,11646.0,15934.5,42.0,2.0,0.0,35.0,230213.97,205650.0,9.0,26.0,49.0,49.0,-24563.97,0.7428571428571429,0.893299394472021,1.0,1.0,0.0,225000.0,225000.0,11250.0,0.0,3447658.35,3457292.85,3600000.0,233550.0,152273.97,149848.995,15.322926,29.0,0.0,,,,,,,0.1073947368421052,6.932105263157895,1.0,0.0068651039071572,Tier_3,Salaried,2,0.6356733524521795,63874.91,5436.99,0.0,6272.89,14036.6,10676.81,26093.71,126391.91,18364.5,26243.59,12002.78,0.0702,168670.2,0.0,0.0,67906.9,278,0.5373,0.0,0.0,0.0,0.0,1,0,209.23,0.9167,28872.87,9265.63,11381.58,0
390360,F,49.71389459274469,0,1.0,Single / not married,Secondary / secondary special,Municipal apartment,N,Y,94500.0,State servant,3.373032169746749,Medicine staff,Medicine,Cash loans,675000.0,21775.5,675000.0,4.0,2.0,2.0,1957500.0,869647.5,2628.0,0.0,0.0,0.0,0.0,12.0,75777.435,75777.435,2.0,10.0,9.0,9.0,0.0,0.8333333333333334,1.0,1.0,1.0,0.0,55480.5,55480.5,5470.38,12374.1,,,,,,,,,,13.0,152.0,87.0,0.0,0.0,0.0,0.2304285714285714,9.202619047619049,1.0,0.0,Tier_2,Salaried,1,0.6651725356345002,39089.82,984.52,0.0,3228.5,10658.59,4091.23,7560.58,65613.24,21775.5,7111.26,3493.95,0.037,16613.27,0.0,0.0,20596.85,108,0.3139,699.14,30671.52,0.0,0.0,0,0,0.0,0.0,4566.5,6745.23,-7171.6,3
161000,M,49.16084873374401,1,3.0,Married,Secondary / secondary special,House / apartment,N,Y,139500.0,Commercial associate,19.98904859685147,Laborers,Other,Cash loans,763056.0,27535.5,630000.0,14.0,3.0,11.0,3091084.11,987966.0,0.0,0.0,0.0,0.0,0.0,16.0,175521.735,175521.735,0.0,16.0,0.0,0.0,0.0,1.0,1.0,4.0,3.0,0.0,153292.5,153292.5,21227.85,5625.0,,,,,,,,,,18.0,132.0,74.0,0.0,0.0,0.0,0.1973870967741935,7.082193548387097,0.75,0.0,Tier_3,Other,4,0.685563123419365,56939.87,1070.9,7238.07,13225.8,10715.29,6446.14,5948.05,101584.12,27535.5,10380.38,6696.77,0.048,159146.0,48015.23,0.0,34138.29,341,0.3361,0.0,0.0,0.0,0.0,1,1,321.66,1.0,4007.3,17512.07,-26739.81,4
208655,M,26.403832991101982,0,2.0,Married,Incomplete higher,House / apartment,Y,Y,225000.0,Working,4.331279945242985,High skill tech staff,Construction,Cash loans,1006920.0,42660.0,900000.0,8.0,5.0,3.0,3227760.72,2126137.5,0.0,0.0,0.0,0.0,0.0,16.0,332637.165,350488.485,0.0,16.0,0.0,0.0,17851.32,1.0,1.0536660417966224,2.0,2.0,0.0,284994.0,284994.0,46157.985,16807.5,,,,,,,,,,18.0,140.0,72.5,0.0,0.0,0.0,0.1896,9.4495,1.0,0.0,Tier_2,Salaried,2,0.565831277706029,84523.04,2475.5,0.0,7220.52,11655.6,9962.38,14828.74,130665.78,42660.0,51674.22,29138.08,0.1295,64259.12,0.0,0.0,74485.25,170,0.57,0.0,0.0,0.0,3680.64,1,0,322.31,0.8333,55879.91,14913.74,18898.14,0
100359,M,40.85694729637235,1,3.0,Married,Secondary / secondary special,House / apartment,Y,Y,112500.0,Working,,Laborers,Business Entity Type 3,Cash loans,226908.0,11164.5,148500.0,4.0,1.0,3.0,805855.5,48456.0,0.0,0.0,0.0,0.0,0.0,4.0,26501.715,26501.715,0.0,4.0,0.0,0.0,0.0,1.0,1.0,2.0,1.0,1.0,63751.5,63751.5,6626.925,2506.5,,,,,,,,,,6.0,24.0,10.0,0.0,0.0,0.0,0.09924,0.43072,0.5,0.0,Tier_2,Salaried,3,0.6762656103499598,39595.95,2735.24,6450.55,6190.86,10426.36,10680.93,3087.45,79167.34,11164.5,22168.16,17604.89,0.1565,340351.84,75881.68,0.0,35367.31,102,0.4467,0.0,0.0,1849.17,0.0,0,0,0.0,0.0,24003.56,8953.19,9341.3,0
157736,F,46.75154004106776,0,1.0,Single / not married,Secondary / secondary special,House / apartment,N,Y,207000.0,Commercial associate,8.821355236139631,Managers,Business Entity Type 3,Cash loans,258709.5,27990.0,234000.0,1.0,1.0,0.0,900000.0,0.0,0.0,0.0,0.0,0.0,0.0,28.0,595994.13,595769.13,0.0,28.0,0.0,0.0,-225.0,1.0,0.9996224795032796,3.0,2.0,1.0,400378.5,400378.5,37487.7,16645.5,92215.305,94532.085,1170000.0,444758.4,401366.7,6297.4800000000005,0.4550808666666667,0.0,0.0,4.0,28.0,23.0,0.0,0.0,0.0,0.1352173913043478,0.0,0.6666666666666666,0.0,Tier_3,Other,2,0.5250665858949669,70434.57,2019.55,0.0,12243.04,11031.31,6217.47,16310.54,118256.48,27990.0,60753.52,21972.91,0.1061,378581.63,0.0,0.0,53479.5,151,0.4522,3795.95,166438.5,3153.33,1651.1,1,1,522.73,0.8333,73056.32,14188.44,52231.77,0
320863,F,64.5886379192334,0,2.0,Married,Secondary / secondary special,House / apartment,N,Y,54000.0,Pensioner,,,XNA,Cash loans,526491.0,17527.5,454500.0,1.0,1.0,0.0,207765.0,207765.0,0.0,0.0,0.0,0.0,0.0,9.0,79761.195,79761.195,0.0,9.0,0.0,0.0,0.0,1.0,1.0,,,,,,,,,,,,,,,,,12.0,110.0,36.0,0.0,0.0,0.0,0.3245833333333333,3.8475,,0.0,Tier_2,Other,2,0.7095797602209414,22004.71,672.9,0.0,3182.39,4291.76,3796.48,1074.61,35022.85,17527.5,1449.65,831.44,0.0154,14038.33,0.0,0.0,14448.34,24,0.4125,0.0,0.0,0.0,0.0,0,0,0.0,0.0,2569.23,4751.67,-7618.07,2
317631,F,59.723477070499655,0,1.0,Separated,Secondary / secondary special,House / apartment,N,Y,99000.0,Pensioner,,,XNA,Cash loans,343377.0,11097.0,283500.0,25.0,15.0,10.0,3354144.3,1617089.4,4436.775,0.0,0.0,0.0,2.0,153.0,1164487.14,1062534.465,18.0,135.0,148.0,168.0,-101952.675,0.8823529411764706,0.91244843201961,8.0,6.0,2.0,1054440.0,1012221.0,60239.025,10036.395,6680.21625,18133.74,1033500.0,4455.0,9094.725,2825.3925,0.14659775,97.0,97.0,80.0,1269.3333333333333,841.4166666666666,0.0,0.0,0.0,0.112090909090909,16.334236363636364,0.75,0.0,Tier_3,Other,1,0.6786259217981545,44824.14,908.05,0.0,4026.77,7112.32,4639.92,6442.68,67953.88,11097.0,19949.12,9737.5,0.0984,121558.93,16231.22,0.0,23802.28,140,0.3503,0.0,0.0,0.0,0.0,0,0,0.0,0.0,15564.58,13885.85,-15601.05,2
118644,F,51.449691991786445,0,1.0,Widow,Secondary / secondary special,House / apartment,N,Y,270000.0,State servant,4.479123887748118,,Government,Cash loans,508495.5,23692.5,454500.0,8.0,5.0,3.0,12002913.0,9821340.0,12344.58,0.0,0.0,0.0,0.0,12.0,164286.04499999998,164286.04499999998,0.0,12.0,0.0,0.0,0.0,1.0,1.0,8.0,1.0,6.0,2752326.0,2752326.0,121694.175,0.0,,,,,,,,,,13.0,144.0,68.0,0.0,0.0,0.0,0.08775,36.37533333333333,0.125,0.0,Tier_3,Salaried,1,0.585684986846184,82245.9,1903.56,0.0,31677.38,21871.05,11336.79,30656.97,179691.65,23692.5,66615.85,41042.22,0.152,374727.43,0.0,3433.88,62149.79,156,0.3459,0.0,0.0,0.0,5554.27,1,0,490.77,1.0,66690.81,11949.89,46883.24,0
278570,F,53.71389459274469,0,2.0,Married,Secondary / secondary special,House / apartment,N,Y,202500.0,Working,6.546201232032854,,Business Entity Type 3,Cash loans,1058197.5,38137.5,913500.0,12.0,2.0,10.0,1290397.5,88006.5,0.0,0.0,0.0,0.0,0.0,75.0,2345136.615,2275216.515,3.0,72.0,6.0,6.0,-69920.1,0.96,0.9701850631844746,6.0,5.0,0.0,1963156.5,1452564.0,100510.0425,26491.5,,,,,,,,,,77.0,1089.0,579.2666666666667,0.0,0.0,0.0,0.1883333333333333,0.4346,0.8333333333333334,0.0,Tier_1,Salaried,2,0.7070963224785151,70030.11,8899.31,0.0,8577.66,18059.94,15421.37,12384.36,133372.75,38137.5,30989.75,17549.69,0.0867,236632.64,65542.11,0.0,48952.49,100,0.367,1649.2,60711.02,0.0,1978.21,0,1,374.2,0.75,23614.88,17021.97,-4131.9,2
253432,M,27.67419575633128,0,2.0,Civil marriage,Secondary / secondary special,House / apartment,Y,N,135000.0,Working,7.315537303216975,Laborers,Business Entity Type 2,Revolving loans,225000.0,11250.0,225000.0,5.0,3.0,2.0,1944765.0,1114915.5,0.0,0.0,0.0,0.0,0.0,89.0,623184.03,607862.34,2.0,87.0,9.0,9.0,-15321.690000000002,0.9775280898876404,0.9754138596908524,6.0,5.0,0.0,515646.0,498813.75,30555.135,8721.0,446648.4675,454327.785,660000.0,94050.0,119579.76,21982.7775,4.96276075,0.0,0.0,69.0,784.75,444.9166666666667,1.0,1.0,1.0,0.0833333333333333,8.258633333333334,0.8333333333333334,0.0,Tier_2,Salaried,2,0.5630734726263165,48566.39,5975.44,0.0,2318.47,7798.71,6644.07,14469.1,85772.18,11250.0,37977.82,20369.63,0.1509,395133.88,0.0,0.0,32297.0,70,0.3765,0.0,0.0,0.0,0.0,1,0,208.68,1.0,40711.2,8723.5,24300.53,0
155929,M,23.1211498973306,0,2.0,Civil marriage,Secondary / secondary special,House / apartment,N,Y,112500.0,Working,,Low-skill Laborers,Industry: type 3,Cash loans,355536.0,15790.5,270000.0,,,,,,,,,,,12.0,166005.765,166005.765,0.0,12.0,0.0,0.0,0.0,1.0,1.0,1.0,1.0,0.0,133803.0,133803.0,13835.25,0.0,,,,,,,,,,13.0,120.0,62.5,0.0,0.0,0.0,0.14036,,1.0,,Tier_2,Salaried,2,0.6587582338687112,51222.8,999.34,0.0,2575.62,9145.67,4363.63,4758.57,73065.63,15790.5,23643.87,8088.75,0.0719,32714.43,12657.94,0.0,43462.84,55,0.5948,0.0,0.0,0.0,0.0,0,0,0.0,0.0,21587.64,5888.7,11632.09,0
231345,F,27.720739219712527,1,3.0,Married,Higher education,With parents,N,N,180000.0,State servant,,Core staff,Police,Revolving loans,180000.0,9000.0,180000.0,3.0,2.0,1.0,6075000.0,5138761.5,0.0,0.0,0.0,0.0,0.0,39.0,482893.875,451499.175,5.0,34.0,26.0,26.0,-31394.7,0.8717948717948718,0.9349863362835156,5.0,5.0,0.0,489087.0,421872.75,45039.645,2699.8875,,,,,,,,,,43.0,351.75,207.0,0.0,0.0,0.0,0.05,28.548675,1.0,0.0,Tier_2,Salaried,3,0.6416729164311397,56692.75,11145.95,10642.42,7698.07,14440.58,14881.35,7475.77,122976.89,9000.0,48023.11,25549.26,0.1419,192517.36,40249.37,0.0,52792.58,63,0.4293,4670.65,29276.15,2779.6,0.0,0,0,0.0,0.0,51939.82,12307.25,27272.27,0
254029,F,30.28336755646817,0,2.0,Married,Higher education,House / apartment,N,Y,225000.0,Commercial associate,9.177275838466803,Laborers,Business Entity Type 3,Cash loans,2517300.0,66402.0,2250000.0,3.0,0.0,3.0,2137500.0,0.0,0.0,0.0,0.0,0.0,0.0,,,,,,,,,,,,,,,,,,,,,,,,,,,,,,,,,0.29512,0.0,,0.0,Tier_2,Other,2,0.8254776059970388,112419.87,2910.16,0.0,6371.68,26276.79,17377.63,6698.21,172054.34,66402.0,0.0,0.0,0.0,0.0,0.0,0.0,71355.45,344,0.4147,0.0,0.0,0.0,0.0,0,0,0.0,0.0,-13647.01,18793.37,-52047.32,10
114979,F,31.40041067761807,0,2.0,Married,Secondary / secondary special,House / apartment,Y,Y,135000.0,Working,3.619438740588638,Accountants,Business Entity Type 3,Cash loans,234000.0,15768.0,234000.0,3.0,1.0,2.0,917460.0,772407.0,0.0,0.0,0.0,0.0,0.0,73.0,808321.1849999999,685819.035,12.0,61.0,39.5,44.0,-122502.14999999998,0.8356164383561644,0.8484486708089929,7.0,6.0,0.0,788872.5,776756.25,62563.365,2695.5,,,,,,,,,,73.0,711.0,427.25,0.0,0.0,0.0,0.1168,5.721533333333333,0.8571428571428571,0.0,Tier_2,Salaried,2,0.5644297683399643,44846.97,1646.44,0.0,8158.59,11354.26,6244.04,10814.9,83065.2,15768.0,36166.8,16890.52,0.1251,707129.98,0.0,0.0,42791.8,74,0.5152,0.0,0.0,0.0,0.0,0,0,0.0,0.0,34196.91,9687.0,19470.42,0
438173,F,56.02190280629706,0,1.0,Single / not married,Secondary / secondary special,House / apartment,N,Y,189000.0,Working,37.64818617385352,Medicine staff,Medicine,Cash loans,1080000.0,38920.5,1080000.0,10.0,4.0,6.0,4586026.5,493640.865,120339.135,0.0,0.0,0.0,0.0,8.0,480967.515,480967.515,0.0,8.0,0.0,0.0,0.0,1.0,1.0,5.0,1.0,2.0,1530832.5,1530832.5,62545.815,0.0,,,,,,,,,,9.0,200.0,164.0,0.0,0.0,0.0,0.2059285714285714,2.6118564285714285,0.2,0.0,Tier_2,Salaried,1,0.7206093861571693,87654.48,2318.7,0.0,15142.89,17912.64,7101.8,14469.75,144600.26,38920.5,5479.24,2297.64,0.0122,96505.37,0.0,331.63,56499.2,67,0.3907,0.0,0.0,0.0,0.0,0,1,258.56,0.9167,-1047.34,15198.0,-27421.52,7
374333,F,23.22245037645448,0,2.0,Married,Secondary / secondary special,House / apartment,N,Y,90000.0,Working,,Laborers,Business Entity Type 3,Cash loans,305221.5,14359.5,252000.0,1.0,1.0,0.0,73260.0,47178.0,0.0,0.0,0.0,0.0,0.0,9.0,64471.95,64471.95,0.0,9.0,0.0,0.0,0.0,1.0,1.0,1.0,1.0,0.0,51853.5,51853.5,7163.55,4500.0,,,,,,,,,,9.0,90.0,54.0,0.0,0.0,0.0,0.15955,0.5242,1.0,0.0,Tier_3,Salaried,2,0.6490404307273264,36073.67,1968.69,0.0,3409.1,6101.64,4146.79,8688.44,60388.33,14359.5,15252.17,6776.52,0.0753,285949.14,32031.45,0.0,22503.49,57,0.3726,1155.63,21264.33,0.0,0.0,0,1,150.49,0.8333,19368.78,8344.74,3155.11,0
346548,F,55.12936344969199,0,2.0,Married,Higher education,House / apartment,N,Y,211500.0,Working,9.94113620807666,Core staff,School,Cash loans,474048.0,20214.0,360000.0,12.0,5.0,7.0,11500434.0,6441858.0,0.0,0.0,0.0,0.0,0.0,13.0,65124.18000000001,65124.18000000001,0.0,13.0,0.0,0.0,0.0,1.0,1.0,2.0,2.0,0.0,56205.0,56205.0,9538.29,15750.0,,,,,,,,,,14.0,93.0,49.5,0.0,0.0,0.0,0.0955744680851063,30.45795744680851,1.0,0.0,Tier_1,Salaried,3,0.7833054723797513,96956.44,4834.53,0.0,16706.1,21088.01,19204.98,7130.18,165920.24,20214.0,25365.76,10616.74,0.0502,132069.74,0.0,0.0,149269.18,142,0.8996,0.0,0.0,0.0,0.0,0,0,0.0,0.0,23333.74,16974.73,-20931.07,1
202776,M,63.36208076659822,0,2.0,Married,Secondary / secondary special,House / apartment,N,Y,112500.0,Pensioner,,,XNA,Cash loans,1436850.0,42142.5,1125000.0,2.0,2.0,0.0,296730.0,226875.33,0.0,0.0,0.0,0.0,0.0,48.0,564930.3150000001,542866.095,2.0,46.0,38.0,38.0,-22064.22,0.9583333333333334,0.960943466098115,8.0,6.0,0.0,646285.5,213991.875,28835.145,21304.665,,,,,,,,,,52.0,496.25,337.1666666666667,1.0,16.0,0.0,0.3746,2.0166696,0.75,0.0,Tier_2,Other,2,0.559253458248842,39075.96,540.1,0.0,9259.27,5235.5,3276.38,17976.11,75363.32,42142.5,0.0,0.0,0.0,0.0,0.0,0.0,37934.29,68,0.5034,0.0,0.0,0.0,0.0,1,0,88.33,1.0,-3405.65,9318.45,-19022.19,9
433778,M,31.006160164271048,0,2.0,Married,Secondary / secondary special,House / apartment,Y,N,126000.0,Working,3.386721423682409,Drivers,Business Entity Type 3,Cash loans,152820.0,16213.5,135000.0,1.0,0.0,1.0,36266.58,0.0,0.0,0.0,0.0,0.0,0.0,23.0,431337.735,431337.735,0.0,23.0,0.0,0.0,0.0,1.0,1.0,3.0,2.0,1.0,646681.5,646681.5,60329.97,18900.0,,,,,,,,,,25.0,323.0,182.16666666666663,0.0,0.0,0.0,0.1286785714285714,0.0,0.6666666666666666,0.0,Tier_2,Salaried,3,0.6066828623564816,37298.95,6268.17,0.0,5484.57,14847.61,6705.52,9856.03,80460.85,16213.5,29325.65,9459.22,0.0751,172947.13,0.0,0.0,27716.69,125,0.3445,1567.48,22483.55,0.0,0.0,1,1,379.62,0.6667,33523.22,6473.45,24470.29,0
288340,M,38.60917180013689,0,1.0,Separated,Secondary / secondary special,House / apartment,Y,Y,405000.0,Commercial associate,13.722108145106091,,Business Entity Type 2,Cash loans,1262583.0,37044.0,1102500.0,11.0,5.0,6.0,5494362.165,64818.0,4.5,0.0,0.0,0.0,0.0,115.0,788203.26,750079.26,4.0,111.0,35.0,35.0,-38124.0,0.9652173913043478,0.951631765643801,5.0,5.0,0.0,625311.0,560045.25,54503.775,2.115,123578.40375,349166.115,2589750.0,85500.0,101227.5,9699.645,1.373093375,1.0,1.0,39.0,308.0,148.25,2.0,10.0,10.0,0.0914666666666666,0.1600444444444444,1.0,0.0,Tier_2,Other,2,0.6533671441490948,147896.25,11975.61,0.0,9985.24,45728.67,22190.95,22426.3,260203.02,37044.0,107752.98,55153.5,0.1362,198829.25,0.0,0.0,152893.01,467,0.5876,0.0,0.0,0.0,4792.4,1,0,443.72,0.9167,99501.92,55100.78,-6662.39,1
431930,F,41.51950718685831,0,2.0,Married,Secondary / secondary special,House / apartment,N,Y,90000.0,Commercial associate,5.579739904175223,Sales staff,Business Entity Type 3,Revolving loans,270000.0,13500.0,270000.0,12.0,5.0,7.0,1501006.5,589090.5,0.0,0.0,0.0,0.0,0.0,22.0,327737.34,327737.34,0.0,22.0,0.0,0.0,0.0,1.0,1.0,3.0,3.0,0.0,280575.0,202785.75,32370.435,38682.0,,,,,,,,,,27.0,205.0,97.0,0.0,0.0,0.0,0.15,6.54545,1.0,0.0,Tier_2,Other,2,0.5835383026139513,28035.47,1317.88,0.0,4727.11,6261.18,5219.93,7562.41,53123.98,13500.0,23376.02,8046.04,0.0894,152898.67,0.0,0.0,15444.54,27,0.2907,0.0,0.0,0.0,0.0,0,0,0.0,0.0,20611.93,5718.44,12435.71,0
235313,F,53.30047912388775,0,1.0,Single / not married,Secondary / secondary special,House / apartment,N,Y,247500.0,Working,5.6290212183436,Cleaning staff,Housing,Cash loans,639000.0,24889.5,639000.0,5.0,3.0,2.0,217395.0,22.5,0.0,0.0,0.0,0.0,0.0,34.0,359126.145,352072.035,3.0,31.0,9.0,9.0,-7054.11,0.9117647058823528,0.9803575704575894,4.0,3.0,0.0,299542.5,174251.25,19631.9025,0.0,,,,,,,,,,33.0,283.3333333333333,158.33333333333334,0.0,0.0,0.0,0.1005636363636363,9.09090909090909e-05,0.75,0.0,Tier_2,Salaried,1,0.7077115733816532,86712.63,1906.83,0.0,21359.5,39941.62,10837.31,20732.09,181489.98,24889.5,41120.52,13606.73,0.055,108554.32,0.0,0.0,122812.37,335,0.6767,0.0,0.0,0.0,0.0,1,1,841.34,0.8333,36333.99,17832.79,13332.3,0
346175,F,46.784394250513344,0,2.0,Married,Secondary / secondary special,House / apartment,Y,Y,135000.0,Working,5.993155373032169,,Business Entity Type 3,Cash loans,282690.0,12105.0,202500.0,,,,,,,,,,,113.0,1794098.34,1744298.28,6.0,107.0,7.5,9.0,-49800.06,0.9469026548672568,0.9722422907988422,8.0,7.0,1.0,2498053.5,1528474.5,87667.02,2025.0,7324231.7925,7976372.58,13770000.0,630000.0,4138.74,337036.6125,9.574159205882353,0.0,0.0,87.0,1035.0,590.75,0.0,0.0,0.0,0.0896666666666666,,0.875,,Tier_2,Salaried,2,0.6664857872787948,59536.31,2103.62,0.0,2951.32,14455.85,8118.87,8034.41,95200.38,12105.0,27694.62,11804.0,0.0874,36728.05,0.0,0.0,61188.5,104,0.6427,0.0,0.0,0.0,0.0,1,0,312.4,0.8333,28901.99,12105.54,-6895.83,1
421251,F,58.35728952772074,0,2.0,Married,Secondary / secondary special,House / apartment,N,Y,180000.0,Working,12.057494866529774,,Self-employed,Cash loans,808650.0,23773.5,675000.0,3.0,2.0,1.0,826650.0,518422.5,0.0,0.0,0.0,0.0,0.0,36.0,239961.285,239961.285,2.0,34.0,5.0,5.0,0.0,0.9444444444444444,1.0,2.0,2.0,0.0,215217.0,215217.0,12346.11,0.0,,,,,,,,,,38.0,596.0,293.8333333333333,1.0,3.0,3.0,0.132075,2.880125,1.0,0.0,Tier_3,Salaried,2,0.7389722057559872,71283.52,1068.43,0.0,13042.82,25311.9,10386.9,15290.65,136384.22,23773.5,19842.28,13768.48,0.0765,35607.19,0.0,0.0,56915.93,321,0.4173,3537.9,208217.3,0.0,0.0,1,0,304.09,0.9167,14159.21,15646.23,-26612.79,1
415039,M,27.211498973305957,1,3.0,Married,Secondary / secondary special,With parents,N,Y,121500.0,Working,,Core staff,Business Entity Type 1,Revolving loans,225000.0,11250.0,,8.0,4.0,4.0,2277022.5,1752768.72,0.0,0.0,0.0,0.0,1.0,42.0,1097432.64,1073186.64,4.0,38.0,5.0,5.0,-24246.0,0.9047619047619048,0.9779066166648734,5.0,3.0,1.0,2190118.5,1815059.25,56422.552500000005,9000.0,90000.0,90000.0,337500.0,128564.64,124968.96,9000.0,2.0,0.0,0.0,23.0,457.3333333333333,364.8333333333333,0.0,0.0,0.0,0.0925925925925925,14.42608,0.6,0.0,Tier_3,Salaried,3,0.6105031859253408,42921.12,1016.13,9281.32,4028.67,12307.72,4621.17,14844.79,89020.92,11250.0,21229.08,12479.43,0.1027,468124.38,51411.08,1305.11,40727.14,127,0.4575,0.0,0.0,0.0,649.94,0,1,155.72,1.0,18205.33,10768.93,1140.21,0
400496,M,42.63655030800821,0,2.0,Married,Secondary / secondary special,House / apartment,N,N,292500.0,Working,6.590006844626968,Sales staff,Business Entity Type 3,Cash loans,675000.0,21775.5,675000.0,5.0,1.0,2.0,3457390.5,110079.0,510918.48,0.0,0.0,0.0,0.0,37.0,530915.4,355455.09,15.0,22.0,113.5,152.0,-175460.31,0.5945945945945946,0.6695136174237929,2.0,2.0,0.0,263835.0,263835.0,28852.965,0.0,,,,,,,,,,28.0,249.0,117.25,0.0,0.0,0.0,0.0744461538461538,0.3763384615384615,1.0,0.0,Tier_2,Salaried,2,0.5365513285188926,100999.63,11285.32,0.0,5505.39,12368.41,18377.73,19596.89,168133.37,21775.5,102591.13,35770.76,0.1223,505732.44,0.0,0.0,82337.52,99,0.4897,0.0,0.0,0.0,0.0,0,0,0.0,0.0,92496.7,21205.69,42082.72,0
111975,M,40.05201916495551,2,4.0,Married,Secondary / secondary special,House / apartment,Y,Y,135000.0,Commercial associate,9.609856262833675,Drivers,Self-employed,Revolving loans,180000.0,9000.0,180000.0,2.0,1.0,1.0,871560.0,79128.0,0.0,0.0,0.0,0.0,0.0,12.0,150904.57499999998,150904.57499999998,0.0,12.0,0.0,0.0,0.0,1.0,1.0,1.0,1.0,0.0,119169.0,119169.0,12575.925,11700.0,,,,,,,,,,13.0,156.0,78.0,0.0,0.0,0.0,0.0666666666666666,0.5861333333333333,1.0,0.0,Tier_3,Other,3,0.6132340396604102,46452.84,1359.46,7510.49,10060.79,9734.04,7668.98,13959.11,96745.71,9000.0,29254.29,7229.08,0.0535,146879.18,0.0,0.0,21503.89,99,0.2223,2139.16,113521.35,0.0,0.0,1,0,154.38,0.9167,32160.56,15604.37,14016.02,0
237673,M,39.45790554414784,0,2.0,Married,Secondary / secondary special,House / apartment,Y,Y,112500.0,Working,4.577686516084873,,Business Entity Type 2,Cash loans,936018.0,36400.5,670500.0,14.0,3.0,11.0,2379542.31,786244.5,0.0,0.0,0.0,0.0,0.0,21.0,151723.305,151723.305,0.0,21.0,0.0,0.0,0.0,1.0,1.0,3.0,3.0,0.0,335587.5,335587.5,18310.725,0.0,,,,,,,,,,23.0,417.0,353.5,0.0,0.0,0.0,0.32356,6.98884,1.0,0.0,Tier_1,Salaried,2,0.685718055344639,36049.92,4260.77,0.0,6941.16,16816.49,7096.04,1904.71,73069.09,36400.5,3030.41,1344.71,0.012,44949.78,16905.28,212.42,50675.92,101,0.6935,0.0,0.0,0.0,71.27,0,0,0.0,0.0,360.29,5363.69,-7374.21,5
253397,M,25.66461327857632,0,1.0,Single / not married,Secondary / secondary special,House / apartment,N,Y,135499.5,Commercial associate,2.74880219028063,Core staff,Trade: type 3,Cash loans,604152.0,22518.0,540000.0,1.0,0.0,1.0,52605.0,0.0,0.0,0.0,0.0,0.0,0.0,,,,,,,,,,,,,,,,,,,,,,,,,,,,,,,,,0.1661851150742253,0.0,,0.0,Tier_3,Other,1,0.5989598118417193,56843.3,992.66,0.0,3759.13,7244.56,4233.57,12846.8,85920.02,22518.0,27061.48,15674.1,0.1157,468987.62,0.0,0.0,35740.15,62,0.416,3892.2,133627.77,0.0,2183.73,0,0,0.0,0.0,28602.99,10913.21,9176.11,0
401033,F,37.52224503764545,1,2.0,Single / not married,Secondary / secondary special,House / apartment,N,Y,203134.5,Commercial associate,,Sales staff,Trade: type 7,Cash loans,728460.0,37849.5,675000.0,2.0,1.0,1.0,847282.5,0.0,0.0,0.0,0.0,0.0,0.0,11.0,35532.945,35532.945,2.0,9.0,19.0,19.0,0.0,0.8181818181818182,1.0,1.0,1.0,0.0,45000.0,45000.0,2250.0,0.0,142045.785,142045.785,360000.0,51122.7,28022.445,12010.5,3.156573,0.0,0.0,,,,,,,0.1863272856161804,0.0,1.0,0.0,Tier_1,Other,1,0.6996070714354313,66629.52,3099.74,19817.17,12389.78,23640.83,16537.29,9875.88,151990.21,37849.5,13294.79,6489.97,0.0319,150104.83,0.0,0.0,76726.71,124,0.5048,0.0,0.0,0.0,0.0,0,1,181.88,1.0,2307.9,21460.86,-30047.85,6
299269,M,38.78165639972622,2,4.0,Married,Secondary / secondary special,House / apartment,N,Y,112500.0,Working,,Drivers,Business Entity Type 3,Cash loans,808650.0,26217.0,675000.0,2.0,1.0,1.0,4815000.0,0.0,0.0,0.0,0.0,0.0,0.0,8.0,98802.315,69574.32,4.0,4.0,1940.0,1940.0,-29227.995,0.5,0.7041770225728011,1.0,1.0,0.0,39006.0,39006.0,3958.74,4338.0,,,,,,,,,,70.0,174.66666666666666,35.0,63.0,17120.0,0.0,0.23304,0.0,1.0,0.0,Tier_2,Salaried,4,0.6110294682054698,42732.69,2713.55,7457.29,3177.48,8648.25,4011.54,13183.92,81924.72,26217.0,4358.28,2221.65,0.0197,55587.61,0.0,0.0,30428.34,25,0.3714,0.0,0.0,0.0,0.0,1,1,259.76,0.8333,6965.7,7960.75,-9631.82,2
254686,F,55.6413415468857,0,2.0,Married,Higher education,House / apartment,N,Y,238500.0,Working,6.094455852156058,Sales staff,Self-employed,Cash loans,1345500.0,43533.0,1345500.0,3.0,1.0,2.0,498118.5,0.0,53550.0,0.0,0.0,0.0,0.0,9.0,223845.57,223845.57,0.0,9.0,0.0,0.0,0.0,1.0,1.0,2.0,1.0,1.0,175090.5,175090.5,22503.555,18157.5,,,,,,,,,,11.0,108.0,54.0,0.0,0.0,0.0,0.1825283018867924,0.0,0.5,0.0,Tier_1,Salaried,2,0.7087528865639618,104588.0,4701.19,0.0,9244.06,26627.34,13320.31,15502.85,173983.75,43533.0,20983.25,8425.76,0.0353,189486.25,0.0,0.0,94750.32,491,0.5446,0.0,0.0,0.0,0.0,0,0,0.0,0.0,14953.05,23578.93,-30415.43,2
107085,F,58.10266940451746,0,2.0,Married,Secondary / secondary special,House / apartment,N,Y,270000.0,Working,7.24435318275154,,School,Revolving loans,540000.0,27000.0,540000.0,17.0,5.0,12.0,6314032.89,606549.6,382689.9,0.0,0.0,0.0,0.0,47.0,2959408.08,3868175.025,1.0,46.0,4.0,4.0,908766.945,0.9787234042553192,1.307077266951302,21.0,5.0,8.0,8655003.0,4119345.375,242118.0,6288.75,,,,,,,,,,48.0,816.5,616.5,1.0,2.0,2.0,0.1,2.24648,0.238095238095238,0.0,Tier_3,Salaried,3,0.6648588536012321,136250.31,3832.88,0.0,10055.95,14905.17,8133.07,27485.49,200662.87,27000.0,42337.13,24340.68,0.0902,198510.73,0.0,0.0,127645.3,131,0.6361,4499.36,24776.5,0.0,0.0,1,0,276.91,1.0,43457.54,20710.76,23429.58,0
425005,M,61.242984257357975,0,2.0,Civil marriage,Secondary / secondary special,House / apartment,Y,N,270000.0,Pensioner,,,XNA,Cash loans,1046142.0,33876.0,913500.0,6.0,3.0,3.0,3092310.0,0.0,0.0,0.0,0.0,0.0,0.0,68.0,3278088.63,3044507.76,4.0,64.0,9.0,12.0,-233580.87,0.9411764705882352,0.9287447972387496,5.0,4.0,1.0,2223868.5,2131166.25,125004.33,4500.0,,,,,,,,,,67.0,840.1666666666666,484.3333333333333,0.0,0.0,0.0,0.1254666666666666,0.0,0.8,0.0,Tier_2,Other,2,0.697157961387669,112402.44,23064.42,0.0,15928.77,17372.15,13757.76,24251.64,206777.18,33876.0,29346.82,16267.12,0.0602,332525.09,91812.16,0.0,91693.38,67,0.4434,3289.36,93093.28,0.0,2380.81,0,0,0.0,0.0,37142.84,23201.89,-6121.47,1
159788,M,52.837782340862425,0,2.0,Married,Secondary / secondary special,House / apartment,Y,N,157500.0,Working,6.450376454483231,,School,Cash loans,675000.0,41427.0,675000.0,7.0,3.0,4.0,1235559.24,0.0,0.0,0.0,0.0,0.0,0.0,10.0,93124.17,93124.17,1.0,9.0,1.0,1.0,0.0,0.9,1.0,4.0,3.0,1.0,668178.0,398256.75,31300.605000000003,20088.0,0.0,0.0,540000.0,0.0,0.0,0.0,0.0,0.0,0.0,11.0,84.0,59.5,0.0,0.0,0.0,0.2630285714285714,0.0,0.75,0.0,Tier_1,Salaried,1,0.6102072272742125,55370.71,14318.75,0.0,5427.13,11593.92,5534.74,10657.02,102902.27,41427.0,13170.73,8166.51,0.0519,41754.26,0.0,0.0,71150.61,110,0.6914,776.05,7684.85,0.0,0.0,0,0,0.0,0.0,18517.09,11143.8,5817.8,0
116851,M,38.18480492813142,1,3.0,Married,Secondary / secondary special,House / apartment,Y,Y,135000.0,Working,8.060232717316905,Laborers,Self-employed,Cash loans,168102.0,16623.0,148500.0,7.0,2.0,5.0,1003950.0,154948.5,72481.5,0.0,0.0,0.0,0.0,15.0,365662.17,352449.45,2.0,13.0,27.0,27.0,-13212.719999999998,0.8666666666666667,0.96386631955939,5.0,4.0,0.0,1861650.0,1861650.0,92710.035,9216.0,,,,,,,,,,18.0,113.0,71.5,0.0,0.0,0.0,0.1231333333333333,1.1477666666666666,0.8,0.0,Tier_1,Salaried,3,0.5896173466701328,45824.44,2810.59,4787.07,6127.53,11702.92,8345.79,4746.78,84345.12,16623.0,34031.88,10884.26,0.0806,416918.22,0.0,0.0,30450.12,29,0.361,0.0,0.0,0.0,0.0,1,1,550.52,0.6667,32884.34,8803.89,19273.74,0
206179,M,35.95893223819302,0,1.0,Separated,Higher education,House / apartment,Y,Y,157500.0,Working,,,Business Entity Type 3,Cash loans,127350.0,13176.0,112500.0,6.0,2.0,4.0,506124.0,0.0,0.0,0.0,0.0,0.0,0.0,31.0,641806.47,641806.47,0.0,31.0,0.0,0.0,0.0,1.0,1.0,8.0,6.0,0.0,815382.0,713256.75,61692.93000000001,18900.0,0.0,0.0,405000.0,0.0,0.0,0.0,0.0,0.0,0.0,37.0,236.66666666666663,155.0,0.0,0.0,0.0,0.0836571428571428,0.0,0.75,0.0,Tier_1,Salaried,1,0.5466550194854185,57331.92,2357.74,0.0,6988.19,6919.36,5296.7,5210.03,84103.94,13176.0,60220.06,23000.6,0.146,684470.61,0.0,0.0,48927.44,192,0.5817,1868.47,58901.21,0.0,0.0,1,0,199.13,0.9167,58419.77,9129.32,40589.8,0
401455,M,61.52772073921971,0,2.0,Married,Secondary / secondary special,House / apartment,N,Y,180000.0,Pensioner,,,XNA,Cash loans,971280.0,51745.5,900000.0,2.0,1.0,1.0,1464795.0,1431000.0,0.0,0.0,0.0,0.0,0.0,6.0,282597.435,282597.435,0.0,6.0,0.0,0.0,0.0,1.0,1.0,1.0,1.0,0.0,232425.0,232425.0,47131.155,0.0,,,,,,,,,,8.0,42.0,18.5,0.0,0.0,0.0,0.287475,7.95,1.0,0.0,Tier_1,Other,3,0.7557206120497137,71534.97,4877.41,0.0,14680.45,21421.3,17577.65,9286.55,139378.33,51745.5,0.0,0.0,0.0,0.0,0.0,0.0,76987.09,64,0.5524,0.0,0.0,0.0,0.0,0,1,272.49,0.8333,-11752.05,21033.84,-55627.09,8
332736,F,48.446269678302535,0,1.0,Widow,Secondary / secondary special,House / apartment,N,Y,202500.0,Working,25.14715947980835,High skill tech staff,Business Entity Type 3,Cash loans,329904.0,24133.5,261000.0,13.0,5.0,8.0,2293042.5,897079.5,225000.0,0.0,0.0,0.0,1.0,14.0,73694.115,63162.765,2.0,12.0,7.0,7.0,-10531.350000000002,0.8571428571428571,0.857093744866873,5.0,1.0,2.0,847098.0,847098.0,42292.935,5085.0,,,,,,,,,,13.0,132.0,71.5,0.0,0.0,0.0,0.1191777777777777,4.430022222222222,0.2,0.0,Tier_3,Salaried,1,0.5886905134313837,79283.26,1147.47,0.0,14219.93,10993.33,7268.57,13323.23,126235.79,24133.5,52130.71,27017.82,0.1334,552792.78,104818.74,0.0,73885.23,236,0.5853,0.0,0.0,3414.69,0.0,1,0,136.24,1.0,49387.83,13660.97,9997.76,0
420570,F,52.276522929500345,0,2.0,Civil marriage,Secondary / secondary special,House / apartment,Y,Y,132750.0,Pensioner,,,XNA,Cash loans,349609.5,14940.0,265500.0,6.0,2.0,4.0,1709910.0,272983.5,0.0,0.0,0.0,0.0,0.0,25.0,553514.58,553514.58,0.0,25.0,0.0,0.0,0.0,1.0,1.0,12.0,4.0,2.0,2174769.0,578543.625,30423.555,6750.0,0.0,0.0,135000.0,0.0,0.0,0.0,0.0,0.0,0.0,31.0,534.0,371.5,0.0,0.0,0.0,0.1125423728813559,2.0563728813559323,0.3333333333333333,0.0,Tier_2,Other,3,0.6599922751056859,49209.75,2342.06,0.0,8538.4,15060.6,5568.39,9394.74,90113.94,14940.0,27696.06,14412.21,0.1086,571647.18,0.0,0.0,31363.26,103,0.348,0.0,0.0,0.0,1222.92,0,0,0.0,0.0,22947.5,13996.73,-242.22,1
201346,F,27.24435318275154,1,3.0,Married,Higher education,House / apartment,N,Y,103500.0,Commercial associate,,Laborers,Self-employed,Cash loans,306000.0,23809.5,306000.0,6.0,2.0,4.0,365395.59,128502.0,0.0,0.0,0.0,0.0,0.0,28.0,105340.59,99998.82,5.0,23.0,28.0,28.0,-5341.77,0.8214285714285714,0.9492904871711846,4.0,3.0,0.0,88834.5,88834.5,9283.05,45000.0,,,,,,,,,,29.0,284.0,157.0,0.0,0.0,0.0,0.2300434782608695,1.2415652173913043,0.75,0.0,Tier_1,Other,3,0.6756361532651644,44266.25,3094.81,4668.67,4698.71,7745.75,5454.15,7664.76,77593.1,23809.5,2097.4,1293.98,0.0125,11295.21,4156.69,0.0,29660.58,75,0.3823,0.0,0.0,0.0,0.0,1,0,254.63,1.0,2249.75,13614.92,-14470.65,7
340415,F,35.017111567419576,1,3.0,Married,Higher education,With parents,Y,N,135000.0,Working,11.71526351813826,Core staff,Security Ministries,Cash loans,143910.0,14364.0,135000.0,3.0,2.0,1.0,1125000.0,289408.5,0.0,0.0,0.0,0.0,0.0,21.0,209498.805,209498.805,1.0,20.0,1.0,1.0,0.0,0.9523809523809524,1.0,2.0,2.0,0.0,197865.0,197865.0,19876.41,0.0,,,,,,,,,,22.0,197.0,107.0,0.0,0.0,0.0,0.1064,2.1437666666666666,1.0,0.0,Tier_2,Salaried,3,0.5007281679620456,34117.34,8948.9,7738.02,4202.58,7395.54,5195.93,5780.08,73378.39,14364.0,47257.61,18488.02,0.1369,319874.56,0.0,0.0,30371.51,64,0.4139,5418.03,225345.39,968.19,0.0,0,1,91.68,1.0,44126.32,7457.36,28203.78,0
373106,M,25.155373032169745,0,1.0,Single / not married,Secondary / secondary special,Rented apartment,N,Y,112500.0,Working,3.266255989048597,Laborers,Other,Cash loans,593010.0,23107.5,495000.0,1.0,1.0,0.0,22500.0,20951.685,1548.315,0.0,0.0,0.0,1.0,9.0,58909.95,53529.3,3.0,6.0,37.0,37.0,-5380.65,0.6666666666666666,0.9086631375514662,1.0,1.0,0.0,48964.05,48964.05,5380.65,0.0,,,,,,,,,,10.0,96.0,52.0,0.0,0.0,0.0,0.2054,0.1862372,1.0,0.0,Tier_1,Salaried,1,0.6218137133495389,32935.4,2822.91,0.0,8050.53,12834.85,6785.11,4501.75,67930.55,23107.5,21461.95,5587.67,0.0497,114064.86,0.0,0.0,16509.75,28,0.243,0.0,0.0,987.09,0.0,1,0,94.37,0.8333,23326.05,7113.74,13807.61,0
437236,F,43.26078028747433,0,2.0,Married,Higher education,House / apartment,N,Y,166500.0,Working,5.204654346338125,Core staff,School,Cash loans,760225.5,51138.0,679500.0,2.0,1.0,1.0,1282500.0,17469.0,0.0,0.0,0.0,0.0,1.0,25.0,710593.56,996644.835,2.0,23.0,3.0,3.0,286051.2750000001,0.92,1.4025525857566172,5.0,5.0,0.0,752953.5,752953.5,117949.14,55197.0,0.0,0.0,1845000.0,0.0,0.0,0.0,0.0,0.0,0.0,27.0,195.5,92.5,0.0,0.0,0.0,0.3071351351351351,0.1049189189189189,1.0,0.0,Tier_2,Salaried,2,0.7720424122957376,70019.49,2727.91,0.0,19688.92,7762.05,8507.83,7072.63,115778.83,51138.0,0.0,0.0,0.0,0.0,0.0,0.0,35048.76,44,0.3027,0.0,0.0,0.0,0.0,0,0,0.0,0.0,3074.08,9571.27,-8402.37,6
336384,F,49.360711841204655,1,2.0,Single / not married,Secondary / secondary special,House / apartment,N,Y,148500.0,Working,13.77138945927447,Private service staff,Self-employed,Cash loans,528633.0,22527.0,472500.0,8.0,2.0,6.0,1256094.0,61101.0,0.0,0.0,0.0,0.0,0.0,18.0,361800.855,305720.955,8.0,10.0,20.5,22.0,-56079.9,0.5555555555555556,0.8449978787363563,3.0,2.0,1.0,620419.5,620419.5,34269.975,0.0,0.0,0.0,6483000.0,0.0,0.0,0.0,0.0,0.0,0.0,15.0,340.0,235.0,0.0,0.0,0.0,0.1516969696969697,0.4114545454545454,0.6666666666666666,0.0,Tier_3,Salaried,2,0.5503743314343769,48866.42,861.66,1769.74,10120.34,13337.66,6774.77,9617.4,91347.99,22527.0,34625.01,16302.23,0.1098,458157.36,0.0,0.0,30005.74,72,0.3285,3084.42,80413.71,0.0,0.0,1,1,417.53,0.8333,35269.79,8483.0,25281.6,0
168907,F,67.17590691307323,0,1.0,Single / not married,Higher education,House / apartment,N,Y,90000.0,Pensioner,,,XNA,Cash loans,239850.0,23494.5,225000.0,1.0,0.0,1.0,97200.0,0.0,0.0,0.0,0.0,0.0,0.0,28.0,798228.855,798228.855,0.0,28.0,0.0,0.0,0.0,1.0,1.0,3.0,3.0,0.0,735561.0,735561.0,78654.59999999999,89325.0,,,,,,,,,,30.0,422.3333333333333,276.3333333333333,0.0,0.0,0.0,0.26105,0.0,1.0,0.0,Tier_2,Other,1,0.6743237248598539,39275.29,1188.94,0.0,5746.42,6251.34,5099.76,3225.06,60786.81,23494.5,5718.69,2640.54,0.0293,50653.2,0.0,235.14,26365.85,35,0.4337,0.0,0.0,0.0,0.0,0,0,0.0,0.0,6824.04,9831.82,-10415.49,3
442343,F,41.72210814510609,2,4.0,Civil marriage,Secondary / secondary special,House / apartment,N,Y,180000.0,Working,,High skill tech staff,Other,Cash loans,1305000.0,38286.0,1305000.0,8.0,6.0,2.0,2526588.0,804468.4199999999,2381.58,0.0,0.0,0.0,0.0,32.0,1912727.295,2587732.65,0.0,32.0,0.0,0.0,675005.355,1.0,1.3529020351016636,12.0,4.0,4.0,6301602.0,4201602.0,176833.2,0.0,0.0,0.0,3986250.0,0.0,0.0,0.0,0.0,0.0,0.0,35.0,654.5,481.5,0.0,0.0,0.0,0.2127,4.469269,0.3333333333333333,0.0,Tier_3,Salaried,4,0.6111006471954039,59166.69,1464.93,16773.85,8037.13,12531.45,12024.08,12832.89,122831.02,38286.0,18882.98,8597.59,0.0478,85781.28,32778.77,647.27,32397.28,169,0.2638,0.0,0.0,0.0,0.0,0,0,0.0,0.0,18247.29,13037.21,-8054.02,2
221342,F,57.596167008898014,0,2.0,Married,Secondary / secondary special,House / apartment,N,Y,297000.0,Pensioner,,,XNA,Cash loans,654498.0,26086.5,585000.0,,,,,,,,,,,21.0,1113285.96,1249417.3050000002,0.0,21.0,0.0,0.0,136131.345,1.0,1.1222788662492431,3.0,3.0,0.0,1212300.0,1212300.0,52716.240000000005,6885.0,0.0,0.0,2160000.0,0.0,0.0,0.0,0.0,0.0,0.0,20.0,489.0,406.5,0.0,0.0,0.0,0.0878333333333333,,1.0,,Tier_1,Other,2,0.676126095999723,124048.83,6034.77,0.0,21550.21,20521.3,17127.66,18262.3,207545.07,26086.5,63368.43,27201.14,0.0916,349425.67,0.0,0.0,108607.09,266,0.5233,0.0,0.0,0.0,0.0,0,0,0.0,0.0,70746.99,24805.55,34909.71,0
246534,M,51.86036960985626,1,3.0,Married,Higher education,House / apartment,N,Y,112500.0,Commercial associate,13.319644079397673,Laborers,Business Entity Type 3,Cash loans,432567.0,23593.5,328500.0,8.0,4.0,4.0,1175552.64,142803.0,0.0,0.0,0.0,0.0,0.0,12.0,70598.925,65139.435,1.0,11.0,7.0,7.0,-5459.49,0.9166666666666666,0.9226689358230312,4.0,1.0,1.0,196339.5,196339.5,15785.685,4824.0,,,,,,,,,,12.0,131.0,70.5,0.0,0.0,0.0,0.20972,1.26936,0.25,0.0,Tier_3,Other,3,0.6356959873754499,46953.72,1067.25,7389.22,3421.82,6546.15,6137.64,4398.72,75914.52,23593.5,12991.98,5605.29,0.0498,22456.34,7423.23,0.0,47407.57,137,0.6245,556.35,25744.6,0.0,0.0,1,0,188.82,1.0,16901.74,14968.68,-28049.43,1
412267,M,24.249144421629023,0,2.0,Married,Secondary / secondary special,With parents,Y,Y,450000.0,Commercial associate,,Laborers,Self-employed,Cash loans,882000.0,31248.0,882000.0,3.0,2.0,1.0,3656254.95,2924807.535,4345.515,0.0,0.0,0.0,0.0,11.0,154462.275,154462.275,0.0,11.0,0.0,0.0,0.0,1.0,1.0,3.0,2.0,0.0,1032439.5,1032439.5,45291.285,0.0,,,,,,,,,,12.0,144.0,78.0,0.0,0.0,0.0,0.06944,6.4995723000000005,0.6666666666666666,0.0,Tier_2,Other,2,0.7618991321824944,200316.86,7729.25,0.0,23190.0,49429.92,17480.25,22506.53,320652.81,31248.0,98099.19,54683.74,0.1215,1393044.77,209924.12,4758.74,172423.75,500,0.5377,0.0,0.0,0.0,0.0,1,0,919.87,1.0,88023.49,43408.19,14116.88,0
328270,F,49.9192334017796,0,2.0,Married,Secondary / secondary special,House / apartment,N,Y,270000.0,Pensioner,,,XNA,Cash loans,526491.0,41728.5,454500.0,3.0,2.0,1.0,979152.84,413622.0,0.0,0.0,0.0,0.0,0.0,21.0,116936.55,100219.5,7.0,14.0,13.0,13.0,-16717.050000000003,0.6666666666666666,0.8570417033852974,5.0,1.0,3.0,1260904.5,1035904.5,114499.395,0.0,,,,,,,,,,19.0,306.0,143.0,0.0,0.0,0.0,0.15455,1.5319333333333334,0.2,0.0,Tier_2,Other,2,0.5697567706268856,105566.24,4062.0,0.0,10288.97,14365.46,14710.52,26391.17,175384.36,41728.5,52887.14,23382.89,0.0866,360491.21,65163.0,0.0,66909.15,265,0.3815,0.0,0.0,0.0,0.0,1,1,1151.62,0.8333,38887.6,35992.84,-45009.88,2
160226,M,29.10609171800137,0,2.0,Married,Higher education,House / apartment,Y,Y,225000.0,Working,4.339493497604381,Managers,Business Entity Type 3,Cash loans,945000.0,57811.5,945000.0,4.0,0.0,4.0,140672.79,0.0,0.0,0.0,0.0,0.0,0.0,37.0,314036.91,287932.23,9.0,28.0,35.0,35.0,-26104.68,0.7567567567567568,0.9168738477270076,5.0,3.0,0.0,464143.5,374143.5,30385.215,12555.0,946442.5875,947535.03,1080000.0,191272.185,47250.0,36810.8325,5.258014375,0.0,0.0,24.0,246.0,120.5,0.0,0.0,0.0,0.25694,0.0,0.6,0.0,Tier_2,Salaried,3,0.6097766680455504,68741.7,3973.7,0.0,10796.16,23059.25,11419.31,18389.11,136379.23,57811.5,30809.27,8833.68,0.0393,256536.68,0.0,1203.09,49549.65,32,0.3633,0.0,0.0,0.0,0.0,0,0,0.0,0.0,29801.11,11433.49,5571.46,0
345767,F,44.51745379876797,0,1.0,Separated,Secondary / secondary special,House / apartment,Y,N,180000.0,Working,6.140999315537303,Laborers,Business Entity Type 3,Cash loans,879480.0,25843.5,630000.0,14.0,10.0,4.0,2921386.5,1594608.435,1312.065,0.0,0.0,0.0,0.0,28.0,234312.75,234312.75,0.0,28.0,0.0,0.0,0.0,1.0,1.0,5.0,4.0,1.0,242995.5,174836.25,21841.335,33264.0,0.0,0.0,720000.0,0.0,0.0,0.0,0.0,0.0,0.0,31.0,266.0,135.5,0.0,0.0,0.0,0.143575,8.85893575,0.8,0.0,Tier_2,Salaried,1,0.660475149940024,74153.7,9529.47,0.0,4439.96,13456.61,6732.09,18863.04,127174.87,25843.5,26981.63,11925.86,0.0663,112990.13,0.0,0.0,35689.22,43,0.2806,0.0,0.0,0.0,1342.77,0,0,0.0,0.0,26468.28,8528.41,10288.39,0
208921,F,63.69062286105408,0,2.0,Married,Higher education,House / apartment,N,Y,49500.0,Pensioner,,,XNA,Cash loans,76410.0,7573.5,67500.0,1.0,1.0,0.0,337500.0,0.0,337632.345,0.0,0.0,0.0,0.0,81.0,1033529.85,874975.365,16.0,65.0,35.5,49.0,-158554.485,0.8024691358024691,0.8465893510477709,9.0,8.0,1.0,715657.5,554739.75,79129.2375,12048.75,,,,,,,,,,78.0,499.8,222.06666666666663,1.0,4.0,4.0,0.153,0.0,0.8888888888888888,0.0,Tier_1,Other,2,0.88,29768.06,1146.41,0.0,4338.68,4907.27,2125.94,1261.12,43547.48,7573.5,0.0,0.0,0.0,0.0,0.0,0.0,23659.67,22,0.5433,0.0,0.0,0.0,0.0,0,1,33.57,0.9167,-2629.48,8425.58,-12470.82,8
400755,F,57.90006844626968,0,1.0,Widow,Secondary / secondary special,House / apartment,N,Y,157500.0,Pensioner,,,XNA,Revolving loans,337500.0,16875.0,337500.0,1.0,1.0,0.0,297000.0,205951.5,0.0,0.0,0.0,0.0,0.0,15.0,385486.245,385486.245,0.0,15.0,0.0,0.0,0.0,1.0,1.0,3.0,2.0,0.0,813195.0,813195.0,41311.44,0.0,,,,,,,,,,17.0,438.0,375.5,0.0,0.0,0.0,0.1071428571428571,1.3076285714285714,0.6666666666666666,0.0,Tier_2,Other,1,0.5727589455449366,59302.26,1529.73,0.0,4080.29,12927.43,3482.27,12606.44,93928.42,16875.0,46696.58,13413.41,0.0852,284720.6,0.0,0.0,18897.64,32,0.2012,2973.2,101190.36,0.0,0.0,0,0,0.0,0.0,41952.21,20115.21,-5281.19,1
290977,M,34.053388090349074,2,4.0,Married,Secondary / secondary special,House / apartment,Y,Y,225000.0,Working,5.385352498288843,Laborers,Transport: type 4,Cash loans,472500.0,49617.0,454500.0,3.0,1.0,2.0,6300000.0,274387.5,0.0,0.0,0.0,0.0,0.0,12.0,376596.63,376596.63,0.0,12.0,0.0,0.0,0.0,1.0,1.0,3.0,2.0,0.0,331132.5,331132.5,41201.28,34632.0,,,,,,,,,,14.0,114.0,80.5,0.0,0.0,0.0,0.22052,1.2195,0.6666666666666666,0.0,Tier_2,Salaried,5,0.6728255046977287,94220.65,1754.07,15429.28,12053.59,17226.98,10701.17,13970.93,165356.67,49617.0,10026.33,5516.03,0.0245,185576.99,53823.09,0.0,56556.77,116,0.342,0.0,0.0,699.18,0.0,1,0,362.21,0.8333,6531.49,23636.74,-45512.17,4
271984,M,46.19849418206708,0,2.0,Married,Secondary / secondary special,House / apartment,Y,Y,135000.0,Commercial associate,10.743326488706366,Drivers,Business Entity Type 3,Cash loans,723996.0,39406.5,585000.0,,,,,,,,,,,175.0,1257714.45,1231250.4,14.0,161.0,16.366666666666667,47.0,-26464.05,0.92,0.9789586181505666,5.0,4.0,0.0,1366726.5,1366726.5,72216.135,14260.5,2181366.01425,3707726.985,4987500.0,85500.0,433665.0,137329.7325,13.849942947619049,2.0,2.0,64.0,1344.0,785.0,0.0,0.0,0.0,0.2919,,0.8,,Tier_2,Other,2,0.5465154353960443,50980.84,1267.39,0.0,5208.03,8201.42,4638.85,9390.1,79686.63,39406.5,15906.87,6443.67,0.0477,246886.21,0.0,0.0,45278.21,97,0.5682,0.0,0.0,0.0,0.0,0,0,0.0,0.0,21511.53,16451.97,-5454.74,2
346494,M,42.23682409308692,0,1.0,Single / not married,Secondary / secondary special,House / apartment,N,N,180000.0,Working,,Drivers,Self-employed,Cash loans,774000.0,35865.0,774000.0,1.0,1.0,0.0,145215.0,0.0,0.0,0.0,0.0,0.0,0.0,,,,,,,,,,,,,,,,,,,,,,,,,,,,,,,,,0.19925,0.0,,0.0,Tier_1,Salaried,1,0.6927349005972661,55209.67,21081.6,0.0,14837.74,13190.29,12801.07,8115.69,125236.06,35865.0,18898.94,13364.49,0.0742,184470.74,37410.07,0.0,50393.57,203,0.4024,0.0,0.0,0.0,0.0,0,0,0.0,0.0,20274.39,9153.93,1985.83,0
299462,F,64.0684462696783,0,2.0,Married,Higher education,House / apartment,N,Y,202500.0,Working,13.22381930184805,Core staff,School,Cash loans,1125000.0,33025.5,1125000.0,3.0,0.0,3.0,1642500.0,0.0,0.0,0.0,0.0,0.0,0.0,52.0,1925144.19,1925144.19,0.0,52.0,0.0,0.0,0.0,1.0,1.0,4.0,4.0,0.0,1574982.0,1574982.0,57795.075,0.0,,,,,,,,,,57.0,1263.0333333333333,1009.0,0.0,0.0,0.0,0.1630888888888889,0.0,1.0,0.0,Tier_3,Salaried,1,0.6018885446725716,77275.64,2315.12,0.0,12863.67,10904.43,11346.7,14105.96,128811.52,33025.5,40662.98,11833.09,0.0584,194038.88,50489.43,0.0,43807.97,217,0.3401,2988.15,66390.35,1826.05,0.0,0,0,0.0,0.0,51149.28,9466.03,39088.82,0
414925,F,56.72826830937714,0,1.0,Widow,Secondary / secondary special,House / apartment,Y,N,135000.0,Working,13.045859000684462,Managers,Other,Cash loans,450000.0,16294.5,450000.0,4.0,1.0,3.0,813600.0,0.0,0.0,0.0,0.0,0.0,0.0,88.0,4064858.055,3960035.55,8.0,80.0,35.0,44.0,-104822.505,0.9090909090909092,0.974212505435199,10.0,9.0,0.0,4043807.055,3251948.805,163564.83,13500.0,0.0,0.0,8100000.0,0.0,0.0,0.0,0.0,0.0,0.0,86.0,1430.5666666666666,1128.9833333333331,0.0,0.0,0.0,0.1207,0.0,0.9,0.0,Tier_2,Salaried,1,0.5314445920992351,46036.35,7257.8,0.0,6721.57,4905.05,3522.19,11218.03,79660.99,16294.5,39044.51,16995.67,0.1259,221995.08,0.0,0.0,34282.04,44,0.4303,0.0,0.0,0.0,0.0,0,0,0.0,0.0,32615.43,8015.55,22964.0,0
260373,F,21.138945927446954,0,1.0,Single / not married,Secondary / secondary special,House / apartment,N,Y,67500.0,Working,,,Business Entity Type 3,Revolving loans,180000.0,9000.0,180000.0,,,,,,,,,,,9.0,76363.155,76363.155,0.0,9.0,0.0,0.0,0.0,1.0,1.0,1.0,1.0,0.0,77112.0,77112.0,8484.795,0.0,,,,,,,,,,9.0,108.0,72.0,0.0,0.0,0.0,0.1333333333333333,,1.0,,Tier_1,Salaried,1,0.71204347286359,27707.16,722.13,0.0,5624.47,4713.02,4064.84,6077.04,48908.66,9000.0,9591.34,5928.11,0.0878,64648.87,0.0,0.0,17323.71,38,0.3542,0.0,0.0,0.0,0.0,1,0,83.11,1.0,6569.62,4510.73,-310.68,1
183973,M,29.90280629705681,1,3.0,Married,Secondary / secondary special,House / apartment,Y,N,157500.0,Working,,Low-skill Laborers,Business Entity Type 3,Cash loans,773680.5,39631.5,679500.0,6.0,3.0,3.0,2099565.0,964336.5,0.0,0.0,0.0,0.0,0.0,17.0,529729.875,555836.895,0.0,17.0,0.0,0.0,26107.02,1.0,1.0492836466887958,2.0,2.0,0.0,459495.0,459495.0,38206.08,15750.0,,,,,,,,,,18.0,253.0,144.5,0.0,0.0,0.0,0.2516285714285714,6.122771428571428,1.0,0.0,Tier_3,Salaried,3,0.5669653645246386,48184.52,8574.08,6822.55,10537.29,10631.79,4546.81,5760.83,95057.87,39631.5,22810.63,15804.86,0.1003,521627.34,104965.82,0.0,28869.11,49,0.3037,1317.25,5250.36,0.0,0.0,0,1,244.63,0.9167,24046.23,8033.11,11414.14,0
223943,F,36.02464065708419,1,3.0,Married,Lower secondary,House / apartment,N,N,67500.0,Commercial associate,13.574264202600958,Cooking staff,Restaurant,Cash loans,76410.0,8748.0,67500.0,3.0,2.0,1.0,527882.76,272210.175,0.0,0.0,0.0,0.0,0.0,12.0,116173.88999999998,116173.88999999998,0.0,12.0,0.0,0.0,0.0,1.0,1.0,2.0,1.0,1.0,153265.5,153265.5,23161.275,4050.0,,,,,,,,,,14.0,156.0,72.0,0.0,0.0,0.0,0.1296,4.032743333333333,0.5,0.0,Tier_3,Other,3,0.7574974606653394,30026.23,3406.34,2286.98,7880.9,4900.38,2630.25,5425.84,56556.92,8748.0,2195.08,1232.72,0.0183,44318.89,0.0,78.41,22924.67,32,0.4053,0.0,0.0,0.0,0.0,1,0,133.59,0.9167,1659.26,11151.82,-18246.81,4
454045,M,37.86721423682409,1,3.0,Married,Secondary / secondary special,House / apartment,Y,Y,202500.0,Working,15.597535934291582,,Other,Cash loans,577147.5,27895.5,459000.0,3.0,1.0,2.0,2370591.0,1213330.5,0.0,0.0,0.0,0.0,0.0,4.0,74008.845,74008.845,0.0,4.0,0.0,0.0,0.0,1.0,1.0,1.0,1.0,0.0,49158.0,49158.0,8931.015,0.0,,,,,,,,,,7.0,48.0,9.0,0.0,0.0,0.0,0.1377555555555555,5.991755555555556,1.0,0.0,Tier_1,Salaried,4,0.6922260624770195,77295.45,4761.65,14107.43,12157.6,24392.59,7461.07,14864.72,155040.51,27895.5,19563.99,7000.11,0.0346,46273.46,0.0,0.0,93643.72,123,0.604,2079.47,5168.25,0.0,0.0,0,0,0.0,0.0,18348.57,10727.66,-3441.01,1
329887,F,46.72142368240931,1,3.0,Married,Secondary / secondary special,House / apartment,N,Y,103500.0,Working,,Sales staff,Self-employed,Cash loans,1078200.0,38200.5,900000.0,3.0,0.0,2.0,477652.5,0.0,0.0,0.0,0.0,0.0,0.0,37.0,525242.385,528783.84,1.0,36.0,21.0,21.0,3541.4550000000017,0.972972972972973,1.0067425156482754,5.0,4.0,1.0,762214.5,762214.5,71446.995,50508.0,,,,,,,,,,40.0,323.0,177.41666666666666,1.0,12.0,0.0,0.3690869565217391,0.0,0.8,0.0,Tier_1,Salaried,3,0.6922387845635984,37242.04,2248.49,9133.06,3494.31,11699.32,7829.5,5854.66,77501.38,38200.5,0.0,0.0,0.0,0.0,0.0,0.0,60495.14,76,0.7806,0.0,0.0,0.0,0.0,0,0,0.0,0.0,-13030.07,9648.81,-27554.39,10
417615,M,58.59000684462697,0,2.0,Married,Higher education,House / apartment,Y,N,252000.0,Working,10.735112936344969,Drivers,Business Entity Type 3,Cash loans,1024740.0,52452.0,900000.0,7.0,6.0,1.0,1962432.0,1280073.195,18680.67,0.0,0.0,0.0,0.0,123.0,1960322.535,1738481.67,8.0,115.0,33.0,33.0,-221840.865,0.934959349593496,0.8868345075673989,6.0,5.0,1.0,1340653.5,1340653.5,87048.58499999999,49549.5,2372540.0025,3026418.21,5175000.0,310500.0,455227.875,118972.83,10.179216166666668,0.0,0.0,60.0,1151.3333333333333,641.0,0.0,0.0,0.0,0.2081428571428571,5.079655535714286,0.8333333333333334,0.0,Tier_2,Salaried,2,0.5926127096522205,60750.31,19137.07,0.0,12103.71,19342.72,10417.36,22320.29,144071.46,52452.0,55476.54,31767.44,0.1261,235258.64,0.0,0.0,52840.79,47,0.3668,0.0,0.0,2113.77,0.0,0,1,626.56,0.75,52001.75,19110.37,14709.9,0
391744,M,41.007529089664615,0,2.0,Married,Secondary / secondary special,House / apartment,N,Y,180000.0,Working,4.646132785763176,Laborers,Business Entity Type 3,Cash loans,720000.0,30636.0,720000.0,1.0,0.0,1.0,67500.0,0.0,0.0,0.0,0.0,0.0,0.0,79.0,1036892.835,1020642.615,2.0,77.0,3.0,3.0,-16250.219999999998,0.9746835443037974,0.9843279657728564,5.0,5.0,0.0,805554.0,669447.0,50715.765,21321.0,,,,,,,,,,85.0,1188.3333333333333,695.6666666666666,1.0,1.0,1.0,0.1702,0.0,1.0,0.0,Tier_3,Salaried,1,0.5285684212476879,55463.68,1177.42,0.0,6314.97,12043.27,10748.26,9487.3,95234.9,30636.0,54129.1,29395.47,0.1633,175202.41,0.0,0.0,46391.54,55,0.4871,2516.7,48403.96,0.0,0.0,1,1,689.75,1.0,50252.1,13875.61,24522.12,0
395904,M,32.92813141683778,0,1.0,Single / not married,Secondary / secondary special,House / apartment,N,Y,180000.0,Working,10.934976043805612,,Business Entity Type 3,Revolving loans,270000.0,13500.0,270000.0,5.0,2.0,3.0,3109500.0,1267776.0,0.0,0.0,0.0,0.0,0.0,12.0,111394.935,111394.935,0.0,12.0,0.0,0.0,0.0,1.0,1.0,1.0,1.0,0.0,99454.5,99454.5,9283.095,0.0,,,,,,,,,,13.0,144.0,74.5,0.0,0.0,0.0,0.075,7.0432,1.0,0.0,Tier_3,Salaried,1,0.5525106157834332,69760.25,1297.27,0.0,10446.72,6941.51,4849.46,15811.27,109106.48,13500.0,57393.52,28457.76,0.1581,780660.66,211821.73,0.0,42644.53,111,0.3909,0.0,0.0,3461.89,0.0,1,0,399.37,0.75,59342.17,13381.89,35096.51,0
324282,F,61.82614647501711,0,2.0,Married,Secondary / secondary special,House / apartment,N,Y,67500.0,Pensioner,,,XNA,Cash loans,270000.0,26433.0,270000.0,,,,,,,,,,,12.0,103479.48,103479.48,0.0,12.0,0.0,0.0,0.0,1.0,1.0,1.0,1.0,0.0,92425.5,92425.5,8623.305,0.0,,,,,,,,,,13.0,156.0,78.0,0.0,0.0,0.0,0.3916,,1.0,,Tier_3,Other,2,0.6161593446157788,21623.82,1054.56,0.0,7179.48,7463.4,3153.15,4146.12,44620.53,26433.0,0.0,0.0,0.0,0.0,0.0,0.0,19195.17,35,0.4302,0.0,0.0,0.0,0.0,1,1,222.8,0.9167,-4300.15,6057.62,-12752.55,8
297727,F,57.106091718001366,0,2.0,Married,Secondary / secondary special,House / apartment,N,Y,117000.0,Pensioner,,,XNA,Cash loans,517788.0,16668.0,427500.0,,,,,,,,,,,32.0,808862.8049999999,603567.9,13.0,19.0,34.5,41.0,-205294.905,0.59375,0.7461931693100909,6.0,3.0,1.0,670725.0,670725.0,51763.995,0.0,,,,,,,,,,24.0,366.0,231.5,0.0,0.0,0.0,0.1424615384615384,,0.5,,Tier_3,Other,2,0.6420597452874854,44261.98,2633.75,0.0,10016.31,6587.01,5751.01,8701.12,77951.18,16668.0,22380.82,11898.75,0.1017,296008.17,0.0,0.0,43732.36,65,0.561,0.0,0.0,0.0,1580.58,0,0,0.0,0.0,18587.58,9652.64,3779.79,0
339434,F,42.32717316906229,0,2.0,Married,Secondary / secondary special,House / apartment,N,Y,144000.0,Working,,Sales staff,Government,Cash loans,545040.0,25407.0,450000.0,7.0,3.0,4.0,775157.715,141903.0,0.0,0.0,0.0,0.0,0.0,6.0,36487.395,36487.395,0.0,6.0,0.0,0.0,0.0,1.0,1.0,1.0,1.0,0.0,29178.0,29178.0,6079.905,2740.5,,,,,,,,,,7.0,42.0,21.0,0.0,0.0,0.0,0.1764375,0.9854375,1.0,0.0,Tier_2,Salaried,2,0.6056763265584465,49704.97,2347.36,0.0,4758.41,12301.54,9011.11,7610.42,85733.81,25407.0,32859.19,18196.59,0.1264,697438.21,0.0,0.0,32296.17,44,0.3767,0.0,0.0,0.0,1838.86,0,0,0.0,0.0,28756.59,8328.12,16897.75,0
451732,F,51.9151266255989,0,1.0,Separated,Higher education,House / apartment,N,Y,180000.0,Working,28.77754962354552,Core staff,School,Cash loans,508500.0,28390.5,508500.0,30.0,6.0,24.0,5004885.6,580036.77,213893.73,0.0,0.0,0.0,0.0,75.0,1414301.985,1361940.255,11.0,64.0,48.5,50.0,-52361.73000000001,0.8533333333333334,0.9629769804784656,8.0,5.0,2.0,2481858.0,2257823.25,168980.715,22198.5,,,,,,,,,,75.0,961.1,504.7,2.0,22.0,6.0,0.157725,3.2224265,0.625,0.0,Tier_3,Salaried,1,0.589397714391336,46456.8,2193.13,0.0,21994.07,10498.73,11041.93,9322.88,101507.54,28390.5,50101.96,23789.12,0.1322,935097.81,145743.28,2351.25,43896.86,159,0.4324,0.0,0.0,0.0,0.0,0,1,428.96,1.0,49010.75,13329.33,27965.04,0
345288,M,60.610540725530456,0,2.0,Married,Lower secondary,House / apartment,Y,Y,225000.0,Pensioner,,,XNA,Cash loans,1256400.0,36864.0,900000.0,9.0,3.0,6.0,2275495.92,1036475.505,0.0,0.0,0.0,0.0,0.0,58.0,967883.85,900265.365,8.0,50.0,309.5,313.0,-67618.485,0.8620689655172413,0.930137810440788,7.0,4.0,3.0,3525016.5,3335424.75,118831.14,7177.5,,,,,,,,,,65.0,1104.3333333333333,626.8333333333334,8.0,1060.0,0.0,0.16384,4.6065578,0.5714285714285714,0.0,Tier_3,Other,2,0.5475378265553561,65914.99,2800.34,0.0,24261.57,7970.32,9949.01,14598.56,125494.79,36864.0,62641.21,35113.27,0.1561,911296.62,0.0,0.0,51149.44,124,0.4076,0.0,0.0,0.0,2389.28,1,0,533.77,1.0,50757.81,16084.33,29014.98,0
120889,M,44.10403832991102,0,2.0,Married,Higher education,House / apartment,N,Y,135000.0,Working,3.337440109514032,High skill tech staff,Electricity,Cash loans,1062099.0,28611.0,904500.0,4.0,1.0,3.0,498895.11,75793.5,113206.5,0.0,0.0,0.0,0.0,51.0,627096.33,912025.08,0.0,51.0,0.0,0.0,284928.75,1.0,1.454362011654573,9.0,5.0,3.0,1203724.35,850807.35,73414.35,112502.7,,,,,,,,,,47.0,890.0,561.5,0.0,0.0,0.0,0.2119333333333333,0.5614333333333333,0.5555555555555556,0.0,Tier_3,Salaried,2,0.5815167498113861,52412.71,892.09,0.0,5939.02,7084.63,5282.54,18871.17,90482.16,28611.0,15906.84,12678.5,0.0939,507584.97,0.0,2036.04,20145.89,98,0.2227,1182.63,67509.16,0.0,0.0,0,0,0.0,0.0,16045.19,7112.84,7704.0,0
191523,F,60.65160848733744,0,2.0,Married,Secondary / secondary special,Municipal apartment,N,Y,441000.0,Pensioner,,,XNA,Cash loans,490005.0,34978.5,423000.0,24.0,3.0,21.0,2799970.11,230263.155,63090.0,0.0,0.0,0.0,0.0,109.0,1955087.46,1858787.955,17.0,92.0,360.0,616.0,-96299.505,0.8440366972477065,0.9507441447146308,10.0,6.0,3.0,4325134.5,3289411.5,124232.01,20448.0,,,,,,,,,,112.0,1829.0,1217.8166666666666,23.0,1862.0,2.0,0.0793163265306122,0.5221386734693878,0.6,0.0,Tier_2,Other,2,0.5191311187243537,131376.72,4581.38,0.0,17944.23,29979.62,21446.92,27714.32,233043.19,34978.5,172978.31,75614.35,0.1715,1256676.57,0.0,0.0,72590.27,163,0.3115,0.0,0.0,0.0,4162.48,1,0,385.85,0.9167,170920.65,30386.51,98345.39,0
393301,F,40.51745379876797,0,2.0,Civil marriage,Secondary / secondary special,House / apartment,Y,Y,180000.0,Commercial associate,5.973990417522245,Sales staff,Trade: type 7,Cash loans,765261.0,53392.5,684000.0,4.0,0.0,4.0,406125.0,0.0,0.0,0.0,0.0,0.0,0.0,32.0,255040.245,255040.245,0.0,32.0,0.0,0.0,0.0,1.0,1.0,4.0,4.0,0.0,222817.5,161750.25,24319.08,9111.375,,,,,,,,,,36.0,250.0,131.33333333333334,0.0,0.0,0.0,0.296625,0.0,1.0,0.0,Tier_1,Other,2,0.7468372404765876,90242.76,3611.54,0.0,2517.35,14732.0,12185.38,5440.02,128729.05,53392.5,0.0,0.0,0.0,0.0,0.0,0.0,78748.78,191,0.6117,0.0,0.0,0.0,0.0,0,0,0.0,0.0,119.91,26530.65,-52618.43,4
265986,F,59.507186858316224,0,1.0,Widow,Secondary / secondary special,House / apartment,N,Y,94500.0,Commercial associate,4.752908966461328,Security staff,Security,Cash loans,533304.0,22594.5,405000.0,2.0,2.0,0.0,157500.0,144648.0,0.0,0.0,0.0,0.0,0.0,148.0,1163413.35,1149913.35,3.0,145.0,29.0,29.0,-13500.0,0.9797297297297296,0.9883962136071416,5.0,4.0,0.0,792549.0,690338.25,36024.5475,7240.14,2451320.0560714286,3209656.59,3894750.0,321754.095,557288.595,161463.1242857143,19.989481007936508,3.0,3.0,34.0,769.0,560.0,0.0,0.0,0.0,0.239095238095238,1.5306666666666666,0.8,0.0,Tier_2,Other,1,0.6738966405577901,37036.25,1467.02,0.0,5311.43,9189.84,6064.96,3137.0,62206.5,22594.5,9699.0,5350.18,0.0566,155188.99,0.0,0.0,32992.31,111,0.5304,1425.89,66263.83,0.0,0.0,0,0,0.0,0.0,13875.94,8289.94,3222.41,0
227625,F,43.82203969883641,0,2.0,Married,Higher education,House / apartment,N,Y,180000.0,Working,4.544832306639288,Managers,Construction,Cash loans,414000.0,30123.0,414000.0,2.0,1.0,1.0,382500.0,112959.0,0.0,0.0,0.0,0.0,0.0,145.0,1612688.265,1971173.43,21.0,124.0,134.5,157.0,358485.165,0.8551724137931035,1.2222904282124234,13.0,1.0,5.0,2926246.5,2490507.0,136203.48,0.0,2828767.455,4157245.125,4050375.0,567240.165,947205.0,166522.149,20.804379752380957,13.0,13.0,9.0,324.0,288.0,0.0,0.0,0.0,0.16735,0.62755,0.0769230769230769,0.0,Tier_1,Salaried,1,0.6440451958375962,75356.47,1668.88,0.0,6581.32,15472.68,6015.48,16067.74,121162.57,30123.0,28714.43,14384.83,0.0799,302554.87,0.0,0.0,80941.45,135,0.668,2688.71,29847.85,0.0,0.0,0,0,0.0,0.0,23906.19,16245.08,-6471.78,2
367074,F,37.05133470225873,0,2.0,Married,Secondary / secondary special,House / apartment,Y,N,67500.0,Working,7.08829568788501,Drivers,Other,Cash loans,1078200.0,38331.0,900000.0,5.0,3.0,2.0,648000.0,474930.0,0.0,0.0,0.0,0.0,0.0,47.0,317139.705,317139.705,0.0,47.0,0.0,0.0,0.0,1.0,1.0,4.0,3.0,0.0,258187.5,182137.5,19400.265,13500.0,,,,,,,,,,50.0,794.0,539.6333333333333,0.0,0.0,0.0,0.5678666666666666,7.036,0.75,0.0,Tier_3,Salaried,2,0.6621016948962244,24562.46,3518.14,0.0,5894.19,4211.33,2767.9,4839.2,45793.22,33750.0,0.0,0.0,0.0,0.0,0.0,0.0,18021.9,34,0.3935,0.0,0.0,0.0,0.0,1,0,96.82,0.5833,-11017.08,3594.95,-16196.74,12
186735,F,39.12936344969199,2,4.0,Married,Higher education,House / apartment,Y,Y,67500.0,Working,20.10677618069815,Accountants,Business Entity Type 2,Revolving loans,202500.0,10125.0,202500.0,7.0,3.0,4.0,989050.5,381070.89,18515.025,0.0,0.0,0.0,1.0,8.0,22733.730000000003,17051.715,4.0,4.0,27.0,27.0,-5682.015000000001,0.5,0.7500623522844688,1.0,1.0,0.0,15988.5,15988.5,2842.425,1687.5,,,,,,,,,,7.0,42.0,21.0,0.0,0.0,0.0,0.15,5.645494666666667,1.0,0.0,Tier_1,Salaried,5,0.8707791266428866,35617.77,2175.81,3989.94,7589.14,5695.41,3709.52,2372.19,61149.78,10125.0,0.0,0.0,0.0,0.0,0.0,0.0,33837.83,48,0.5534,0.0,0.0,0.0,0.0,0,1,91.47,0.75,-2382.63,7180.75,-14681.96,7
415893,F,50.06981519507187,1,2.0,Widow,Higher education,House / apartment,Y,N,225000.0,Working,17.34154688569473,,Medicine,Cash loans,1327500.0,42952.5,1327500.0,,,,,,,,,,,147.0,3400640.685,3558953.7,0.0,147.0,0.0,0.0,158313.015,1.0,1.0465538790082434,8.0,5.0,1.0,3795138.0,3518235.0,155614.54499999998,0.0,5553208.6365,6278402.16,9022500.0,629329.995,760950.0,281051.76,14.630901645757575,0.0,0.0,64.0,1231.3333333333333,879.1666666666666,0.0,0.0,0.0,0.1909,,0.625,,Tier_3,Salaried,2,0.5616147528923066,81059.69,7802.74,10423.57,7603.03,12377.01,7097.27,30527.67,156890.98,42952.5,25156.52,9850.84,0.0438,299938.69,0.0,0.0,52583.43,134,0.3352,0.0,0.0,0.0,0.0,1,1,824.22,0.6667,29900.77,17402.56,-979.72,1
157568,M,36.0848733744011,1,3.0,Married,Secondary / secondary special,House / apartment,Y,Y,135000.0,State servant,,Drivers,Business Entity Type 3,Cash loans,1188000.0,34735.5,1188000.0,15.0,3.0,11.0,2155651.02,727155.0,0.0,0.0,0.0,0.0,0.0,51.0,268744.905,250620.885,8.0,43.0,139.0,157.0,-18124.02,0.8431372549019608,0.9325605075192028,7.0,7.0,0.0,619852.5,552145.5,29500.56,15807.06,0.0,0.0,450000.0,0.0,0.0,0.0,0.0,0.0,0.0,49.0,529.5833333333334,290.6666666666667,4.0,60.0,16.0,0.2573,5.386333333333333,1.0,0.0,Tier_2,Salaried,4,0.6601758481176832,50977.78,1531.17,6485.01,7161.49,15004.92,7963.38,5753.99,94877.74,34735.5,5386.76,2153.15,0.0159,93810.64,0.0,0.0,28454.76,19,0.2999,0.0,0.0,0.0,0.0,1,0,228.13,0.8333,5020.12,8512.93,-8301.08,3
262304,F,41.9958932238193,0,2.0,Married,Secondary / secondary special,House / apartment,Y,Y,180000.0,Commercial associate,,Sales staff,Trade: type 7,Cash loans,481495.5,36000.0,454500.0,8.0,2.0,6.0,1672197.75,-3450.465,3450.465,0.0,0.0,0.0,0.0,10.0,391081.545,391081.545,0.0,10.0,0.0,0.0,0.0,1.0,1.0,2.0,2.0,0.0,342310.5,171155.25,22313.4075,12420.0,,,,,,,,,,12.0,106.0,67.0,0.0,0.0,0.0,0.2,-0.01916925,1.0,0.0,Tier_3,Other,1,0.5482225581254763,70722.61,765.06,0.0,2895.16,10511.68,6487.63,13435.51,104817.65,36000.0,39182.35,21500.29,0.1194,733404.32,131095.88,0.0,39912.17,55,0.3808,3462.97,100901.97,0.0,0.0,1,0,323.74,1.0,40193.78,12434.49,12195.74,0
372919,M,36.71731690622861,0,2.0,Married,Secondary / secondary special,House / apartment,N,N,180000.0,Working,,Core staff,Self-employed,Cash loans,1078200.0,31653.0,900000.0,,,,,,,,,,,120.0,724835.88,724835.88,7.0,113.0,11.0,11.0,0.0,0.9416666666666668,1.0,1.0,1.0,0.0,134338.5,134338.5,8355.87,0.0,3017893.098857143,4810403.97,3916767.857142857,441900.0,549495.0,182490.2325,24.741766313265305,1.0,1.0,8.0,217.0,189.0,0.0,0.0,0.0,0.17585,,1.0,,Tier_1,Salaried,3,0.739986023548184,86664.69,11855.46,0.0,5089.07,11244.55,9389.51,7687.74,131931.02,31653.0,16415.98,9038.63,0.0502,193419.26,0.0,0.0,65647.39,189,0.4976,2426.91,113338.66,1465.01,886.27,1,0,351.12,0.75,17058.48,18814.29,-17698.26,2
146895,M,35.20328542094456,3,5.0,Married,Secondary / secondary special,House / apartment,Y,N,189000.0,Working,7.082819986310746,Drivers,Business Entity Type 3,Revolving loans,270000.0,13500.0,270000.0,2.0,1.0,1.0,0.0,-2066.8050000000003,2066.8050000000003,0.0,0.0,0.0,0.0,26.0,169950.105,191732.85,1.0,25.0,1.0,1.0,21782.745000000003,0.9615384615384616,1.1281714124271944,2.0,2.0,0.0,132322.5,132322.5,14253.345,0.0,,,,,,,,,,26.0,276.0,139.0,0.0,0.0,0.0,0.0714285714285714,-0.0109354761904761,1.0,,Tier_2,Salaried,5,0.6190594305003061,59541.0,10799.29,5786.02,12229.9,17352.54,11293.49,11496.73,128498.97,13500.0,47001.03,22714.75,0.1202,603018.86,0.0,1722.49,69898.83,102,0.544,0.0,0.0,0.0,0.0,0,1,449.42,0.9167,39421.13,13493.31,18787.93,0
396684,F,62.59548254620123,0,2.0,Married,Higher education,House / apartment,N,N,270000.0,Pensioner,,,XNA,Cash loans,586377.0,39343.5,553500.0,,,,,,,,,,,67.0,2334876.165,2527303.77,6.0,61.0,60.0,60.0,192427.60499999995,0.9104477611940298,1.0824144799987712,11.0,4.0,3.0,3035070.0,2151072.0,132493.32,0.0,,,,,,,,,,62.0,1333.0,968.9166666666666,2.0,27.0,0.0,0.1457166666666666,,0.3636363636363636,,Tier_1,Other,2,0.6850987021428371,61784.65,27036.39,0.0,47562.48,24430.97,12597.6,35496.64,208908.73,39343.5,21747.77,10932.93,0.0405,344764.89,0.0,0.0,131789.82,293,0.6308,0.0,0.0,0.0,1324.03,0,0,0.0,0.0,23372.8,26789.31,-21988.67,2
137989,M,49.11978097193703,0,1.0,Separated,Secondary / secondary special,House / apartment,Y,Y,112500.0,Working,,Cleaning staff,Other,Cash loans,213156.0,10494.0,139500.0,,,,,,,,,,,12.0,228617.685,228617.685,0.0,12.0,0.0,0.0,0.0,1.0,1.0,1.0,1.0,0.0,318595.5,318595.5,21651.615,0.0,,,,,,,,,,12.0,152.0,75.0,0.0,0.0,0.0,0.09328,,1.0,,Tier_1,Salaried,1,0.7420840522146817,56279.19,2900.77,0.0,4987.35,7643.83,3296.32,3985.2,79092.66,10494.0,22913.34,14400.65,0.128,302602.35,0.0,0.0,55273.07,259,0.6988,1222.1,8491.02,0.0,0.0,1,0,133.85,0.9167,18328.94,10949.51,-4266.44,1
215513,F,30.38740588637919,1,3.0,Married,Secondary / secondary special,House / apartment,N,Y,157500.0,Working,,Laborers,Business Entity Type 2,Cash loans,157500.0,10381.5,157500.0,6.0,1.0,5.0,525447.9,222043.5,0.0,0.0,0.0,0.0,0.0,9.0,35595.450000000004,35595.450000000004,0.0,9.0,0.0,0.0,0.0,1.0,1.0,2.0,2.0,0.0,80955.0,80955.0,6205.05,0.0,0.0,0.0,810000.0,0.0,0.0,0.0,0.0,0.0,0.0,9.0,80.0,51.0,0.0,0.0,0.0,0.0659142857142857,1.4098,1.0,0.0,Tier_2,Salaried,3,0.6257787664141438,55958.98,797.88,8660.82,8861.93,8796.26,15484.28,7404.91,105965.06,10381.5,41153.44,26925.63,0.171,1058806.38,0.0,0.0,74500.77,235,0.7031,0.0,0.0,0.0,0.0,0,0,0.0,0.0,38292.83,14190.22,6963.94,0
229893,F,33.828884325804246,1,3.0,Married,Higher education,House / apartment,N,Y,202500.0,Working,10.302532511978097,Managers,Insurance,Cash loans,135000.0,14305.5,135000.0,6.0,3.0,3.0,5782572.0,1303146.0,0.0,0.0,0.0,0.0,0.0,12.0,402563.925,489051.9,0.0,12.0,0.0,0.0,86487.975,1.0,1.21484283520934,3.0,3.0,0.0,385708.5,385708.5,39234.600000000006,19714.5,,,,,,,,,,14.0,164.0,131.5,0.0,0.0,0.0,0.0706444444444444,6.435288888888889,1.0,0.0,Tier_3,Salaried,2,0.6426908694635498,100487.95,2308.43,7672.93,6114.93,8544.64,5016.02,15870.78,146015.68,14305.5,42178.82,19948.63,0.0985,785228.73,96211.53,0.0,71038.49,203,0.4865,0.0,0.0,0.0,0.0,0,0,0.0,0.0,50138.9,17679.46,26268.55,0
223964,F,65.69472963723477,0,1.0,Widow,Secondary / secondary special,Municipal apartment,N,N,157500.0,Pensioner,,,XNA,Cash loans,314100.0,13437.0,225000.0,3.0,1.0,2.0,193095.0,0.0,0.0,0.0,0.0,0.0,0.0,97.0,944046.0,771727.23,21.0,76.0,158.5,179.0,-172318.77000000002,0.7835051546391752,0.8174678246610864,6.0,5.0,1.0,673420.5,391380.75,33685.6725,15205.5,,,,,,,,,,82.0,1088.0,596.0833333333334,2.0,19.0,12.0,0.0853142857142857,0.0,0.8333333333333334,0.0,Tier_3,Other,1,0.5845906128633808,58031.17,4283.04,0.0,5405.86,7905.27,6371.54,9459.29,91456.17,13437.0,52606.83,8134.32,0.0516,98572.14,0.0,0.0,49711.62,95,0.5436,0.0,0.0,0.0,596.03,0,1,331.62,0.5833,52491.67,18420.06,26028.1,0
134450,F,59.7015742642026,0,2.0,Married,Secondary / secondary special,House / apartment,N,N,202500.0,Pensioner,,,XNA,Revolving loans,292500.0,14625.0,292500.0,8.0,3.0,5.0,747954.0,125797.5,0.0,0.0,0.0,0.0,0.0,49.0,2885009.535,3400879.23,2.0,47.0,6.0,6.0,515869.695,0.9591836734693876,1.1788103951621771,8.0,6.0,0.0,2873596.5,1478022.75,82286.9325,8595.0,0.0,0.0,2340000.0,0.0,0.0,0.0,0.0,0.0,0.0,51.0,952.0833333333334,679.9166666666666,1.0,5.0,5.0,0.0722222222222222,0.6212222222222222,0.75,0.0,Tier_2,Other,2,0.6741093887199129,72440.08,12570.26,0.0,13545.07,15052.37,9843.38,5146.35,128597.51,14625.0,59277.49,20340.29,0.1004,322055.06,0.0,0.0,37071.99,37,0.2883,1694.19,58920.98,0.0,0.0,1,0,404.77,0.6667,56496.27,23168.19,23150.66,0
298736,M,42.6611909650924,0,2.0,Married,Secondary / secondary special,House / apartment,N,Y,202500.0,Commercial associate,9.713894592744696,Drivers,Business Entity Type 3,Cash loans,1288350.0,37795.5,1125000.0,4.0,4.0,0.0,1609150.5,1164276.0,0.0,0.0,0.0,0.0,0.0,106.0,190721.25,190721.25,0.0,106.0,0.0,0.0,0.0,1.0,1.0,1.0,1.0,0.0,135000.0,135000.0,6750.0,0.0,458709.7403571429,1007133.57,1506857.1428571427,135000.0,168390.0,24127.450714285715,5.343526055555556,0.0,0.0,2.0,12.0,1.0,0.0,0.0,0.0,0.1866444444444444,5.749511111111112,1.0,0.0,Tier_1,Other,2,0.6250530308262411,69437.1,3915.08,0.0,20196.77,17319.87,8420.46,7755.7,127044.98,37795.5,37659.52,17192.15,0.0849,551036.62,0.0,0.0,58113.77,96,0.4574,2101.86,69018.98,0.0,1802.77,1,0,156.89,1.0,36394.56,24617.04,10582.33,0
227372,F,40.25462012320329,1,3.0,Married,Secondary / secondary special,House / apartment,N,Y,157500.0,Working,20.15605749486653,Core staff,Medicine,Cash loans,364428.0,13869.0,238500.0,4.0,4.0,0.0,1624500.0,1166584.5,0.0,0.0,0.0,0.0,0.0,14.0,137094.93000000002,137094.93000000002,0.0,14.0,0.0,0.0,0.0,1.0,1.0,4.0,2.0,0.0,185697.0,163197.0,12042.495,13495.5,0.0,0.0,405000.0,0.0,0.0,0.0,0.0,0.0,0.0,14.0,216.0,141.0,0.0,0.0,0.0,0.0880571428571428,7.406885714285714,0.5,0.0,Tier_3,Salaried,3,0.6085613949981904,72702.46,1322.28,3779.21,5235.44,6231.13,6577.92,8704.45,104552.89,13869.0,39078.11,23962.45,0.1521,585256.23,0.0,1680.89,21628.15,137,0.2069,0.0,0.0,3588.91,0.0,0,1,393.6,0.9167,38185.83,11920.53,4478.48,0
221166,F,30.313483915126625,0,2.0,Married,Higher education,House / apartment,Y,Y,760792.5,Commercial associate,11.649555099247092,Managers,Trade: type 2,Revolving loans,337500.0,16875.0,337500.0,9.0,4.0,5.0,20334100.5,5623479.54,450000.0,0.0,0.0,0.0,1.0,,,,,,,,,,,,,,,,,,,,,,,,,,,,,,,,,0.0221808180285688,7.3916074882441665,,0.0,Tier_3,Other,2,0.7224648599800889,366747.7,5731.69,0.0,21102.64,39839.65,42356.95,38093.52,513872.15,16875.0,230045.35,95906.94,0.1261,2754081.22,0.0,0.0,140071.68,424,0.2726,0.0,0.0,0.0,0.0,0,0,0.0,0.0,288524.12,97687.3,114532.6,0
119579,M,34.03148528405202,2,4.0,Married,Higher education,House / apartment,Y,Y,225000.0,Commercial associate,,,Business Entity Type 3,Cash loans,900000.0,26446.5,900000.0,6.0,6.0,0.0,2460424.5,1489212.0,48091.5,648.0,46.0,1.0,0.0,43.0,531401.445,531401.445,2.0,41.0,2.0,2.0,0.0,0.9534883720930232,1.0,6.0,3.0,1.0,572544.0,572544.0,42288.93,7483.41,1762802.3925,2162735.91,2115000.0,292884.93,383548.68,90493.965,8.575821333333334,0.0,0.0,18.0,142.0,66.5,0.0,0.0,0.0,0.11754,6.61872,0.5,0.0002633691869025,Tier_3,Other,4,0.6639826065053853,88776.89,2791.14,12128.1,13409.34,23159.75,9130.87,12805.21,162201.3,26446.5,36352.2,17927.5,0.0797,129255.11,43749.88,0.0,106340.09,132,0.6556,3967.5,264439.66,0.0,1984.83,0,0,0.0,0.0,29662.86,37533.6,-31285.03,2
114568,F,36.57221081451061,0,2.0,Married,Secondary / secondary special,House / apartment,Y,Y,225000.0,Working,5.7440109514031485,Managers,Self-employed,Cash loans,1142725.5,63936.0,1080000.0,6.0,1.0,5.0,882750.825,0.0,0.0,0.0,0.0,0.0,0.0,57.0,2934757.575,2815741.575,1.0,56.0,4.0,4.0,-119016.0,0.9824561403508772,0.9594460540748412,10.0,7.0,3.0,3113406.0,2706714.0,214800.4575,49194.45,0.0,0.0,7455000.0,0.0,0.0,0.0,0.0,0.0,0.0,62.0,496.3333333333333,248.33333333333331,0.0,0.0,0.0,0.28416,0.0,0.7,0.0,Tier_3,Salaried,2,0.503382662900528,63351.98,2890.42,0.0,14160.37,16303.59,6492.33,39819.35,143018.04,63936.0,18045.96,11321.69,0.0503,97253.34,30118.53,0.0,69125.18,82,0.4833,1544.75,68089.21,0.0,0.0,0,0,0.0,0.0,17641.38,15500.05,-5390.89,1
331250,F,42.10540725530458,0,2.0,Married,Secondary / secondary special,House / apartment,N,N,135000.0,Commercial associate,5.650924024640657,Laborers,Self-employed,Cash loans,101880.0,10827.0,90000.0,7.0,3.0,4.0,1232302.5,385825.5,0.0,0.0,0.0,0.0,0.0,27.0,545974.92,499642.785,4.0,23.0,8.0,8.0,-46332.135,0.8518518518518519,0.9151387118661056,5.0,2.0,0.0,829561.5,551925.0,31680.225,0.0,,,,,,,,,,28.0,741.0,599.5,0.0,0.0,0.0,0.0802,2.8579666666666665,0.4,0.0,Tier_2,Other,3,0.7632590580455065,62512.93,9856.39,0.0,11683.38,9321.65,6023.93,7433.24,106831.52,10827.0,17341.48,8081.88,0.0599,334277.83,0.0,0.0,61660.28,80,0.5772,1147.73,11170.66,0.0,0.0,0,0,0.0,0.0,22580.15,16021.73,-14920.25,1
409263,F,31.668720054757017,2,4.0,Married,Secondary / secondary special,Municipal apartment,N,N,180000.0,State servant,,Core staff,Business Entity Type 3,Cash loans,1185120.0,39298.5,900000.0,5.0,2.0,3.0,1155087.9,15957.0,0.0,0.0,0.0,0.0,0.0,24.0,202239.72,217306.53,0.0,24.0,0.0,0.0,15066.81,1.0,1.0744997570210244,2.0,2.0,0.0,154602.0,154602.0,16892.864999999998,17545.5,,,,,,,,,,70.0,524.0,246.5,6.0,52.0,52.0,0.218325,0.08865,1.0,0.0,Tier_2,Salaried,3,0.5985105184432854,55124.53,14228.75,12808.99,5032.61,13261.84,7275.17,22025.5,129757.39,39298.5,10944.11,4155.47,0.0231,130594.15,20764.43,0.0,34904.84,228,0.269,0.0,0.0,0.0,0.0,0,0,0.0,0.0,7862.61,11843.0,-10706.65,2
179928,F,50.31895961670089,3,4.0,Widow,Secondary / secondary special,House / apartment,N,Y,135000.0,Working,,Cooking staff,Restaurant,Cash loans,528939.0,35478.0,432000.0,9.0,4.0,5.0,1221705.0,441040.5,27361.17,0.0,0.0,0.0,0.0,8.0,64593.72,64593.72,0.0,8.0,0.0,0.0,0.0,1.0,1.0,1.0,1.0,0.0,71088.525,71088.525,8074.215,0.0,,,,,,,,,,9.0,60.0,41.0,0.0,0.0,0.0,0.2628,3.266966666666667,1.0,0.0,Tier_1,Salaried,4,0.6342545307700218,45006.77,2125.26,5925.36,7979.78,17420.58,7166.61,7654.72,93279.08,35478.0,6242.92,3348.46,0.0248,72760.51,0.0,0.0,45837.13,85,0.4914,0.0,0.0,0.0,0.0,1,0,118.6,0.8333,4374.36,9016.72,-8427.34,3
133732,M,60.2217659137577,0,2.0,Married,Higher education,House / apartment,Y,N,225000.0,Pensioner,,,XNA,Revolving loans,675000.0,33750.0,675000.0,15.0,5.0,10.0,8658437.265,4691218.5,169753.905,0.0,0.0,0.0,0.0,17.0,962012.88,962012.88,0.0,17.0,0.0,0.0,0.0,1.0,1.0,7.0,3.0,2.0,3486879.0,3401610.75,123537.375,6860.25,,,,,,,,,,21.0,251.0,199.5,0.0,0.0,0.0,0.15,20.84986,0.4285714285714285,0.0,Tier_3,Other,1,0.6040516641915648,62732.08,16768.63,0.0,30374.84,7512.83,7316.35,19308.37,144013.1,33750.0,47236.9,23741.91,0.1055,442381.24,175712.55,0.0,67247.14,188,0.467,2673.72,46976.84,2396.08,1249.8,1,1,965.42,0.9167,51014.01,23010.03,2772.6,0
402877,F,43.449691991786445,0,2.0,Married,Higher education,Co-op apartment,N,Y,315000.0,Working,11.41409993155373,Accountants,Housing,Cash loans,1350000.0,53541.0,1350000.0,11.0,2.0,9.0,1615798.71,513661.5,58147.605,0.0,0.0,0.0,0.0,52.0,508869.45,454755.375,8.0,43.0,121.5,134.0,-54046.575,0.8269230769230769,0.893658235918859,5.0,4.0,1.0,543123.0,437969.25,39504.8925,18396.0,962980.07625,2343851.55,5355000.0,180000.0,278505.0,58189.3575,6.552437958333333,28287.0,4.0,14.0,89.0,48.5,0.0,0.0,0.0,0.1699714285714285,1.6306714285714283,0.8,0.0,Tier_3,Salaried,2,0.5438272817681468,107295.41,3994.18,0.0,14736.9,22120.75,14353.5,40845.17,203345.91,53541.0,58113.09,36201.79,0.1149,1461828.46,0.0,0.0,90949.79,413,0.4473,0.0,0.0,0.0,0.0,1,1,1336.43,0.8333,67975.58,20615.16,20790.48,0
157974,M,22.713210130047912,0,2.0,Married,Secondary / secondary special,House / apartment,N,Y,180000.0,Working,,Sales staff,Trade: type 2,Cash loans,675000.0,29380.5,675000.0,2.0,1.0,1.0,575876.25,311719.5,0.0,0.0,0.0,0.0,0.0,9.0,215435.97,215435.97,0.0,9.0,0.0,0.0,0.0,1.0,1.0,8.0,2.0,6.0,880510.5,672277.5,81431.09999999999,62257.5,,,,,,,,,,10.0,108.0,84.0,0.0,0.0,0.0,0.163225,1.731775,0.25,0.0,Tier_1,Salaried,2,0.6530553035468477,64259.26,4770.95,0.0,11934.24,19636.91,10164.58,7689.35,118455.29,29380.5,32164.21,11936.75,0.0663,414679.72,0.0,0.0,66530.05,93,0.5616,0.0,0.0,0.0,0.0,1,1,376.23,0.6667,34472.33,17146.03,16826.83,0
321838,M,45.08145106091718,0,1.0,Separated,Secondary / secondary special,House / apartment,Y,Y,315000.0,Working,,Laborers,Business Entity Type 2,Cash loans,1078200.0,31653.0,900000.0,8.0,2.0,6.0,5572093.5,2164302.0,0.0,0.0,0.0,0.0,0.0,43.0,836181.63,836181.63,0.0,43.0,0.0,0.0,0.0,1.0,1.0,2.0,2.0,0.0,565155.0,565155.0,27715.365,0.0,4070883.7575,4182424.785,6300000.0,936423.0,710857.08,181265.46,9.04640835,0.0,0.0,14.0,301.0,214.5,0.0,0.0,0.0,0.1004857142857142,6.8708,1.0,0.0,Tier_1,Salaried,1,0.6480155959024617,109270.59,6592.72,0.0,26392.79,32324.74,7166.34,11713.11,193460.29,31653.0,89886.71,59932.89,0.1903,2378602.43,0.0,0.0,128142.25,231,0.6624,0.0,0.0,0.0,4826.81,0,0,0.0,0.0,90566.67,23836.03,54927.07,0
108222,M,29.322381930184804,1,2.0,Separated,Incomplete higher,House / apartment,Y,N,180000.0,Working,,Managers,Business Entity Type 3,Cash loans,283500.0,18459.0,283500.0,11.0,2.0,9.0,3845232.0,1565302.5,0.0,0.0,0.0,0.0,0.0,36.0,1225716.84,2143942.38,4.0,32.0,8.0,8.0,918225.5399999998,0.8888888888888888,1.7491334948127168,6.0,3.0,3.0,2445093.0,1932788.25,113966.3925,8635.5,,,,,,,,,,34.0,606.5,466.0,0.0,0.0,0.0,0.10255,8.696125,0.5,0.0,Tier_3,Salaried,2,0.6687024838142792,68614.27,9279.94,12367.82,5370.67,13894.54,10839.21,13394.83,133761.28,18459.0,27779.72,14096.48,0.0783,312242.65,46568.14,0.0,66887.72,94,0.5001,0.0,0.0,0.0,0.0,1,0,342.88,0.9167,21313.52,14952.45,-10946.84,1
134121,M,47.60027378507871,1,3.0,Married,Secondary / secondary special,House / apartment,Y,N,157500.0,Working,4.188911704312115,Managers,Security,Cash loans,1078200.0,29781.0,900000.0,,,,,,,,,,,46.0,838192.41,838192.41,3.0,43.0,3.0,3.0,0.0,0.9347826086956522,1.0,3.0,3.0,0.0,696384.0,696384.0,57575.295,92272.095,,,,,,,,,,48.0,605.0,349.3,0.0,0.0,0.0,0.1890857142857142,,1.0,,Tier_3,Salaried,3,0.578521903674251,57325.38,5490.77,6092.66,11655.25,7464.8,3088.34,14236.78,105353.98,29781.0,22365.02,14796.36,0.0939,295966.77,81100.13,2018.42,55172.37,77,0.5237,0.0,0.0,0.0,0.0,0,1,271.7,1.0,20807.54,10677.56,1775.05,0
110493,F,33.86721423682409,0,1.0,Single / not married,Secondary / secondary special,With parents,N,N,144000.0,Working,3.515400410677618,Medicine staff,Medicine,Cash loans,536917.5,27544.5,463500.0,2.0,2.0,0.0,292500.0,245427.435,7.065,0.0,0.0,0.0,0.0,26.0,315592.335,284590.215,4.0,22.0,58.0,58.0,-31002.12,0.8461538461538461,0.9017652947749824,2.0,2.0,0.0,206262.0,206262.0,25210.53,12600.0,,,,,,,,,,23.0,239.0,131.0,0.0,0.0,0.0,0.19128125,1.7043571875,1.0,0.0,Tier_2,Salaried,2,0.6032599167385683,40938.04,14475.49,0.0,6792.13,7142.39,4357.15,4411.56,78116.76,27544.5,38338.74,21476.33,0.1491,132087.02,0.0,0.0,49497.73,164,0.6336,0.0,0.0,0.0,0.0,0,0,0.0,0.0,34559.75,9312.87,21278.2,0
367748,F,42.40930869267625,1,3.0,Married,Secondary / secondary special,Municipal apartment,Y,Y,180000.0,Working,4.914442162902122,Laborers,Business Entity Type 3,Cash loans,708939.0,38587.5,612000.0,1.0,1.0,0.0,1296000.0,0.0,0.0,0.0,0.0,0.0,0.0,10.0,101262.96,101262.96,0.0,10.0,0.0,0.0,0.0,1.0,1.0,5.0,2.0,3.0,134559.0,134559.0,15769.935,0.0,,,,,,,,,,12.0,134.0,97.0,0.0,0.0,0.0,0.214375,0.0,0.4,0.0,Tier_1,Salaried,3,0.6393902891416335,82990.08,2036.64,6945.98,6220.78,9168.78,7728.0,14380.04,129470.3,38587.5,11942.2,7408.48,0.0412,81175.6,0.0,0.0,79210.11,111,0.6118,0.0,0.0,0.0,0.0,0,0,0.0,0.0,13521.43,14153.97,-20263.07,2
231591,F,64.40520191649556,0,2.0,Married,Secondary / secondary special,House / apartment,N,N,67500.0,Pensioner,,,XNA,Cash loans,675000.0,21775.5,675000.0,12.0,5.0,7.0,2332991.115,706987.53,0.0,0.0,0.0,0.0,0.0,6.0,38467.44,38467.44,0.0,6.0,0.0,0.0,0.0,1.0,1.0,1.0,1.0,0.0,31180.5,31180.5,6410.7,3303.0,,,,,,,,,,6.0,36.0,21.0,0.0,0.0,0.0,0.3226,10.473889333333334,1.0,0.0,Tier_3,Other,3,0.5977793428637409,19610.05,4825.32,0.0,7150.46,2110.57,2802.04,2640.14,39138.58,21775.5,6585.92,3358.51,0.0498,103204.0,0.0,543.45,13331.42,35,0.3406,0.0,0.0,0.0,0.0,0,0,0.0,0.0,7436.31,7434.66,-6754.43,2
409928,F,23.498973305954827,0,2.0,Civil marriage,Secondary / secondary special,House / apartment,N,N,90000.0,Working,,Sales staff,Mobile,Cash loans,135000.0,10822.5,135000.0,2.0,2.0,0.0,112455.0,41908.5,0.0,0.0,0.0,0.0,0.0,14.0,77395.95000000001,55271.655,5.0,9.0,43.0,43.0,-22124.295,0.6428571428571429,0.7141414376333645,3.0,1.0,2.0,203652.0,203652.0,19759.275,8626.5,,,,,,,,,,11.0,110.0,45.0,4.0,10.0,10.0,0.12025,0.46565,0.3333333333333333,0.0,Tier_2,Salaried,2,0.7739653634578952,30608.37,7681.25,0.0,3637.32,15752.26,8265.47,4877.16,70821.83,10822.5,8355.67,4132.11,0.0459,198748.32,0.0,0.0,38146.05,200,0.5386,0.0,0.0,337.71,0.0,0,0,0.0,0.0,9714.18,7288.66,-8201.16,1
111193,F,35.63586584531143,1,3.0,Married,Higher education,Municipal apartment,N,Y,135000.0,State servant,13.17180013689254,,Medicine,Cash loans,284256.0,30744.0,270000.0,2.0,2.0,0.0,267426.0,166914.0,0.0,0.0,0.0,0.0,0.0,92.0,366754.86,366754.86,5.0,87.0,44.0,44.0,0.0,0.9456521739130436,1.0,2.0,2.0,0.0,190390.5,190390.5,17866.89,13500.0,1383818.274,2105626.68,4158000.0,135000.0,285975.0,117045.315,10.250505733333334,5.0,5.0,7.0,42.0,16.0,0.0,0.0,0.0,0.2277333333333333,1.2364,1.0,0.0,Tier_2,Salaried,2,0.5401696417300734,47961.84,1836.47,6535.4,3116.48,8602.62,4870.09,7633.2,80556.1,30744.0,23699.9,9590.92,0.071,358326.83,0.0,0.0,30568.62,44,0.3795,0.0,0.0,0.0,1024.93,0,0,0.0,0.0,21015.96,12235.47,7607.44,0
173271,F,63.32375085557837,0,1.0,Widow,Secondary / secondary special,House / apartment,N,N,72000.0,Pensioner,,,XNA,Cash loans,162000.0,5301.0,162000.0,5.0,1.0,4.0,666000.0,172453.5,0.0,0.0,0.0,0.0,0.0,,,,,,,,,,,,,,,,,,,,,,,,,,,,,,,,,0.073625,2.3951875,,0.0,Tier_2,Other,1,0.6281237206177359,25689.7,4775.3,0.0,4909.66,4016.93,2243.68,5834.65,47469.92,5301.0,19229.08,13973.47,0.1941,364168.01,0.0,0.0,27093.68,24,0.5708,2326.52,151175.04,0.0,0.0,1,1,166.38,0.8333,19616.03,7015.93,10426.4,0
381310,F,34.60369609856263,0,1.0,Single / not married,Secondary / secondary special,House / apartment,N,Y,135000.0,State servant,14.236824093086929,Managers,Postal,Cash loans,942300.0,30528.0,675000.0,3.0,1.0,2.0,93798.0,0.0,46800.0,0.0,0.0,0.0,0.0,6.0,58020.255,58020.255,1.0,5.0,1.0,1.0,0.0,0.8333333333333334,1.0,1.0,1.0,0.0,51120.0,51120.0,9674.595,5400.0,,,,,,,,,,7.0,42.0,21.0,0.0,0.0,0.0,0.2261333333333333,0.0,1.0,0.0,Tier_2,Salaried,1,0.6762493720048659,53091.01,2100.48,0.0,8983.48,13873.01,5384.8,14564.07,97996.85,30528.0,6475.15,3069.86,0.0227,38911.96,0.0,0.0,26770.97,55,0.2732,0.0,0.0,0.0,193.65,0,1,127.38,0.9167,-1513.8,13147.31,-19538.0,6
199269,F,62.11635865845312,0,2.0,Married,Secondary / secondary special,House / apartment,Y,Y,90000.0,Pensioner,,,XNA,Revolving loans,270000.0,13500.0,270000.0,16.0,4.0,12.0,865147.32,0.0,0.0,0.0,0.0,0.0,0.0,38.0,507261.645,534712.1849999999,0.0,38.0,0.0,0.0,27450.54,1.0,1.0541151499833974,3.0,3.0,0.0,568696.5,568696.5,36283.365,8274.6,,,,,,,,,,39.0,511.3333333333333,320.1666666666667,0.0,0.0,0.0,0.15,0.0,1.0,0.0,Tier_3,Other,2,0.6750095721134705,43125.27,470.59,0.0,2893.34,6423.93,3426.08,2230.18,58569.39,13500.0,17930.61,11016.45,0.1224,226748.38,69502.59,0.0,17470.62,34,0.2983,0.0,0.0,0.0,0.0,0,1,96.34,0.9167,18185.11,7053.19,6768.92,0
155711,F,64.75017111567419,0,2.0,Civil marriage,Secondary / secondary special,House / apartment,N,Y,225000.0,Pensioner,,,XNA,Cash loans,687600.0,18265.5,450000.0,11.0,4.0,7.0,1333223.73,180.0,0.0,0.0,0.0,0.0,1.0,,,,,,,,,,,,,,,,,,,,,,,,,,,,,,,,,0.08118,0.0008,,0.0,Tier_2,Other,3,0.6340262065856973,89158.06,1980.08,0.0,7243.6,17534.2,13994.62,17100.57,147011.13,18265.5,59723.37,39080.5,0.1737,584392.9,150507.35,0.0,75025.3,122,0.5103,0.0,0.0,0.0,0.0,1,0,337.75,0.8333,59401.19,25193.65,-1097.02,1
174548,F,35.51813826146475,2,4.0,Married,Secondary / secondary special,House / apartment,N,Y,180000.0,Working,,Sales staff,Trade: type 7,Revolving loans,180000.0,9000.0,180000.0,11.0,4.0,7.0,1114772.175,486481.5,7622.01,0.0,0.0,0.0,0.0,18.0,179637.84,179637.84,0.0,18.0,0.0,0.0,0.0,1.0,1.0,5.0,2.0,2.0,676260.0,676260.0,29007.405,0.0,,,,,,,,,,19.0,484.0,408.5,0.0,0.0,0.0,0.05,2.702675,0.4,0.0,Tier_3,Salaried,4,0.6463333314030252,78909.58,828.02,5397.3,13766.48,10380.77,7057.85,9245.34,125585.34,9000.0,45414.66,23274.47,0.1293,518634.25,0.0,0.0,53482.45,45,0.4259,0.0,0.0,0.0,2815.31,0,1,222.56,0.9167,42123.87,16769.33,7778.97,0
151250,F,33.752224503764545,2,4.0,Civil marriage,Higher education,House / apartment,N,N,225000.0,Commercial associate,4.706365503080082,Accountants,Government,Cash loans,2517300.0,69354.0,2250000.0,3.0,1.0,2.0,507766.5,182538.0,0.0,0.0,0.0,0.0,0.0,4.0,30661.695,30661.695,0.0,4.0,0.0,0.0,0.0,1.0,1.0,2.0,1.0,0.0,88911.0,88911.0,7666.65,0.0,,,,,,,,,,5.0,16.0,6.5,0.0,0.0,0.0,0.30824,0.81128,0.5,0.0,Tier_3,Other,4,0.5735858610628976,83837.65,3538.06,12877.8,10878.01,9722.1,8203.19,17745.77,146802.58,69354.0,8843.42,2717.04,0.0121,57731.22,0.0,0.0,41125.02,106,0.2801,0.0,0.0,0.0,0.0,1,0,452.0,0.8333,12833.46,20849.24,-14594.99,5
201066,F,47.34565366187543,0,2.0,Married,Higher education,House / apartment,Y,Y,360000.0,Commercial associate,,,Business Entity Type 3,Cash loans,225000.0,21037.5,225000.0,8.0,3.0,4.0,2889726.48,1083267.0,501524.235,0.0,0.0,0.0,0.0,37.0,402260.31,402260.31,1.0,36.0,1.0,1.0,0.0,0.972972972972973,1.0,6.0,4.0,0.0,643437.0,384077.25,42220.10250000001,9000.0,,,,,,,,,,39.0,505.0,267.1666666666667,0.0,0.0,0.0,0.0584375,3.009075,0.6666666666666666,0.0,Tier_3,Other,1,0.5737292543539939,129690.99,1534.96,0.0,31362.17,20196.68,8676.31,31127.53,222588.64,21037.5,116373.86,61075.76,0.1697,881160.07,188053.0,7773.08,88976.37,308,0.3997,0.0,0.0,0.0,0.0,0,0,0.0,0.0,107954.16,37436.14,35594.51,0
249662,F,32.79397672826831,0,1.0,Single / not married,Incomplete higher,House / apartment,Y,N,126000.0,State servant,14.25325119780972,Core staff,Government,Cash loans,157500.0,18688.5,157500.0,13.0,6.0,7.0,3459826.89,79816.5,0.0,0.0,0.0,0.0,0.0,83.0,564559.11,543895.335,4.0,79.0,18.0,18.0,-20663.775,0.9518072289156626,0.9633983853347085,8.0,7.0,1.0,614394.0,249620.625,23271.12,17107.83,,,,,,,,,,93.0,766.4166666666666,402.75,2.0,3.0,3.0,0.1483214285714285,0.6334642857142857,0.875,0.0,Tier_1,Salaried,1,0.7665376207999278,52589.33,14395.0,0.0,5688.44,12612.7,4524.85,4842.58,94652.9,18688.5,12658.6,8053.24,0.0639,24117.04,3899.16,0.0,46381.5,123,0.49,0.0,0.0,0.0,0.0,0,0,0.0,0.0,10607.21,11595.7,-7691.25,2
257922,F,60.70636550308008,0,2.0,Married,Secondary / secondary special,House / apartment,N,Y,270000.0,Pensioner,,,XNA,Cash loans,671652.0,53194.5,607500.0,7.0,5.0,2.0,1677600.0,1432597.5,0.0,0.0,0.0,0.0,0.0,184.0,2768726.385,2672158.59,9.0,175.0,36.0,41.0,-96567.795,0.9510869565217392,0.9651219436044056,13.0,4.0,6.0,7294428.0,5336928.0,215067.825,2250.0,4641058.99275,4833832.545,4860000.0,472050.0,747747.0,236250.0,34.37821476111111,1.0,1.0,55.0,905.5,541.5,2.0,3.0,3.0,0.1970166666666666,5.305916666666667,0.3076923076923077,0.0,Tier_1,Other,2,0.683045358057368,120317.58,6661.24,0.0,12790.71,19222.44,17173.14,13848.6,190013.71,53194.5,26791.79,16282.27,0.0603,852442.92,0.0,1364.32,104837.48,254,0.5517,0.0,0.0,0.0,1233.04,0,0,0.0,0.0,26607.01,23376.13,-12730.71,3
180723,F,35.29911019849418,1,3.0,Civil marriage,Secondary / secondary special,House / apartment,Y,N,225000.0,Working,,,Kindergarten,Cash loans,1006920.0,42790.5,900000.0,6.0,3.0,3.0,2682000.0,942709.5,0.0,0.0,0.0,0.0,0.0,39.0,2065597.92,2065597.92,0.0,39.0,0.0,0.0,0.0,1.0,1.0,10.0,6.0,4.0,4979538.0,3403739.25,204697.485,134919.0,,,,,,,,,,46.0,370.1666666666667,215.16666666666663,0.0,0.0,0.0,0.19018,4.18982,0.6,0.0,Tier_1,Salaried,4,0.6261934565595382,90224.25,14809.23,5855.19,3853.59,15459.67,10691.61,10751.39,151644.93,42790.5,30564.57,15462.36,0.0687,68431.13,0.0,2165.99,96140.44,137,0.634,0.0,0.0,0.0,0.0,0,0,0.0,0.0,26882.76,15643.55,-928.64,1
309808,M,47.97535934291581,0,2.0,Married,Secondary / secondary special,House / apartment,N,Y,157500.0,Working,3.7316906228610542,,Business Entity Type 3,Revolving loans,157500.0,7875.0,157500.0,14.0,3.0,10.0,1469175.48,186703.83,0.0,0.0,0.0,0.0,1.0,40.0,341864.505,341864.505,0.0,40.0,0.0,0.0,0.0,1.0,1.0,5.0,4.0,0.0,428688.0,275591.25,27106.2,55278.0,,,,,,,,,,50.0,409.3333333333333,206.5,0.0,0.0,0.0,0.05,1.185421142857143,0.8,0.0,Tier_1,Salaried,3,0.7185747863860321,51762.1,3808.94,0.0,7289.56,19494.49,5191.8,3700.53,91247.42,7875.0,58377.58,31312.61,0.1988,580353.04,0.0,0.0,41902.87,120,0.4592,0.0,0.0,0.0,0.0,1,0,129.48,0.75,50201.83,12050.92,27149.66,0
434717,M,46.96509240246407,0,2.0,Married,Secondary / secondary special,House / apartment,N,Y,315000.0,Commercial associate,10.967830253251195,Drivers,Business Entity Type 3,Cash loans,733315.5,39199.5,679500.0,21.0,11.0,10.0,3771121.32,1797395.355,826590.465,0.0,0.0,0.0,0.0,114.0,1065778.605,1065778.605,10.0,104.0,13.0,16.0,0.0,0.912280701754386,1.0,7.0,6.0,0.0,1975333.5,1955907.0,101827.935,16492.5,4616541.765000001,5901700.41,4747500.0,628582.275,815152.5,239250.0,27.19952766666667,8.0,8.0,24.0,166.0,83.5,0.0,0.0,0.0,0.1244428571428571,5.706017,0.8571428571428571,0.0,Tier_3,Other,2,0.5621319431995613,107288.42,2391.11,0.0,13975.18,26421.82,15642.48,32389.34,198108.35,39199.5,77692.15,28551.56,0.0906,295018.04,76036.54,0.0,71704.5,265,0.3619,0.0,0.0,0.0,0.0,0,0,0.0,0.0,71117.21,21621.7,37231.32,0
245569,F,32.03285420944559,2,4.0,Married,Secondary / secondary special,House / apartment,Y,Y,157500.0,State servant,6.094455852156058,High skill tech staff,Other,Cash loans,625356.0,20173.5,522000.0,9.0,5.0,4.0,4866916.5,2041596.0,0.0,0.0,0.0,0.0,0.0,60.0,2149113.51,2374114.23,0.0,60.0,0.0,0.0,225000.72,1.0,1.1046946654762784,10.0,6.0,3.0,3409924.5,2607059.25,138164.91749999998,1615.5,0.0,0.0,12600000.0,0.0,0.0,0.0,0.0,0.0,0.0,62.0,1181.0,825.6666666666666,0.0,0.0,0.0,0.1280857142857142,12.962514285714288,0.6,0.0,Tier_3,Salaried,4,0.6610974329305132,69140.66,904.85,6437.78,8686.65,7901.53,11051.38,19653.46,123776.31,20173.5,13550.19,5409.11,0.0343,39416.64,0.0,0.0,41217.55,78,0.333,0.0,0.0,0.0,0.0,1,1,476.84,1.0,5150.96,16992.63,-17914.88,6
234707,F,63.331964407939765,0,2.0,Married,Secondary / secondary special,House / apartment,N,Y,54000.0,Pensioner,,,XNA,Cash loans,727785.0,21406.5,607500.0,5.0,2.0,3.0,2024753.49,328342.5,135000.0,0.0,0.0,0.0,0.0,4.0,29664.54,29664.54,0.0,4.0,0.0,0.0,0.0,1.0,1.0,2.0,1.0,0.0,1082479.5,1082479.5,35285.76,2925.0,,,,,,,,,,4.0,16.0,10.0,0.0,0.0,0.0,0.3964166666666666,6.080416666666666,0.5,0.0,Tier_3,Other,2,0.8325150087624429,29688.97,292.32,0.0,2814.9,5387.41,3266.04,3192.4,44642.04,21406.5,0.0,0.0,0.0,0.0,0.0,0.0,19460.53,40,0.4359,0.0,0.0,0.0,0.0,0,0,0.0,0.0,-10370.2,4459.64,-17389.24,12
386249,F,44.63791923340178,0,1.0,Separated,Higher education,Co-op apartment,Y,Y,270000.0,Working,15.822039698836411,Managers,Business Entity Type 3,Cash loans,807534.0,34344.0,652500.0,8.0,3.0,5.0,4087350.0,854248.5,235760.58,0.0,0.0,0.0,0.0,118.0,374925.33,374925.33,0.0,118.0,0.0,0.0,0.0,1.0,1.0,3.0,1.0,2.0,995292.0,995292.0,70184.295,0.0,611948.7526071429,1492849.17,3936000.0,105750.0,246532.5,35529.46585714286,4.532953723015873,0.0,0.0,10.0,120.0,36.0,0.0,0.0,0.0,0.1272,3.163883333333333,0.3333333333333333,0.0,Tier_3,Salaried,1,0.5612604924679125,81897.2,3310.53,0.0,13076.79,22809.86,11007.9,62715.59,194817.87,34344.0,40838.13,23032.95,0.0853,423275.67,45804.02,0.0,80550.67,449,0.4135,0.0,0.0,0.0,2530.18,0,1,399.6,0.75,30797.14,25158.78,-7272.94,1
343350,M,40.79123887748118,0,2.0,Married,Incomplete higher,House / apartment,Y,Y,450000.0,Commercial associate,15.704312114989731,,Self-employed,Cash loans,521280.0,24286.5,450000.0,21.0,10.0,11.0,19778740.245,7059951.225,778652.775,0.0,0.0,0.0,0.0,18.0,123248.43,123248.43,0.0,18.0,0.0,0.0,0.0,1.0,1.0,4.0,2.0,1.0,139977.0,139977.0,17469.855,25812.0,,,,,,,,,,20.0,173.0,92.0,0.0,0.0,0.0,0.05397,15.6887805,0.5,0.0,Tier_2,Other,2,0.6335925831162703,151192.84,7795.57,0.0,35462.73,45259.58,35709.55,20285.71,295705.98,24286.5,130007.52,42057.57,0.0935,113077.3,0.0,0.0,140489.75,439,0.4751,7039.67,347259.43,0.0,0.0,1,0,390.22,0.9167,127924.63,52975.86,39860.5,0
400777,F,60.375085557837096,0,1.0,Single / not married,Secondary / secondary special,House / apartment,N,N,117000.0,Pensioner,,,XNA,Cash loans,526491.0,22306.5,454500.0,3.0,2.0,1.0,477900.0,386941.5,0.0,0.0,0.0,0.0,0.0,141.0,952482.96,1085409.99,18.0,123.0,82.6,173.0,132927.03,0.8723404255319149,1.139558433675286,4.0,4.0,0.0,353092.5,353092.5,30912.39,0.0,1851170.54175,2678059.575,4973625.0,310455.0,550241.325,191671.395,12.9355636,44.0,13.0,37.0,423.5,222.5,0.0,0.0,0.0,0.1906538461538461,3.307192307692308,1.0,0.0,Tier_1,Other,1,0.7073681036680507,38156.96,6653.0,0.0,13152.58,12538.8,4700.14,5692.5,80893.98,22306.5,13799.52,7145.97,0.0611,203686.08,0.0,0.0,33323.01,82,0.4119,0.0,0.0,0.0,0.0,0,1,224.09,1.0,16510.71,8931.33,881.04,0
385548,F,35.37850787132101,0,2.0,Married,Secondary / secondary special,House / apartment,N,Y,135000.0,Working,4.780287474332649,Sales staff,Trade: type 7,Cash loans,472500.0,24133.5,472500.0,2.0,1.0,1.0,557910.0,142617.42,0.0,0.0,0.0,0.0,0.0,189.0,2980810.935,2981150.37,13.0,176.0,65.66666666666667,79.0,339.4350000000195,0.9312169312169312,1.0001138733745285,30.0,11.0,14.0,7584826.5,3150810.75,246157.5,30737.97,2483226.6322500003,3580471.89,3865500.0,319050.0,546885.0,132418.5075,20.3775351,4.0,4.0,106.0,848.5833333333334,541.1666666666666,0.0,0.0,0.0,0.1787666666666666,1.056425333333333,0.3666666666666666,0.0,Tier_2,Salaried,2,0.6669572883534471,49804.59,1211.28,0.0,9575.12,15751.99,5006.82,7908.37,89258.17,24133.5,21608.33,12026.99,0.0891,234927.44,91716.31,0.0,28132.59,32,0.3152,0.0,0.0,0.0,0.0,0,0,0.0,0.0,22312.04,9247.9,3330.89,0
241542,F,53.08145106091718,0,2.0,Married,Secondary / secondary special,House / apartment,N,Y,90000.0,Pensioner,,,XNA,Cash loans,1016496.0,33592.5,877500.0,5.0,2.0,3.0,502177.5,37399.5,0.0,0.0,0.0,0.0,0.0,39.0,598837.8150000001,648139.8150000001,1.0,38.0,4.0,4.0,49302.0,0.9743589743589745,1.082329470125396,12.0,4.0,0.0,835272.0,352335.0,36767.475,0.0,469872.495,469872.495,630000.0,184476.735,119010.285,16109.415,5.2208055,0.0,0.0,27.0,300.0,203.66666666666663,0.0,0.0,0.0,0.37325,0.41555,0.3333333333333333,0.0,Tier_3,Other,2,0.6919268278727635,30854.42,713.3,0.0,7075.53,7445.03,5154.22,12032.42,63274.92,33592.5,0.0,0.0,0.0,0.0,0.0,0.0,12362.25,25,0.1954,0.0,0.0,0.0,0.0,0,0,0.0,0.0,-10822.66,9576.62,-28284.52,10
264013,F,23.15400410677618,0,1.0,Single / not married,Higher education,House / apartment,N,N,455850.0,Working,,Core staff,Trade: type 7,Cash loans,598401.0,15781.5,499500.0,4.0,2.0,2.0,11657065.5,12462772.5,0.0,0.0,0.0,0.0,0.0,,,,,,,,,,,,,,,,,,,,,,,,,,,,,,,,,0.0346199407699901,27.33963474827246,,0.0,Tier_1,Salaried,1,0.8310786173995742,246694.71,47616.68,0.0,14083.28,38590.05,14500.34,15988.06,377473.12,15781.5,62595.38,37624.03,0.0825,1088643.14,0.0,2595.17,202146.74,303,0.5355,0.0,0.0,0.0,0.0,0,0,0.0,0.0,53525.42,41067.28,-54466.48,1
416651,F,25.14168377823409,0,1.0,Single / not married,Higher education,Rented apartment,N,N,99000.0,Working,4.213552361396304,Core staff,Trade: type 7,Revolving loans,270000.0,13500.0,270000.0,1.0,1.0,0.0,296730.0,159214.5,0.0,0.0,0.0,0.0,0.0,13.0,113519.295,155512.395,0.0,13.0,0.0,0.0,41993.09999999999,1.0,1.3699203734484078,5.0,2.0,1.0,333301.5,333301.5,21884.67,15709.5,,,,,,,,,,13.0,173.0,137.5,0.0,0.0,0.0,0.1363636363636363,1.6082272727272726,0.4,0.0,Tier_3,Salaried,1,0.6281271344899394,31812.12,2911.85,0.0,4684.95,9820.39,4976.57,6322.56,60528.44,13500.0,24971.56,9150.1,0.0924,266415.44,0.0,841.42,25078.18,40,0.4143,1888.07,112633.38,0.0,0.0,0,0,0.0,0.0,24588.89,7417.11,9219.33,0
225859,F,48.06297056810404,0,1.0,Separated,Secondary / secondary special,With parents,Y,N,225000.0,Working,12.6652977412731,Private service staff,Business Entity Type 3,Cash loans,900000.0,32458.5,900000.0,2.0,2.0,0.0,859072.5,192033.0,0.0,0.0,0.0,0.0,0.0,63.0,1119792.15,1109928.42,2.0,61.0,41.0,41.0,-9863.73,0.9682539682539684,0.9911914635229404,12.0,6.0,0.0,1169469.0,1169469.0,81403.875,14044.5,0.0,0.0,6930000.0,0.0,0.0,0.0,0.0,0.0,0.0,65.0,739.0,376.0,0.0,0.0,0.0,0.14426,0.85348,0.5,0.0,Tier_1,Salaried,1,0.7540036876955101,98077.53,30270.02,0.0,3935.07,15253.57,9489.56,8064.29,165090.04,32458.5,27451.46,21278.72,0.0946,283771.76,0.0,0.0,65300.85,80,0.3955,2530.58,122004.75,0.0,0.0,0,0,0.0,0.0,20035.64,14481.4,-4536.36,1
284353,M,47.26078028747433,1,3.0,Married,Secondary / secondary special,House / apartment,Y,Y,180000.0,Working,,Managers,Self-employed,Revolving loans,180000.0,9000.0,180000.0,1.0,1.0,0.0,0.0,0.0,0.0,0.0,0.0,0.0,0.0,25.0,141518.11500000002,146586.69,2.0,23.0,10.0,10.0,5068.574999999999,0.92,1.0358157328480526,3.0,3.0,0.0,328243.5,328243.5,32537.835000000003,88596.0,,,,,,,,,,26.0,256.0,140.0,0.0,0.0,0.0,0.05,0.0,1.0,,Tier_3,Salaried,3,0.6178419871842702,57575.18,3333.41,6734.03,7602.0,19769.26,16197.69,11639.46,122851.03,9000.0,48148.97,24642.24,0.1369,623788.68,0.0,0.0,55940.62,75,0.4554,0.0,0.0,1465.77,3343.74,1,0,302.19,0.75,50405.27,10034.13,31193.69,0
214958,F,53.56331279945243,0,2.0,Married,Secondary / secondary special,House / apartment,N,Y,63000.0,Working,,Sales staff,Self-employed,Cash loans,152820.0,15241.5,135000.0,2.0,0.0,2.0,100182.15,0.0,0.0,0.0,0.0,0.0,0.0,14.0,175689.85499999998,175689.85499999998,0.0,14.0,0.0,0.0,0.0,1.0,1.0,2.0,2.0,0.0,363627.0,363627.0,25552.395,0.0,,,,,,,,,,14.0,200.0,161.0,0.0,0.0,0.0,0.2419285714285714,0.0,1.0,0.0,Tier_1,Salaried,2,0.6944785876256746,26522.24,1060.89,0.0,2936.66,7810.19,4047.49,4561.02,46938.49,15241.5,820.01,508.47,0.0081,16004.58,0.0,0.0,26344.34,34,0.5613,0.0,0.0,0.0,0.0,1,0,125.3,1.0,294.55,4061.62,-6840.86,5
127802,F,28.88158795345654,0,2.0,Married,Higher education,House / apartment,Y,Y,135000.0,Working,6.485968514715948,Core staff,Security Ministries,Cash loans,640080.0,24259.5,450000.0,3.0,1.0,2.0,380610.0,208710.0,0.0,0.0,0.0,0.0,0.0,27.0,2181119.7150000003,2181119.7150000003,0.0,27.0,0.0,0.0,0.0,1.0,1.0,7.0,3.0,2.0,3007093.5,2958887.25,135383.175,13500.0,0.0,0.0,6300000.0,0.0,0.0,0.0,0.0,0.0,0.0,28.0,568.0,414.5,0.0,0.0,0.0,0.1797,1.546,0.4285714285714285,0.0,Tier_3,Salaried,2,0.5764320635380659,49222.83,1312.33,0.0,5146.02,10998.26,7135.3,14196.38,88011.12,24259.5,22729.38,9602.76,0.0711,152476.16,0.0,0.0,30003.7,18,0.3409,0.0,0.0,799.21,0.0,0,0,0.0,0.0,21475.77,11649.85,174.79,0
121206,M,40.167008898015055,1,2.0,Separated,Incomplete higher,With parents,N,N,225000.0,Working,,Laborers,Industry: type 9,Cash loans,254700.0,17149.5,225000.0,7.0,0.0,7.0,11670318.0,0.0,0.0,0.0,0.0,0.0,0.0,,,,,,,,,,,6.0,2.0,4.0,912604.5,726045.75,48448.1025,0.0,0.0,0.0,903000.0,0.0,0.0,0.0,0.0,0.0,0.0,,,,,,,0.07622,0.0,0.3333333333333333,0.0,Tier_1,Salaried,2,0.679589954438844,94328.81,19846.07,7207.76,6004.94,12617.38,12902.78,22631.99,175539.73,17149.5,32310.77,13941.87,0.062,434156.34,64335.15,0.0,99564.28,175,0.5672,0.0,0.0,2094.92,1337.66,0,0,0.0,0.0,32404.69,17607.28,8385.28,0
195378,M,54.54620123203286,0,2.0,Married,Secondary / secondary special,House / apartment,Y,Y,337500.0,Working,7.909650924024641,Drivers,Self-employed,Cash loans,450000.0,38628.0,450000.0,2.0,1.0,1.0,621000.0,85548.06,0.0,0.0,0.0,0.0,0.0,43.0,2243626.515,2186625.69,6.0,37.0,7.0,7.0,-57000.82499999999,0.8604651162790697,0.9745943343872452,12.0,6.0,2.0,6379695.0,3413056.5,313562.7675,5553.0,0.0,0.0,178500.0,0.0,0.0,0.0,0.0,0.0,0.0,45.0,705.0,447.5,0.0,0.0,0.0,0.1144533333333333,0.2534757333333333,0.5,0.0,Tier_3,Salaried,1,0.597350553894348,143635.64,2840.18,0.0,10221.16,16816.13,15970.65,16532.7,206016.46,38628.0,92855.54,38119.41,0.1129,230661.92,0.0,0.0,119941.78,182,0.5822,0.0,0.0,0.0,0.0,0,1,587.52,0.9167,82890.75,25484.51,29672.7,0
391712,F,32.61327857631759,1,3.0,Married,Secondary / secondary special,House / apartment,Y,Y,67500.0,Working,,Sales staff,Trade: type 7,Cash loans,417024.0,21420.0,360000.0,5.0,3.0,2.0,1251316.98,815184.0,0.0,0.0,0.0,0.0,0.0,75.0,927272.79,927272.79,0.0,75.0,0.0,0.0,0.0,1.0,1.0,12.0,6.0,1.0,1809972.36,1300162.86,107791.965,5490.0,,,,,,,,,,86.0,1042.9666666666667,675.9666666666667,0.0,0.0,0.0,0.3173333333333333,12.0768,0.5,0.0,Tier_1,Salaried,3,0.845187630954143,28791.1,1435.75,5176.82,8330.39,7932.35,5383.77,3980.13,61030.31,21420.0,0.0,0.0,0.0,0.0,0.0,0.0,39800.26,98,0.6521,0.0,0.0,0.0,0.0,0,0,0.0,0.0,-11843.43,8665.92,-25858.34,10
107875,F,58.83641341546885,0,1.0,Single / not married,Lower secondary,House / apartment,N,Y,90000.0,Pensioner,,,XNA,Cash loans,545040.0,20677.5,450000.0,6.0,3.0,3.0,842846.8049999999,283919.85,0.0,0.0,0.0,0.0,0.0,,,,,,,,,,,,,,,,,,,,,,,,,,,,,,,,,0.22975,3.154665,,0.0,Tier_3,Other,1,0.6580144293727701,37405.82,1096.53,0.0,1847.32,8043.68,5665.66,5713.38,59772.39,20677.5,9550.11,4105.11,0.0456,100443.08,0.0,354.6,18647.69,73,0.312,0.0,0.0,389.68,0.0,1,0,152.33,0.9167,13577.12,9333.8,-6521.55,1
226959,F,39.37303216974675,0,2.0,Married,Secondary / secondary special,House / apartment,N,N,207000.0,Commercial associate,,Cooking staff,Kindergarten,Cash loans,857655.0,34141.5,693000.0,,,,,,,,,,,57.0,906427.89,906427.89,2.0,55.0,2.0,2.0,0.0,0.9649122807017544,1.0,7.0,4.0,0.0,826839.0,682130.25,57940.83,14571.0,1462935.195,1795728.87,3768750.0,382063.365,173265.525,62423.4825,4.744309666666667,0.0,0.0,30.0,478.5,313.5,0.0,0.0,0.0,0.1649347826086956,,0.5714285714285714,,Tier_3,Other,2,0.6365221111713562,88923.29,6450.19,0.0,3322.55,17154.84,11204.07,39893.8,166948.74,34141.5,5909.76,2730.54,0.0132,62597.78,0.0,0.0,83595.14,56,0.5007,0.0,0.0,0.0,0.0,0,0,0.0,0.0,9496.31,28622.0,-44457.24,3
231109,M,33.661875427789184,3,5.0,Married,Secondary / secondary special,House / apartment,N,Y,135000.0,Working,4.177960301163586,,Other,Cash loans,790825.5,33637.5,639000.0,1.0,0.0,1.0,105097.5,0.0,0.0,0.0,0.0,0.0,0.0,9.0,106443.72,106443.72,0.0,9.0,0.0,0.0,0.0,1.0,1.0,1.0,1.0,0.0,117355.5,117355.5,11827.08,4.05,,,,,,,,,,9.0,108.0,72.0,0.0,0.0,0.0,0.2491666666666666,0.0,1.0,0.0,Tier_3,Salaried,5,0.6061053003779939,60356.74,722.24,3261.14,4322.4,6625.35,6536.35,14009.72,95833.94,33637.5,5528.56,3244.32,0.024,28078.29,7309.07,0.0,39578.37,46,0.413,0.0,0.0,317.08,285.92,1,1,640.62,1.0,5967.11,12768.75,-14995.81,4
114239,F,49.27310061601643,0,2.0,Married,Secondary / secondary special,House / apartment,N,Y,247500.0,Commercial associate,,,Business Entity Type 3,Cash loans,755190.0,36459.0,675000.0,12.0,5.0,7.0,1927759.635,280792.935,6673.5,0.0,0.0,0.0,0.0,12.0,150102.225,150102.225,0.0,12.0,0.0,0.0,0.0,1.0,1.0,2.0,2.0,0.0,166167.0,166167.0,25005.6,17656.92,,,,,,,,,,13.0,94.66666666666669,52.33333333333333,0.0,0.0,0.0,0.1473090909090909,1.134516909090909,1.0,0.0,Tier_3,Other,3,0.6805194712345269,105912.56,2459.99,0.0,14313.58,14467.16,17098.57,33724.51,187976.37,36459.0,23064.63,14708.62,0.0594,367499.43,90713.7,0.0,69856.62,60,0.3716,0.0,0.0,0.0,0.0,0,0,0.0,0.0,21392.97,14037.33,-1483.99,1
192600,M,38.22861054072553,2,4.0,Married,Secondary / secondary special,House / apartment,Y,Y,135000.0,Working,,Drivers,Business Entity Type 3,Cash loans,589500.0,25105.5,589500.0,9.0,2.0,7.0,2530224.18,270301.5,13196.115,0.0,0.0,0.0,0.0,80.0,666673.335,666673.335,6.0,74.0,9.0,9.0,0.0,0.925,1.0,4.0,4.0,0.0,649876.5,649876.5,47657.25,31050.0,4343076.81,4433139.0,4725000.0,280795.41,259125.705,204460.7625,19.3025636,0.0,0.0,32.0,555.0,434.5,0.0,0.0,0.0,0.1859666666666666,2.0022333333333333,1.0,0.0,Tier_3,Salaried,4,0.6785263662806832,57012.26,1453.29,7726.9,8164.78,8623.95,8619.88,4554.81,96155.87,25105.5,13738.63,5988.84,0.0444,181622.78,33332.94,580.92,39158.62,103,0.4072,0.0,0.0,0.0,0.0,1,0,333.66,0.8333,12302.34,10876.12,-9936.19,2
362965,M,58.08350444900753,0,2.0,Married,Secondary / secondary special,House / apartment,Y,Y,112500.0,Pensioner,,,XNA,Cash loans,943425.0,27715.5,787500.0,1.0,1.0,0.0,749250.0,344740.5,0.0,0.0,0.0,0.0,0.0,17.0,173270.97,173270.97,0.0,17.0,0.0,0.0,0.0,1.0,1.0,1.0,1.0,0.0,127350.0,127350.0,10192.41,0.0,,,,,,,,,,17.0,384.0,251.5,0.0,0.0,0.0,0.24636,3.06436,1.0,0.0,Tier_1,Other,2,0.7637923243012054,51828.4,1774.35,0.0,5574.08,8188.75,6248.68,7505.93,81120.19,27715.5,3664.31,1449.15,0.0129,69335.27,20294.31,0.0,45550.04,55,0.5615,0.0,0.0,145.14,0.0,0,0,0.0,0.0,-3927.6,13462.43,-29202.57,7
214129,F,46.59822039698837,0,1.0,Widow,Secondary / secondary special,House / apartment,N,Y,229500.0,Pensioner,,,XNA,Cash loans,675000.0,32602.5,675000.0,1.0,1.0,0.0,450000.0,0.0,0.0,0.0,0.0,0.0,0.0,26.0,564475.185,559912.005,0.0,26.0,0.0,0.0,-4563.18,1.0,0.9919160662483328,10.0,3.0,1.0,682564.5,568509.75,36422.325,10345.5,324390.78,372870.9,900000.0,135000.0,46265.22,12678.7275,2.169426666666667,0.0,0.0,12.0,185.0,155.0,0.0,0.0,0.0,0.1420588235294117,0.0,0.3,0.0,Tier_3,Other,1,0.6688497987295697,88457.67,2704.99,0.0,20747.63,17875.63,11017.57,16328.08,157131.57,32602.5,39765.93,20574.93,0.0897,124432.91,0.0,0.0,59432.96,235,0.3782,0.0,0.0,0.0,0.0,1,1,506.53,0.9167,31152.39,20172.83,5239.79,0
404373,M,24.566735112936342,1,3.0,Married,Secondary / secondary special,House / apartment,N,Y,171000.0,Working,3.4113620807665983,Laborers,Industry: type 9,Cash loans,95940.0,10822.5,90000.0,10.0,8.0,2.0,3920445.0,1380631.5,0.0,495.0,7.0,1.0,0.0,13.0,384768.765,384768.765,0.0,13.0,0.0,0.0,0.0,1.0,1.0,8.0,3.0,4.0,2414461.5,1606209.75,99317.1375,38326.5,,,,,,,,,,16.0,77.25,50.5,0.0,0.0,0.0,0.0632894736842105,8.073868421052632,0.375,0.0001262611769837,Tier_2,Salaried,3,0.653590911308531,58323.39,3242.11,16717.23,9748.03,15852.92,7880.36,10599.0,122363.04,10822.5,37814.46,19375.66,0.1133,131021.43,0.0,0.0,33327.74,206,0.2724,4306.65,223622.92,0.0,0.0,1,0,280.62,0.9167,35801.51,13550.76,20487.3,0
445594,M,23.874058863791923,0,2.0,Married,Higher education,House / apartment,N,Y,225000.0,Commercial associate,,Accountants,Self-employed,Revolving loans,270000.0,13500.0,270000.0,7.0,3.0,4.0,1487439.9,324990.0,32223.465,0.0,0.0,0.0,0.0,4.0,58407.12,58407.12,0.0,4.0,0.0,0.0,0.0,1.0,1.0,1.0,1.0,0.0,76036.5,76036.5,14601.78,18000.0,,,,,,,,,,4.0,24.0,18.0,0.0,0.0,0.0,0.06,1.4444,1.0,0.0,Tier_3,Other,2,0.483462667814527,66011.62,2245.11,0.0,5088.3,17815.43,6953.32,37395.94,135509.72,13500.0,75990.28,41048.24,0.1824,1950172.58,0.0,2364.44,50692.29,136,0.3741,0.0,0.0,0.0,0.0,0,1,275.12,0.9167,72055.89,28071.22,2260.33,0
330663,M,31.299110198494184,0,2.0,Married,Secondary / secondary special,House / apartment,Y,Y,225000.0,Working,3.154004106776181,Laborers,Construction,Cash loans,553581.0,43866.0,472500.0,4.0,2.0,2.0,3141895.5,2199726.0,0.0,0.0,0.0,0.0,0.0,127.0,1545288.345,2628032.265,0.0,127.0,0.0,0.0,1082743.92,1.0,1.700674358609752,11.0,3.0,2.0,2102656.5,2102656.5,104501.7,36630.0,49217.74875,68255.685,1047000.0,0.0,53370.0,8067.8475,0.5500780000000001,0.0,0.0,26.0,361.5,267.5,0.0,0.0,0.0,0.19496,9.77656,0.2727272727272727,0.0,Tier_2,Salaried,3,0.7045077108846457,112970.86,7710.88,0.0,6731.02,13939.28,9018.42,11218.72,161589.18,43866.0,19544.82,10128.86,0.045,352825.12,107675.21,1704.71,70290.04,321,0.435,0.0,0.0,0.0,707.03,0,0,0.0,0.0,12369.6,24946.94,-31148.64,4
275096,F,37.17180013689254,0,2.0,Married,Secondary / secondary special,Co-op apartment,Y,Y,112500.0,Working,6.532511978097194,Sales staff,Self-employed,Cash loans,675000.0,28597.5,675000.0,4.0,1.0,3.0,356940.0,-1270.53,1270.53,0.0,0.0,0.0,0.0,35.0,487607.895,388480.905,6.0,29.0,265.0,268.0,-99126.99,0.8285714285714286,0.7967075779197546,6.0,5.0,1.0,371623.5,248697.0,32323.455,22599.0,,,,,,,,,,42.0,318.0,156.0,8.0,678.0,1.0,0.2542,-0.0112935999999999,0.8333333333333334,0.0,Tier_2,Salaried,2,0.6597546977873979,49812.74,934.16,0.0,5409.35,8146.68,4818.2,6520.43,75641.56,28597.5,8260.94,3690.11,0.0328,67256.95,20507.73,0.0,28812.5,50,0.3809,0.0,0.0,0.0,447.68,0,0,0.0,0.0,7421.89,8097.72,-2538.15,3
114614,F,62.30800821355236,0,2.0,Married,Secondary / secondary special,House / apartment,N,Y,45000.0,Pensioner,,,XNA,Cash loans,269550.0,13095.0,225000.0,4.0,1.0,3.0,275859.0,0.0,0.0,0.0,0.0,0.0,0.0,5.0,91723.905,78526.665,1.0,4.0,10.0,10.0,-13197.24,0.8,0.856119950409874,1.0,1.0,0.0,74700.0,74700.0,13197.24,0.0,,,,,,,,,,5.0,28.0,18.0,0.0,0.0,0.0,0.291,0.0,1.0,0.0,Tier_3,Other,2,0.6079024399213194,12111.04,491.6,0.0,2562.37,5848.04,2271.31,2832.32,26116.68,13095.0,5788.32,2418.97,0.0538,61304.24,0.0,0.0,10858.21,27,0.4158,0.0,0.0,0.0,0.0,1,1,159.2,0.8333,6345.68,3543.71,2448.78,0
381973,F,54.58179329226557,0,2.0,Married,Secondary / secondary special,House / apartment,N,Y,94500.0,Working,,Sales staff,Business Entity Type 3,Cash loans,225000.0,9531.0,225000.0,10.0,2.0,8.0,737033.76,75141.0,5404.05,0.0,0.0,0.0,0.0,111.0,791030.205,682480.755,14.0,97.0,181.5,190.0,-108549.44999999998,0.8738738738738738,0.8627745826722256,3.0,2.0,1.0,400954.5,400954.5,52995.105,154053.0,1554310.0425,2474490.375,3420000.0,247950.0,462816.9,114381.5175,17.270111583333332,3.0,3.0,16.0,98.0,51.0,3.0,42.0,15.0,0.1008571428571428,0.7951428571428572,0.6666666666666666,0.0,Tier_3,Salaried,2,0.6409378377471545,36742.23,1383.71,0.0,8389.27,5442.95,6513.9,6130.59,64602.65,9531.0,20366.35,10109.61,0.107,359308.42,52251.73,0.0,27453.28,93,0.425,0.0,0.0,0.0,0.0,0,0,0.0,0.0,20827.45,9517.81,3045.23,0
355436,F,41.347022587269,0,1.0,Single / not married,Higher education,House / apartment,Y,Y,108000.0,Working,12.260095824777547,Accountants,Trade: type 7,Cash loans,71955.0,7114.5,67500.0,,,,,,,,,,,56.0,2402236.71,2337972.885,2.0,54.0,12.0,12.0,-64263.82499999999,0.9642857142857144,0.973248337795987,7.0,7.0,0.0,1972971.0,1876259.25,170922.825,84899.25,,,,,,,,,,60.0,442.5,239.91666666666663,1.0,3.0,3.0,0.065875,,1.0,,Tier_2,Salaried,1,0.7574134208384447,53979.39,2393.24,0.0,7588.61,6123.67,7149.42,4235.79,81470.12,7114.5,19415.38,10602.54,0.0982,233441.28,0.0,0.0,35325.34,88,0.4336,0.0,0.0,1081.8,0.0,1,0,72.31,0.9167,18149.89,11311.39,4476.3,0
253615,M,51.88774811772758,2,4.0,Married,Secondary / secondary special,House / apartment,N,Y,67500.0,Commercial associate,16.955509924709105,Laborers,Industry: type 7,Cash loans,195543.0,14359.5,148500.0,5.0,0.0,5.0,377488.665,0.0,0.0,0.0,0.0,0.0,0.0,6.0,54016.335,54016.335,4.0,2.0,12.0,12.0,0.0,0.3333333333333333,1.0,1.0,0.0,0.0,0.0,0.0,0.0,0.0,,,,,,,,,,6.0,60.0,15.0,0.0,0.0,0.0,0.2127333333333333,0.0,0.0,0.0,Tier_1,Other,4,0.88,33912.13,997.09,3863.32,6437.83,11696.11,2493.52,1323.2,60723.2,14359.5,0.0,0.0,0.0,0.0,0.0,0.0,32780.9,38,0.5398,0.0,0.0,0.0,0.0,1,0,64.03,0.8333,-6863.45,7382.84,-19813.44,9
434335,F,34.56536618754278,0,2.0,Married,Higher education,House / apartment,N,N,324000.0,Commercial associate,,Managers,Other,Cash loans,1777212.0,47011.5,1588500.0,3.0,1.0,2.0,3150000.0,1573072.875,0.0,0.0,0.0,0.0,0.0,,,,,,,,,,,,,,,,,,,,,,,,,,,,,,,,,0.1450972222222222,4.855163194444445,,0.0,Tier_3,Other,2,0.6357944228917011,112987.04,11986.61,0.0,14923.75,35806.86,11303.63,26201.09,213208.98,47011.5,63779.52,16393.13,0.0506,240292.6,40371.28,0.0,103031.27,162,0.4832,1907.64,81993.72,0.0,0.0,0,1,568.09,0.9167,58163.46,30386.42,797.34,0
390307,F,51.03080082135524,0,2.0,Married,Higher education,House / apartment,Y,Y,157500.0,Commercial associate,3.0910335386721424,Sales staff,Business Entity Type 3,Cash loans,993082.5,39514.5,913500.0,,,,,,,,,,,28.0,968803.875,968803.875,0.0,28.0,0.0,0.0,0.0,1.0,1.0,3.0,3.0,0.0,753169.5,753169.5,64594.26,9445.5,,,,,,,,,,31.0,334.0,189.5,0.0,0.0,0.0,0.2508857142857142,,1.0,,Tier_2,Other,1,0.7194832302305301,65612.43,1644.51,0.0,11855.48,10787.83,8369.47,9726.35,107996.07,39514.5,9989.43,5513.53,0.035,112952.2,26349.27,351.85,52726.81,94,0.4882,0.0,0.0,622.04,478.82,1,0,317.71,1.0,8293.44,13353.82,-13138.73,2
172628,F,39.29089664613279,1,3.0,Married,Secondary / secondary special,House / apartment,Y,Y,67500.0,Working,,Laborers,Business Entity Type 3,Revolving loans,225000.0,11250.0,225000.0,11.0,2.0,9.0,1132693.335,52560.0,0.0,0.0,0.0,0.0,0.0,14.0,239300.055,239300.055,0.0,14.0,0.0,0.0,0.0,1.0,1.0,2.0,2.0,0.0,650722.5,650722.5,31128.48,0.0,,,,,,,,,,15.0,327.0,277.5,0.0,0.0,0.0,0.1666666666666666,0.7786666666666666,1.0,0.0,Tier_1,Salaried,3,0.7992909226686703,30097.09,1668.54,3933.15,2314.18,11555.75,4383.43,2438.29,56390.43,11250.0,0.0,0.0,0.0,0.0,0.0,0.0,28695.79,43,0.5089,0.0,0.0,0.0,0.0,0,1,133.25,0.6667,1249.29,4204.56,-5750.87,4
209658,F,52.80492813141684,0,2.0,Married,Secondary / secondary special,House / apartment,Y,N,112500.0,Working,18.69678302532512,Cleaning staff,Business Entity Type 3,Cash loans,684738.0,20151.0,490500.0,2.0,1.0,1.0,234238.5,0.0,0.0,0.0,0.0,0.0,0.0,18.0,107568.855,107568.855,0.0,18.0,0.0,0.0,0.0,1.0,1.0,2.0,2.0,0.0,95382.0,95382.0,13305.015,11025.0,,,,,,,,,,20.0,174.0,77.0,0.0,0.0,0.0,0.17912,0.0,1.0,0.0,Tier_3,Salaried,3,0.6113786334397984,46917.69,3900.42,0.0,4509.47,4917.22,4229.89,12867.2,77341.89,20151.0,15007.11,6670.94,0.0593,105175.09,0.0,0.0,28979.69,100,0.3747,0.0,0.0,547.76,0.0,0,1,104.29,1.0,13707.08,9580.08,-5705.5,1
451939,F,60.99657768651608,0,1.0,Widow,Secondary / secondary special,House / apartment,N,Y,67500.0,Pensioner,,,XNA,Cash loans,454500.0,15021.0,454500.0,1.0,1.0,0.0,22230.0,0.0,22230.0,0.0,0.0,0.0,0.0,37.0,1005979.005,992359.98,0.0,37.0,0.0,0.0,-13619.025,1.0,0.9864619192524798,3.0,3.0,0.0,844947.0,844947.0,40535.28,22500.0,321737.4,550636.9199999999,2160000.0,270000.0,272699.64,27804.7575,1.6215313333333332,0.0,0.0,16.0,522.0,459.5,0.0,0.0,0.0,0.2225333333333333,0.0,1.0,0.0,Tier_2,Other,1,0.7526335025900601,32314.65,1832.17,0.0,2243.47,9383.72,3032.49,2902.21,51708.71,15021.0,770.29,395.92,0.0059,6907.03,1312.41,0.0,22868.76,17,0.4423,0.0,0.0,0.0,0.0,0,1,165.01,0.9167,-1116.15,5021.16,-7844.93,8
338684,F,37.75222450376455,0,2.0,Married,Secondary / secondary special,House / apartment,N,Y,180000.0,Working,,Realty agents,Services,Cash loans,592560.0,26230.5,450000.0,,,,,,,,,,,60.0,2310957.585,1855895.535,12.0,48.0,41.5,44.0,-455062.05,0.8,0.8030850704687424,10.0,7.0,0.0,3325828.5,2382369.75,211027.14,6750.0,,,,,,,,,,60.0,424.9333333333333,222.56666666666663,2.0,13.0,13.0,0.145725,,0.7,,Tier_2,Salaried,2,0.5684574860073912,78283.38,2269.14,0.0,4007.49,7631.17,6593.38,39918.39,138702.95,26230.5,15066.55,9052.01,0.0503,77314.12,0.0,0.0,74160.99,99,0.5347,0.0,0.0,0.0,0.0,0,0,0.0,0.0,12582.11,14844.06,-19444.54,2
180776,M,30.031485284052017,1,3.0,Married,Higher education,House / apartment,N,Y,292500.0,State servant,11.520876112251882,Managers,Police,Cash loans,302341.5,16528.5,261000.0,11.0,4.0,7.0,13084447.5,9478521.0,0.0,0.0,0.0,0.0,0.0,17.0,112798.755,112798.755,1.0,16.0,1.0,1.0,0.0,0.9411764705882352,1.0,9.0,1.0,6.0,5781451.5,4036036.5,122475.15,0.0,,,,,,,,,,20.0,200.0,92.66666666666669,0.0,0.0,0.0,0.0565076923076923,32.4052,0.1111111111111111,0.0,Tier_1,Salaried,4,0.6967391858250228,130115.04,4958.77,18607.52,13250.49,22732.49,14131.89,11864.59,215660.79,16528.5,60310.71,28020.5,0.0958,842040.99,165488.42,2198.92,75018.27,49,0.3479,0.0,0.0,0.0,0.0,1,1,1051.5,0.9167,50947.21,29290.75,8795.72,0
112172,M,51.279945242984255,3,5.0,Married,Secondary / secondary special,House / apartment,Y,Y,270000.0,Working,8.2984257357974,High skill tech staff,Other,Cash loans,315000.0,18211.5,315000.0,10.0,4.0,6.0,8082905.175,2502903.195,1033996.095,0.0,0.0,0.0,2.0,22.0,353342.61,353342.61,0.0,22.0,0.0,0.0,0.0,1.0,1.0,4.0,3.0,0.0,378594.0,235822.5,23182.9875,39449.25,,,,,,,,,,25.0,180.0,99.0,0.0,0.0,0.0,0.06745,9.270011833333331,0.75,0.0,Tier_1,Salaried,5,0.8071452002814873,94778.2,7453.81,26918.67,41675.53,33646.62,13456.38,7668.95,225598.16,18211.5,26190.34,8977.41,0.0332,174913.95,0.0,980.05,73002.23,75,0.3236,770.95,5819.2,0.0,0.0,1,0,665.39,0.9167,15783.72,28423.35,-45982.68,4
284802,F,63.94798083504449,0,2.0,Married,Higher education,House / apartment,Y,Y,270000.0,Pensioner,,,XNA,Cash loans,1006920.0,42790.5,900000.0,3.0,2.0,1.0,530775.0,167679.0,182250.0,0.0,0.0,0.0,0.0,6.0,542341.26,659487.735,0.0,6.0,0.0,0.0,117146.475,1.0,1.2160014065682556,2.0,2.0,0.0,488452.5,488452.5,55671.84,4266.0,,,,,,,,,,7.0,49.0,40.0,0.0,0.0,0.0,0.1584833333333333,0.6210333333333333,1.0,0.0,Tier_1,Other,2,0.6883871638507887,95717.08,5254.05,0.0,23340.36,21993.8,10078.48,28902.36,185286.13,42790.5,41923.37,29728.05,0.1101,213567.91,0.0,0.0,85451.57,76,0.4612,0.0,0.0,0.0,2125.44,0,0,0.0,0.0,37753.07,21200.64,131.23,0
219214,F,49.51950718685831,0,2.0,Married,Higher education,House / apartment,Y,Y,382500.0,State servant,21.976728268309376,Core staff,Medicine,Cash loans,2250000.0,59485.5,2250000.0,14.0,4.0,10.0,10829620.98,867073.5,13239.0,0.0,0.0,0.0,0.0,82.0,2592077.895,2769046.83,8.0,74.0,13.5,15.0,176968.935,0.902439024390244,1.068273000337438,6.0,6.0,0.0,1874569.5,1544422.5,136133.90999999997,25881.75,,,,,,,,,,76.0,1146.1666666666667,764.3666666666667,0.0,0.0,0.0,0.1555176470588235,2.266858823529412,1.0,0.0,Tier_2,Salaried,2,0.741057555577382,183561.64,6153.11,0.0,27502.08,34111.42,19301.25,17235.79,287865.29,59485.5,35149.21,16856.78,0.0441,462059.99,88352.09,0.0,111397.2,123,0.387,4075.4,72482.95,0.0,1188.15,0,0,0.0,0.0,30872.47,45053.54,-81737.98,2
287950,F,62.79534565366188,0,2.0,Married,Secondary / secondary special,House / apartment,Y,Y,135000.0,Commercial associate,14.882956878850102,Managers,Government,Cash loans,284400.0,10849.5,225000.0,8.0,3.0,5.0,1494951.3,280791.0,0.0,0.0,0.0,0.0,0.0,75.0,899797.77,729600.5700000001,13.0,62.0,80.0,87.0,-170197.2,0.8266666666666667,0.8108494978821742,9.0,7.0,2.0,594612.0,441580.5,61777.2825,53442.0,,,,,,,,,,69.0,521.0,281.6666666666667,1.0,12.0,12.0,0.0803666666666666,2.0799333333333334,0.7777777777777778,0.0,Tier_3,Other,2,0.5870817814297189,36903.15,1652.82,0.0,15149.92,8202.95,7686.03,9827.27,79422.14,10849.5,44728.36,12541.83,0.0929,293030.98,0.0,0.0,39485.93,60,0.4972,0.0,0.0,0.0,0.0,0,0,0.0,0.0,46115.81,14872.16,23646.37,0
343812,F,52.50924024640657,0,1.0,Separated,Secondary / secondary special,House / apartment,N,Y,166500.0,Pensioner,,,XNA,Cash loans,446931.0,20835.0,369000.0,2.0,1.0,1.0,339255.0,168012.0,0.0,0.0,0.0,0.0,0.0,17.0,145242.90000000002,145242.90000000002,0.0,17.0,0.0,0.0,0.0,1.0,1.0,3.0,2.0,1.0,777789.0,777789.0,50199.165,0.0,0.0,0.0,5400000.0,0.0,0.0,0.0,0.0,0.0,0.0,17.0,234.0,136.0,0.0,0.0,0.0,0.1251351351351351,1.009081081081081,0.6666666666666666,0.0,Tier_2,Other,1,0.7126846616915846,74113.1,1475.01,0.0,10783.28,16758.08,9105.76,10119.42,122354.65,20835.0,23310.35,12303.91,0.0739,127027.41,0.0,1073.39,58935.93,144,0.4817,0.0,0.0,0.0,918.78,0,0,0.0,0.0,14175.06,23210.52,-30474.68,3
354745,F,59.318275154004105,0,1.0,Separated,Secondary / secondary special,House / apartment,N,Y,157500.0,Pensioner,,,XNA,Cash loans,835380.0,23571.0,675000.0,7.0,2.0,5.0,2694150.0,994320.0,0.0,0.0,0.0,0.0,0.0,82.0,796077.9,796077.9,1.0,81.0,5.0,5.0,0.0,0.9878048780487804,1.0,6.0,5.0,1.0,599422.5,599422.5,50320.305,13950.0,834441.2775,1037296.845,2857500.0,158850.0,207182.205,38503.4025,6.6893476666666665,0.0,0.0,36.0,352.8333333333333,196.66666666666663,1.0,1.0,1.0,0.1496571428571428,6.313142857142857,0.8333333333333334,0.0,Tier_2,Other,1,0.6616414871103512,77291.63,1193.86,0.0,7065.49,5151.21,6184.31,26993.19,123879.69,23571.0,10049.31,5693.62,0.0361,33787.92,0.0,0.0,53540.6,144,0.4322,0.0,0.0,0.0,0.0,1,0,151.81,1.0,9219.07,21771.84,-34142.27,4
109680,F,38.182067077344286,0,1.0,Single / not married,Secondary / secondary special,House / apartment,N,Y,135000.0,Working,9.14715947980835,Sales staff,Other,Revolving loans,247500.0,12375.0,247500.0,7.0,4.0,3.0,1640295.18,1252247.985,20752.515,0.0,0.0,0.0,0.0,5.0,76021.29000000001,69187.32,1.0,4.0,4.0,4.0,-6833.970000000001,0.8,0.9101045246667084,1.0,1.0,0.0,56205.0,56205.0,6833.97,0.0,,,,,,,,,,6.0,56.0,46.0,0.0,0.0,0.0,0.0916666666666666,9.275911,1.0,0.0,Tier_3,Salaried,1,0.5312069981106126,41754.66,1162.09,0.0,4122.29,10778.73,4494.62,11168.54,73480.93,12375.0,49144.07,23631.67,0.175,646705.76,144619.97,0.0,35751.99,77,0.4865,2958.14,121049.65,0.0,1741.35,0,0,0.0,0.0,48492.29,6676.98,30781.85,0
250894,F,63.36481861738535,0,1.0,Widow,Secondary / secondary special,House / apartment,N,N,90000.0,Pensioner,,,XNA,Cash loans,178290.0,18850.5,157500.0,,,,,,,,,,,14.0,80319.825,68843.655,2.0,12.0,13.0,13.0,-11476.17,0.8571428571428571,0.8571190861035866,1.0,1.0,0.0,54697.5,54697.5,5738.085,6079.5,,,,,,,,,,13.0,144.0,71.5,0.0,0.0,0.0,0.20945,,1.0,,Tier_3,Other,1,0.6309539318389995,31868.08,4051.64,0.0,4888.44,5979.51,5931.5,7733.21,60452.38,18850.5,10697.12,5760.92,0.064,244495.77,74312.08,0.0,24570.02,88,0.4064,0.0,0.0,0.0,0.0,0,0,0.0,0.0,9883.42,6998.84,-11.7,1
358987,F,27.137577002053387,0,2.0,Married,Secondary / secondary special,Municipal apartment,N,Y,254250.0,Working,,Core staff,Business Entity Type 3,Cash loans,545040.0,35487.0,450000.0,,,,,,,,,,,41.0,448432.065,381708.495,9.0,32.0,49.0,60.0,-66723.57,0.7804878048780488,0.851206960412164,4.0,3.0,1.0,407605.5,291089.25,30240.45,5399.82,,,,,,,,,,35.0,306.5,162.66666666666666,0.0,0.0,0.0,0.139575221238938,,0.75,,Tier_1,Salaried,2,0.8077890795439481,126196.6,3700.05,0.0,15280.78,30259.19,14917.6,11084.42,201438.64,35487.0,17324.36,9045.97,0.0356,23368.72,0.0,0.0,111447.68,89,0.5533,0.0,0.0,0.0,1311.69,0,1,486.79,1.0,19274.73,30748.49,-61650.09,2
265559,F,46.3709787816564,0,2.0,Married,Secondary / secondary special,House / apartment,N,Y,157500.0,Commercial associate,4.314852840520191,Cooking staff,Self-employed,Cash loans,679266.0,22041.0,567000.0,13.0,3.0,10.0,3866886.0,538204.5,0.0,0.0,0.0,0.0,0.0,61.0,858792.6900000001,858792.6900000001,0.0,61.0,0.0,0.0,0.0,1.0,1.0,5.0,5.0,0.0,2019051.0,2019051.0,79345.125,9693.45,,,,,,,,,,64.0,1383.5,970.75,0.0,0.0,0.0,0.1399428571428571,3.4171714285714287,1.0,0.0,Tier_2,Other,1,0.5532001141284498,55916.42,1536.76,0.0,3696.2,15546.5,4747.98,18653.62,100097.48,22041.0,35361.52,23330.48,0.1481,496702.66,174361.07,0.0,58602.12,170,0.5855,4782.06,179170.68,0.0,0.0,0,0,0.0,0.0,34224.96,17388.23,5362.1,0
116912,F,32.068446269678304,1,3.0,Married,Higher education,House / apartment,N,Y,112500.0,Working,3.915126625598905,,Kindergarten,Cash loans,270000.0,24894.0,270000.0,2.0,1.0,1.0,268173.0,212179.5,0.0,0.0,0.0,0.0,0.0,52.0,447893.55,447893.55,6.0,46.0,35.0,35.0,0.0,0.8846153846153846,1.0,5.0,2.0,3.0,472378.5,472378.5,53641.215,15327.0,851286.2175,955997.325,2756250.0,398588.49,362622.195,42334.2225,4.751791166666667,0.0,0.0,3.0,8.0,6.0,0.0,0.0,0.0,0.22128,1.88604,0.4,0.0,Tier_3,Salaried,3,0.656088169153318,49467.03,1018.09,6458.83,2726.2,8531.53,5608.25,13399.39,87209.32,24894.0,396.68,143.92,0.0013,210.8,0.0,10.34,35803.97,99,0.4106,0.0,0.0,0.0,0.0,0,1,245.92,0.75,1764.86,14446.29,-21792.02,6
360089,M,57.71663244353183,0,2.0,Married,Higher education,House / apartment,Y,N,202500.0,Pensioner,,,XNA,Cash loans,225000.0,9531.0,225000.0,1.0,0.0,1.0,270000.0,0.0,0.0,0.0,0.0,0.0,0.0,17.0,152062.11,152062.11,0.0,17.0,0.0,0.0,0.0,1.0,1.0,1.0,1.0,0.0,198553.5,198553.5,8944.83,0.0,,,,,,,,,,17.0,336.0,238.0,0.0,0.0,0.0,0.0470666666666666,0.0,1.0,0.0,Tier_2,Other,2,0.687795003980063,73952.71,7543.85,0.0,14010.1,24124.64,10077.52,14124.63,143833.45,9531.0,49135.55,35062.8,0.1731,1033861.89,126403.41,0.0,84268.88,336,0.5859,0.0,0.0,4676.06,0.0,1,0,223.1,1.0,39153.42,15376.3,7072.69,0
170697,M,44.75290896646133,2,4.0,Married,Secondary / secondary special,House / apartment,Y,Y,157500.0,Working,24.62422997946612,Laborers,Business Entity Type 3,Cash loans,352044.0,12775.5,247500.0,13.0,4.0,9.0,2473167.6,766449.0,0.0,0.0,0.0,0.0,0.0,27.0,406684.845,406684.845,0.0,27.0,0.0,0.0,0.0,1.0,1.0,5.0,4.0,0.0,428854.5,428854.5,37167.57,26131.5,,,,,,,,,,34.0,275.0,188.33333333333331,0.0,0.0,0.0,0.0811142857142857,4.8663428571428575,0.8,0.0,Tier_3,Salaried,3,0.7946490900601686,75808.07,1652.14,10035.48,13279.82,15957.45,8424.27,5753.82,130911.05,12775.5,13813.45,7970.22,0.0506,92146.99,0.0,1046.25,55482.79,178,0.4238,0.0,0.0,0.0,937.09,0,0,0.0,0.0,10357.35,13628.04,-21676.61,2
197826,F,61.596167008898014,0,2.0,Married,Secondary / secondary special,House / apartment,Y,Y,157500.0,Pensioner,,,XNA,Cash loans,135000.0,6075.0,135000.0,4.0,1.0,3.0,126000.0,39600.0,0.0,0.0,0.0,0.0,0.0,88.0,994602.6,1060329.915,0.0,88.0,0.0,0.0,65727.315,1.0,1.066083996764135,6.0,5.0,0.0,1419777.0,1267060.5,50176.6425,11672.73,3026078.73,3492936.405,6480000.0,937425.24,450071.415,140975.4375,7.778347733333333,0.0,0.0,37.0,662.0,498.0,0.0,0.0,0.0,0.0385714285714285,0.2514285714285714,0.8333333333333334,0.0,Tier_2,Other,3,0.6684504803712402,69773.99,1434.81,0.0,5504.98,10820.3,13034.61,22114.47,122683.16,6075.0,28741.84,8783.02,0.0558,106593.05,0.0,0.0,51177.22,110,0.4171,0.0,0.0,0.0,0.0,1,0,247.47,1.0,24100.51,14983.57,-6296.21,1
185148,M,48.53388090349076,0,2.0,Married,Higher education,Rented apartment,Y,Y,112500.0,Working,,High skill tech staff,Government,Cash loans,1125000.0,33025.5,1125000.0,20.0,4.0,16.0,2830196.97,0.0,0.0,0.0,0.0,0.0,0.0,64.0,702428.895,699406.155,3.0,61.0,7.0,7.0,-3022.739999999998,0.953125,0.9956967316955264,17.0,7.0,2.0,4224361.5,3334770.0,145261.65,33750.0,,,,,,,,,,70.0,646.6666666666666,381.8333333333333,0.0,0.0,0.0,0.29356,0.0,0.4117647058823529,0.0,Tier_2,Salaried,2,0.6208812311162738,53282.01,769.52,0.0,2795.37,5936.35,3689.98,11347.08,77820.31,33025.5,1654.19,1267.83,0.0113,20420.7,0.0,0.0,26998.16,21,0.3469,369.41,14619.21,199.95,109.98,1,0,178.71,1.0,4639.84,4868.03,-2628.57,2
435888,M,42.27515400410677,0,1.0,Separated,Secondary / secondary special,House / apartment,Y,N,225000.0,Commercial associate,5.409993155373032,Drivers,Industry: type 3,Cash loans,1014588.0,33660.0,909000.0,5.0,3.0,2.0,1612395.0,498028.5,0.0,0.0,0.0,0.0,0.0,22.0,94008.06,77866.515,4.0,18.0,26.5,39.0,-16141.545,0.8181818181818182,0.8282961588612722,5.0,2.0,2.0,2090164.5,2090164.5,69808.635,9000.0,,,,,,,,,,19.0,180.0,96.5,1.0,14.0,0.0,0.1496,2.21346,0.4,0.0,Tier_3,Other,1,0.6234731700804776,82649.82,7697.15,0.0,7294.2,17999.51,11955.4,7284.11,134880.19,33660.0,56459.81,21954.82,0.0976,238746.21,0.0,0.0,40691.71,89,0.3017,0.0,0.0,0.0,0.0,1,0,173.97,0.75,51362.73,27430.33,9366.51,0
170902,M,25.270362765229294,0,1.0,Single / not married,Higher education,With parents,N,N,135000.0,Commercial associate,7.337440109514032,High skill tech staff,Industry: type 9,Cash loans,576000.0,27711.0,576000.0,2.0,1.0,1.0,101790.0,0.0,0.0,0.0,0.0,0.0,0.0,37.0,579915.495,526674.015,8.0,29.0,44.5,51.0,-53241.48,0.7837837837837838,0.908190968409975,4.0,3.0,0.0,567549.0,567549.0,54505.98,31500.0,,,,,,,,,,33.0,324.0,182.16666666666663,0.0,0.0,0.0,0.2052666666666666,0.0,0.75,0.0,Tier_3,Other,1,0.5471577769069346,47835.49,4114.56,0.0,3390.66,6885.17,6698.09,11149.69,80073.66,27711.0,27215.34,13891.6,0.1029,447764.8,174466.33,1113.84,39643.11,141,0.4951,3772.74,140454.78,0.0,0.0,1,0,283.67,1.0,19048.99,9252.67,9012.54,0
292974,F,64.7419575633128,0,1.0,Widow,Secondary / secondary special,House / apartment,N,Y,57150.0,Pensioner,,,XNA,Cash loans,225000.0,9909.0,225000.0,3.0,0.0,3.0,295929.0,0.0,0.0,0.0,0.0,0.0,0.0,64.0,470175.57,465128.595,1.0,63.0,6.0,6.0,-5046.975000000001,0.984375,0.989265765126844,7.0,6.0,1.0,604192.5,604192.5,35120.25,6363.0,,,,,,,,,,74.0,913.5,581.5,0.0,0.0,0.0,0.1733858267716535,0.0,0.8571428571428571,0.0,Tier_3,Other,1,0.6552489865142842,21597.01,492.45,0.0,5824.47,3408.39,3361.83,1168.46,35852.61,9909.0,11388.39,5158.58,0.0903,31203.29,4518.46,0.0,12459.36,28,0.3475,567.76,10130.91,0.0,0.0,0,0,0.0,0.0,12505.46,6601.4,-1588.47,1
452155,F,52.59411362080767,0,1.0,Single / not married,Secondary / secondary special,House / apartment,N,Y,81000.0,Working,6.718685831622176,,Business Entity Type 3,Cash loans,100512.0,4963.5,72000.0,11.0,5.0,6.0,886350.15,479632.5,2886.525,0.0,0.0,0.0,0.0,78.0,1298972.97,1261232.64,6.0,72.0,14.5,19.0,-37740.33,0.9230769230769232,0.9709460236112534,6.0,6.0,0.0,938344.5,938344.5,67241.61,0.0,,,,,,,,,,79.0,860.1,516.7833333333333,0.0,0.0,0.0,0.0612777777777777,5.921388888888889,1.0,0.0,Tier_2,Salaried,1,0.6362363119595412,32109.08,1402.86,0.0,1619.84,6478.55,4438.97,2977.91,49027.21,4963.5,27009.29,14664.97,0.181,331265.63,0.0,0.0,22091.66,46,0.4506,2841.3,115607.86,0.0,0.0,0,0,0.0,0.0,23244.59,6089.21,14350.31,0
302018,F,27.02258726899384,0,2.0,Civil marriage,Higher education,House / apartment,Y,N,1125000.0,Commercial associate,3.542778918548939,Core staff,Bank,Cash loans,592560.0,35937.0,450000.0,10.0,4.0,6.0,6040416.69,2274750.0,4500.0,0.0,0.0,0.0,0.0,46.0,1531303.695,1666304.64,0.0,46.0,0.0,0.0,135000.945,1.0,1.0881607909918876,11.0,5.0,1.0,1614672.0,1478079.0,161502.255,0.585,230127.0,263133.0,1500000.0,316800.0,361299.55500000005,10442.73,1.0637022,0.0,0.0,15.0,124.5,97.0,0.0,0.0,0.0,0.031944,2.022,0.4545454545454545,0.0,Tier_2,Other,2,0.7495520498779092,535416.04,60937.05,0.0,38954.98,81447.19,54163.12,51836.89,822755.27,35937.0,266307.73,119956.34,0.1066,2705778.6,0.0,0.0,464849.65,1429,0.565,0.0,0.0,0.0,0.0,0,0,0.0,0.0,234572.51,160623.29,-18044.12,1
254107,M,53.30869267624914,0,2.0,Married,Higher education,House / apartment,N,Y,81000.0,Pensioner,,,XNA,Revolving loans,202500.0,10125.0,202500.0,3.0,1.0,2.0,154035.0,80377.83,0.0,0.0,0.0,0.0,0.0,6.0,36454.68,36454.68,0.0,6.0,0.0,0.0,0.0,1.0,1.0,3.0,1.0,2.0,1497676.5,1497676.5,71784.45,0.0,,,,,,,,,,7.0,42.0,20.0,0.0,0.0,0.0,0.125,0.9923188888888888,0.3333333333333333,0.0,Tier_2,Other,2,0.7496626151150708,40795.68,1042.0,0.0,5362.63,7666.2,2980.67,3128.69,60975.87,10125.0,9899.13,2272.55,0.0281,6628.64,0.0,0.0,30176.47,58,0.4949,0.0,0.0,0.0,0.0,0,1,129.89,0.8333,6886.67,9817.2,-6336.47,4
262220,F,45.98220396988364,0,2.0,Married,Secondary / secondary special,House / apartment,N,Y,157500.0,Commercial associate,,,Other,Cash loans,273024.0,13410.0,216000.0,10.0,6.0,4.0,4563000.0,3019275.0,0.0,261.0,10.0,1.0,0.0,9.0,750691.08,750691.08,0.0,9.0,0.0,0.0,0.0,1.0,1.0,10.0,2.0,4.0,2869060.5,1947433.5,113919.555,0.0,,,,,,,,,,11.0,179.5,153.5,0.0,0.0,0.0,0.0851428571428571,19.17,0.2,5.719921104536489e-05,Tier_1,Other,2,0.7876011108261329,90786.35,5561.99,0.0,6489.22,9965.94,5320.36,10453.7,128577.56,13410.0,15512.44,8978.43,0.057,174562.11,63554.29,0.0,82982.26,111,0.6454,1985.13,93791.7,0.0,0.0,1,0,152.59,0.75,7100.71,21287.28,-37950.74,4
312654,F,45.50855578370979,0,1.0,Separated,Higher education,House / apartment,N,Y,225000.0,Working,9.177275838466803,,Business Entity Type 3,Cash loans,675000.0,29731.5,675000.0,6.0,4.0,2.0,1901322.0,1311412.5,267812.46,0.0,0.0,0.0,0.0,26.0,267303.87,267303.87,0.0,26.0,0.0,0.0,0.0,1.0,1.0,3.0,3.0,0.0,227794.5,227794.5,29419.92,23692.5,,,,,,,,,,31.0,223.33333333333331,103.33333333333331,0.0,0.0,0.0,0.13214,5.8285,1.0,0.0,Tier_2,Salaried,2,0.6028277685538317,84699.82,2254.37,0.0,12408.65,10442.17,6850.24,19609.4,136264.65,29731.5,59003.85,18366.79,0.0816,671570.82,238929.4,0.0,49440.94,123,0.3628,0.0,0.0,0.0,0.0,0,0,0.0,0.0,51749.71,14159.28,35151.6,0
306057,F,42.71047227926078,0,2.0,Married,Incomplete higher,House / apartment,Y,Y,189000.0,State servant,7.37577002053388,Managers,Other,Cash loans,2013840.0,55507.5,1800000.0,,,,,,,,,,,6.0,326210.13,326210.13,0.0,6.0,0.0,0.0,0.0,1.0,1.0,1.0,1.0,0.0,311940.0,311940.0,31980.105,77985.0,,,,,,,,,,8.0,72.0,47.5,0.0,0.0,0.0,0.2936904761904761,,1.0,,Tier_3,Salaried,2,0.5093705438601513,67572.25,1355.48,0.0,3409.2,11751.34,3116.69,19566.3,106771.26,55507.5,26721.24,12389.98,0.0656,388595.12,0.0,0.0,43240.07,86,0.405,3503.79,92299.66,0.0,1835.59,1,0,452.39,0.9167,21985.57,11590.1,2767.63,0
406690,F,58.39561943874059,0,2.0,Married,Secondary / secondary special,House / apartment,Y,Y,135000.0,Pensioner,,,XNA,Cash loans,1350000.0,37255.5,1350000.0,,,,,,,,,,,114.0,291225.51,289416.105,3.0,111.0,107.0,107.0,-1809.405,0.9736842105263158,0.9937869282124356,1.0,1.0,0.0,181975.5,181975.5,16985.61,0.0,56966.63239285714,173734.29,804535.7142857143,13500.0,82935.0,6613.260107142857,1.8300243333333333,94.0,0.0,7.0,69.0,53.5,0.0,0.0,0.0,0.2759666666666667,,1.0,,Tier_3,Other,2,0.4852718567657177,51264.51,614.63,0.0,3950.87,4417.73,2316.68,6375.44,68939.86,37255.5,28804.64,12816.32,0.0949,411471.67,0.0,1001.53,13297.42,15,0.1929,0.0,0.0,0.0,0.0,1,0,143.98,1.0,28182.64,13070.53,-4190.16,1
156827,F,40.336755646817245,1,2.0,Single / not married,Secondary / secondary special,House / apartment,N,Y,202500.0,Working,3.216974674880219,Cleaning staff,Cleaning,Cash loans,900297.0,26451.0,751500.0,1.0,0.0,1.0,18058.5,0.0,0.0,0.0,0.0,0.0,0.0,39.0,1186271.64,1164240.2699999998,2.0,37.0,5.0,5.0,-22031.37,0.9487179487179488,0.9814280563935592,3.0,3.0,0.0,1262664.0,781812.0,50569.28999999999,0.0,0.0,0.0,5557500.0,0.0,0.0,0.0,0.0,0.0,0.0,39.0,792.0,481.5,0.0,0.0,0.0,0.1306222222222222,0.0,1.0,0.0,Tier_2,Salaried,2,0.6037063597960167,61175.75,2403.86,10274.62,21131.81,17624.85,9639.64,15723.52,137974.05,26451.0,38074.95,14760.97,0.0729,700235.79,0.0,0.0,69414.91,252,0.5031,0.0,0.0,2201.76,0.0,0,0,0.0,0.0,41288.35,11038.98,27667.82,0
352934,F,31.616700889801507,0,2.0,Married,Higher education,House / apartment,Y,Y,315000.0,Commercial associate,,Accountants,Business Entity Type 3,Cash loans,640080.0,29970.0,450000.0,1.0,1.0,0.0,234000.0,0.0,0.0,0.0,0.0,0.0,0.0,3.0,444628.035,444628.035,0.0,3.0,0.0,0.0,0.0,1.0,1.0,1.0,1.0,0.0,434146.5,434146.5,44508.69,45252.0,,,,,,,,,,5.0,42.0,36.0,0.0,0.0,0.0,0.0951428571428571,0.0,1.0,0.0,Tier_3,Other,2,0.7130221134654445,147258.38,2642.22,0.0,11874.82,19504.72,20331.77,23764.61,225376.52,29970.0,59653.48,27763.67,0.0881,598566.09,166682.72,0.0,92163.12,85,0.4089,0.0,0.0,3172.58,0.0,1,0,557.19,0.9167,64289.78,35058.95,11494.84,0
313158,F,55.75633127994524,0,1.0,Separated,Secondary / secondary special,House / apartment,N,Y,135000.0,Pensioner,,,XNA,Cash loans,808650.0,29839.5,675000.0,,,,,,,,,,,7.0,154374.255,154374.255,0.0,7.0,0.0,0.0,0.0,1.0,1.0,1.0,1.0,0.0,224257.5,224257.5,22053.465,0.0,,,,,,,,,,7.0,72.0,55.5,0.0,0.0,0.0,0.2210333333333333,,1.0,,Tier_2,Other,2,0.6522732008309767,47605.74,3101.85,0.0,7669.18,12740.06,9146.19,9379.12,89642.14,29839.5,15518.36,8271.04,0.0613,368680.68,0.0,0.0,29710.92,193,0.3314,1825.2,7493.33,0.0,0.0,0,0,0.0,0.0,14314.93,12864.65,-5343.68,3
274220,F,42.15468856947297,1,3.0,Married,Higher education,House / apartment,Y,Y,202500.0,Working,5.801505817932923,,Business Entity Type 3,Cash loans,755190.0,36459.0,675000.0,5.0,2.0,3.0,2785099.5,0.0,0.0,0.0,0.0,0.0,0.0,21.0,135255.69,127791.945,1.0,20.0,9.0,9.0,-7463.745,0.9523809523809524,0.9448175156254054,5.0,3.0,1.0,589369.5,314237.25,18987.48,15434.595,,,,,,,,,,22.0,473.0,367.6666666666667,1.0,7.0,7.0,0.1800444444444444,0.0,0.6,0.0,Tier_3,Salaried,3,0.5744716718012679,77438.79,2179.29,11702.06,8482.86,7910.45,8617.06,15753.43,132083.94,36459.0,33957.06,22854.85,0.1129,122000.86,0.0,0.0,34301.11,38,0.2597,6004.8,85334.58,0.0,0.0,1,0,268.76,1.0,33555.82,12983.87,10625.46,0
100633,M,35.9917864476386,1,3.0,Married,Secondary / secondary special,House / apartment,Y,Y,247500.0,Working,4.265571526351814,Drivers,Transport: type 3,Cash loans,414792.0,25195.5,315000.0,3.0,1.0,2.0,1844356.5,1642572.0,0.0,0.0,0.0,0.0,0.0,39.0,229977.945,285530.355,3.0,36.0,24.0,24.0,55552.41,0.9230769230769232,1.241555380451808,8.0,2.0,2.0,255879.9,255879.9,28937.16,6570.0,,,,,,,,,,29.0,380.0,217.0,1.0,11.0,0.0,0.1018,6.636654545454546,0.25,0.0,Tier_3,Salaried,3,0.5804929838808737,72738.57,3434.86,14742.23,18235.32,21099.09,13421.94,34522.57,178194.58,25195.5,44109.92,29027.27,0.1173,557961.57,0.0,2293.94,84583.13,233,0.4747,8577.04,384421.37,0.0,0.0,0,1,554.13,0.9167,41026.78,20365.73,8563.48,0
387199,M,47.95619438740589,0,2.0,Married,Secondary / secondary special,House / apartment,Y,N,135000.0,Working,9.817932922655714,Drivers,Business Entity Type 3,Cash loans,675000.0,21775.5,675000.0,9.0,1.0,8.0,1395463.5,0.0,0.0,0.0,0.0,0.0,0.0,66.0,1621348.515,1614062.475,1.0,65.0,6.0,6.0,-7286.04,0.9848484848484848,0.9955061851708052,14.0,8.0,1.0,1657342.35,1102157.1,75853.5525,53732.25,,,,,,,,,,77.0,788.1666666666666,511.3333333333333,1.0,2.0,2.0,0.1613,0.0,0.5714285714285714,0.0,Tier_2,Salaried,3,0.5426162497854281,41673.85,7349.59,0.0,8221.94,7997.25,3389.46,4450.97,73083.06,21775.5,40141.44,10097.37,0.0748,74000.68,0.0,0.0,38276.73,19,0.5237,0.0,0.0,1635.36,0.0,1,1,397.58,0.6667,35553.59,6204.85,25770.19,0
433091,M,38.4476386036961,0,2.0,Married,Higher education,House / apartment,N,Y,675000.0,Commercial associate,16.369609856262834,Managers,Business Entity Type 3,Cash loans,837000.0,22077.0,837000.0,3.0,1.0,2.0,15716254.5,6996145.5,0.0,0.0,0.0,0.0,0.0,170.0,1599072.615,1577697.615,1.0,169.0,2.0,2.0,-21375.0,0.9941176470588236,0.9866328772067676,,,,,,,,8610811.2825,10707226.065,10064625.0,1113790.545,1577697.615,452179.92675,28.903254502192983,1.0,1.0,,,,,,,0.0327066666666666,10.36466,,0.0,Tier_2,Other,2,0.5652000835183023,262740.2,9263.39,0.0,12722.66,43480.12,17060.95,90695.29,435962.61,22077.0,216960.39,117744.16,0.1744,419603.29,94723.68,0.0,271148.9,306,0.622,0.0,0.0,0.0,0.0,0,0,0.0,0.0,223272.32,85159.64,88972.0,0
448199,F,42.60917180013689,0,2.0,Married,Secondary / secondary special,House / apartment,N,Y,270000.0,Working,5.69472963723477,High skill tech staff,Construction,Cash loans,273636.0,27747.0,247500.0,9.0,1.0,8.0,3597858.0,243459.0,0.0,0.0,0.0,0.0,0.0,13.0,103707.135,103707.135,0.0,13.0,0.0,0.0,0.0,1.0,1.0,4.0,2.0,0.0,160564.5,160564.5,17701.695,29286.0,,,,,,,,,,15.0,136.0,86.0,0.0,0.0,0.0,0.1027666666666666,0.9017,0.5,0.0,Tier_3,Salaried,2,0.5960919086304306,89403.23,2546.06,0.0,17552.22,25862.03,19113.69,53185.4,207662.63,27747.0,34590.37,14260.89,0.0528,279167.16,0.0,0.0,78881.66,109,0.3799,1980.23,97226.27,957.83,0.0,0,0,0.0,0.0,37636.53,14086.09,9189.29,0
117706,M,39.9233401779603,1,3.0,Civil marriage,Higher education,Rented apartment,N,N,202500.0,Working,,Core staff,Business Entity Type 3,Cash loans,830214.0,26910.0,693000.0,16.0,3.0,13.0,2284794.135,805270.5,3929.58,0.0,0.0,0.0,0.0,28.0,568533.87,568533.87,1.0,27.0,1.0,1.0,0.0,0.9642857142857144,1.0,3.0,2.0,0.0,371713.5,371713.5,22800.555,6430.5,,,,,,,,,,30.0,612.25,438.5,0.0,0.0,0.0,0.1328888888888889,3.9766444444444446,0.6666666666666666,0.0,Tier_2,Salaried,3,0.6767377209134464,72503.0,11656.52,7436.78,17862.88,17720.14,9860.07,10428.31,147467.7,26910.0,28122.3,19326.69,0.0954,718489.97,0.0,3282.99,74486.82,118,0.5051,0.0,0.0,0.0,0.0,1,0,448.24,0.9167,29165.91,17477.48,2857.38,0
160531,M,54.75154004106776,0,2.0,Married,Secondary / secondary special,House / apartment,N,Y,144000.0,Working,9.71937029431896,Security staff,Other,Cash loans,1223010.0,51948.0,1125000.0,8.0,1.0,7.0,2165252.265,955401.3,0.0,0.0,0.0,0.0,0.0,6.0,94903.2,94903.2,0.0,6.0,0.0,0.0,0.0,1.0,1.0,1.0,1.0,0.0,82894.5,82894.5,15823.26,0.0,,,,,,,,,,7.0,36.0,19.0,0.0,0.0,0.0,0.36075,6.634731250000001,1.0,0.0,Tier_2,Salaried,2,0.6052765244540006,46917.22,2366.85,0.0,5449.94,11358.75,11674.87,8739.26,86506.89,51948.0,5545.11,2121.9,0.0147,68961.01,0.0,0.0,59153.13,135,0.6838,0.0,0.0,0.0,0.0,0,0,0.0,0.0,8042.88,10472.21,-11671.6,2
152429,M,51.25530458590007,0,2.0,Married,Secondary / secondary special,House / apartment,N,Y,225000.0,Working,,Managers,Self-employed,Cash loans,1105083.0,39825.0,904500.0,3.0,2.0,1.0,1212084.63,783594.0,180000.0,0.0,0.0,0.0,0.0,16.0,199800.0,290479.905,0.0,16.0,0.0,0.0,90679.905,1.0,1.4538533783783785,2.0,2.0,0.0,392728.5,392728.5,37500.345,0.0,,,,,,,,,,14.0,130.0,87.83333333333333,0.0,0.0,0.0,0.177,3.48264,1.0,0.0,Tier_3,Salaried,2,0.5574540057939376,51963.65,1466.73,0.0,42268.07,8466.15,8271.61,14984.11,127420.32,39825.0,57754.68,29666.41,0.1319,639035.24,0.0,1961.04,53203.18,70,0.4175,0.0,0.0,0.0,0.0,0,0,0.0,0.0,59363.18,8770.32,42709.97,0
135921,F,66.08624229979466,0,1.0,Widow,Secondary / secondary special,House / apartment,Y,Y,81000.0,Pensioner,,,XNA,Cash loans,203760.0,11506.5,180000.0,8.0,3.0,5.0,846285.75,159575.94,112674.06,0.0,0.0,0.0,0.0,50.0,349030.08,298446.435,7.0,43.0,19.666666666666664,25.0,-50583.645,0.86,0.8550736801825217,4.0,4.0,0.0,440109.0,254652.75,21431.6775,7038.0,,,,,,,,,,47.0,581.0,305.1666666666667,0.0,0.0,0.0,0.1420555555555555,1.9700733333333331,1.0,0.0,Tier_2,Other,1,0.7040660383032312,42105.23,541.43,0.0,2739.44,7016.23,2920.28,3734.0,59056.61,11506.5,10436.89,4699.38,0.058,39975.06,0.0,0.0,29642.59,30,0.5019,0.0,0.0,0.0,0.0,0,0,0.0,0.0,9866.82,12500.6,-7402.93,3
189370,M,37.65639972621492,1,3.0,Married,Secondary / secondary special,House / apartment,N,Y,58500.0,Working,5.160848733744011,Laborers,Business Entity Type 2,Cash loans,161730.0,12645.0,135000.0,2.0,1.0,1.0,341602.38,178177.5,0.0,0.0,0.0,0.0,0.0,41.0,327418.02,301828.54500000004,7.0,34.0,16.0,16.0,-25589.475,0.8292682926829268,0.9218446345744808,7.0,5.0,0.0,342261.0,342261.0,33642.630000000005,4500.0,0.0,0.0,1350000.0,0.0,0.0,0.0,0.0,0.0,0.0,39.0,425.3333333333333,211.83333333333331,4.0,7.0,7.0,0.2161538461538461,3.045769230769231,0.7142857142857143,0.0,Tier_3,Salaried,3,0.5949771266566112,23798.3,361.84,2710.71,1648.65,3596.39,2690.27,4609.92,39416.08,12645.0,6438.92,2610.27,0.0446,19431.57,7075.55,0.0,8600.11,18,0.2182,0.0,0.0,0.0,0.0,1,0,106.68,1.0,7621.82,4815.6,-6085.08,1
289194,M,34.25872689938399,1,3.0,Married,Higher education,House / apartment,N,Y,337500.0,Commercial associate,2.948665297741273,Laborers,Government,Cash loans,1436850.0,42142.5,1125000.0,3.0,1.0,2.0,420525.0,72279.0,0.0,0.0,0.0,0.0,0.0,4.0,75441.87,75441.87,0.0,4.0,0.0,0.0,0.0,1.0,1.0,1.0,1.0,0.0,61542.0,61542.0,13002.615,13500.0,,,,,,,,,,5.0,28.0,18.0,0.0,0.0,0.0,0.1248666666666666,0.21416,1.0,0.0,Tier_3,Other,3,0.5777882264374922,130304.6,4893.1,7801.65,20461.27,16152.41,15390.49,13694.06,208697.58,42142.5,86659.92,48978.51,0.1451,1752342.08,690728.11,8506.16,61974.81,79,0.297,14180.18,485063.36,0.0,0.0,0,0,0.0,0.0,84944.95,43773.31,8139.53,0
407718,F,34.04791238877481,1,3.0,Civil marriage,Secondary / secondary special,House / apartment,Y,N,135000.0,Working,7.540041067761807,Laborers,Business Entity Type 3,Cash loans,490536.0,32913.0,405000.0,10.0,3.0,7.0,1737188.46,929416.5,64836.0,0.0,0.0,0.0,0.0,23.0,291641.94,291641.94,3.0,20.0,43.0,43.0,0.0,0.8695652173913043,1.0,7.0,5.0,1.0,1480770.0,839007.0,66794.04000000001,10809.0,3712.5,4050.0,4443750.0,0.0,3150.0,2850.0,0.0103125,18.0,0.0,27.0,149.0,94.5,0.0,0.0,0.0,0.2438,6.884566666666666,0.7142857142857143,0.0,Tier_3,Salaried,3,0.5482998891345103,29043.92,8550.41,17420.34,5304.23,8730.19,4971.4,9895.26,83915.75,32913.0,18171.25,13488.52,0.0999,175028.99,0.0,0.0,46047.68,130,0.5487,0.0,0.0,0.0,1762.67,0,0,0.0,0.0,17353.93,8541.0,4896.94,0
350191,M,23.184120465434635,0,1.0,Single / not married,Secondary / secondary special,House / apartment,N,Y,90000.0,Commercial associate,,Drivers,Government,Cash loans,314100.0,21375.0,225000.0,,,,,,,,,,,11.0,111470.715,111470.715,0.0,11.0,0.0,0.0,0.0,1.0,1.0,3.0,1.0,0.0,82273.5,82273.5,8111.34,0.0,,,,,,,,,,12.0,151.0,92.0,0.0,0.0,0.0,0.2375,,0.3333333333333333,,Tier_1,Other,1,0.7638830423153347,38294.28,1809.09,0.0,5089.83,12666.3,5107.73,5952.22,68919.45,21375.0,0.0,0.0,0.0,0.0,0.0,0.0,26285.35,17,0.3814,0.0,0.0,0.0,0.0,0,0,0.0,0.0,2475.41,11383.45,-26099.58,5
453742,F,53.256673511293634,0,2.0,Married,Secondary / secondary special,House / apartment,N,N,157500.0,Working,32.92813141683778,,Other,Cash loans,490495.5,26262.0,454500.0,10.0,2.0,8.0,1812087.0,783310.5,0.0,0.0,0.0,0.0,0.0,20.0,218556.225,218556.225,0.0,20.0,0.0,0.0,0.0,1.0,1.0,2.0,2.0,0.0,187470.0,187470.0,21877.785,19197.0,,,,,,,,,,22.0,170.0,91.16666666666669,0.0,0.0,0.0,0.1667428571428571,4.9734,1.0,0.0,Tier_3,Salaried,1,0.5823099604049581,55289.62,7531.88,0.0,2608.81,9764.6,5840.86,5228.33,86264.1,26262.0,44973.9,22351.32,0.1419,238804.54,58416.72,3811.2,45208.01,153,0.5241,3216.05,42823.97,0.0,0.0,0,0,0.0,0.0,43237.51,9704.34,24562.01,0
386584,F,23.589322381930184,0,2.0,Married,Secondary / secondary special,House / apartment,Y,Y,157500.0,State servant,,Core staff,School,Cash loans,1078200.0,31653.0,900000.0,4.0,4.0,0.0,1941480.0,1714401.0,0.0,0.0,0.0,0.0,0.0,38.0,311093.55,311093.55,2.0,36.0,2.0,2.0,0.0,0.9473684210526316,1.0,2.0,2.0,0.0,273559.5,273559.5,15627.375,0.0,,,,,,,,,,40.0,633.5,355.75,0.0,0.0,0.0,0.2009714285714285,10.885085714285715,1.0,0.0,Tier_2,Salaried,2,0.6755783776786176,78321.91,862.6,0.0,4245.6,11535.03,6366.51,7834.21,109165.86,31653.0,16681.14,7907.4,0.0502,74991.75,0.0,0.0,19424.35,42,0.1779,0.0,0.0,0.0,0.0,0,0,0.0,0.0,11541.25,10567.04,-5709.86,1
285600,F,32.71731690622861,2,4.0,Married,Higher education,Co-op apartment,Y,Y,67500.0,Working,10.666666666666666,Laborers,Business Entity Type 3,Cash loans,117162.0,12618.0,103500.0,4.0,1.0,3.0,416533.5,102685.5,0.0,0.0,0.0,0.0,0.0,11.0,94198.5,94198.5,0.0,11.0,0.0,0.0,0.0,1.0,1.0,2.0,2.0,0.0,128677.5,128677.5,10813.5,8410.5,0.0,0.0,765000.0,0.0,0.0,0.0,0.0,0.0,0.0,11.0,132.0,77.0,0.0,0.0,0.0,0.1869333333333333,1.5212666666666668,1.0,0.0,Tier_3,Salaried,4,0.7128348518862976,24310.26,910.7,10007.76,2983.42,6854.64,3049.58,3056.71,51173.07,12618.0,3708.93,1253.55,0.0186,45476.69,7779.06,66.36,13431.86,68,0.2625,0.0,0.0,0.0,155.94,0,0,0.0,0.0,5023.97,6548.12,-11033.44,2
436462,F,63.011635865845314,0,2.0,Married,Secondary / secondary special,House / apartment,N,N,225000.0,Pensioner,,,XNA,Cash loans,1125000.0,62820.0,1125000.0,2.0,0.0,2.0,194274.0,0.0,0.0,0.0,0.0,0.0,0.0,40.0,3105413.64,3105413.64,1.0,39.0,1.0,1.0,0.0,0.975,1.0,3.0,3.0,0.0,2509029.0,2509029.0,142560.27000000002,8631.0,,,,,,,,,,42.0,625.5,371.0,0.0,0.0,0.0,0.2792,0.0,1.0,0.0,Tier_3,Other,2,0.7344320155701598,107323.44,9200.77,0.0,7054.67,9846.97,10990.61,22938.32,167354.78,62820.0,0.0,0.0,0.0,0.0,0.0,0.0,63183.07,48,0.3775,0.0,0.0,0.0,0.0,0,0,0.0,0.0,-1940.43,28307.31,-37918.61,8
106928,F,31.42231348391513,1,3.0,Married,Higher education,House / apartment,N,Y,225000.0,Working,6.444900752908967,Core staff,Business Entity Type 3,Cash loans,225000.0,14778.0,225000.0,,,,,,,,,,,63.0,626269.455,573502.455,20.0,43.0,52.5,66.0,-52767.0,0.6825396825396826,0.9157439348530896,6.0,6.0,0.0,659322.0,479119.5,43815.15,48240.0,,,,,,,,,,62.0,665.0,387.0,3.0,5.0,5.0,0.06568,,1.0,,Tier_3,Salaried,2,0.6075324718153462,90316.51,1548.82,7397.07,9269.53,15256.73,12906.14,10206.03,146900.83,14778.0,63321.17,32979.32,0.1466,181755.5,0.0,0.0,28315.3,83,0.1928,0.0,0.0,0.0,4791.25,1,0,414.27,1.0,58721.03,21222.04,13815.94,0
322310,M,27.668720054757017,0,1.0,Single / not married,Secondary / secondary special,Rented apartment,Y,N,225000.0,Working,3.137577002053388,Laborers,Business Entity Type 3,Cash loans,152820.0,18265.5,135000.0,,,,,,,,,,,51.0,837669.105,816862.005,3.0,48.0,12.0,12.0,-20807.1,0.9411764705882352,0.975160716951594,4.0,3.0,0.0,1027305.0,1027305.0,67825.17,22545.0,6264848.1825,6521138.6850000005,8415000.0,806175.0,515238.75,295427.4075,8.189344029411764,0.0,0.0,19.0,179.0,91.0,0.0,0.0,0.0,0.08118,,0.75,,Tier_3,Salaried,1,0.5759207538968032,67599.82,13831.36,0.0,14834.18,14817.0,9750.64,10515.26,131348.26,18265.5,75386.24,40059.18,0.178,578077.47,0.0,0.0,35379.93,35,0.2694,9808.32,332073.5,0.0,0.0,0,0,0.0,0.0,72617.22,16569.04,44838.93,0
342440,F,64.23545516769336,0,2.0,Married,Secondary / secondary special,House / apartment,N,Y,76500.0,Pensioner,,,XNA,Cash loans,83403.0,9112.5,72000.0,10.0,3.0,7.0,1582188.03,179959.5,0.0,0.0,0.0,0.0,0.0,35.0,515024.82,515024.82,0.0,35.0,0.0,0.0,0.0,1.0,1.0,12.0,4.0,4.0,936940.5,731686.5,98465.715,0.0,,,,,,,,,,38.0,465.5,250.0,0.0,0.0,0.0,0.1191176470588235,2.352411764705882,0.3333333333333333,0.0,Tier_3,Other,1,0.6536731201153901,25155.89,779.61,0.0,4803.73,8457.38,5048.81,5044.46,49289.88,9112.5,18097.62,8891.84,0.1162,239630.74,0.0,1074.18,24017.99,40,0.4873,2181.01,13027.9,0.0,0.0,0,1,126.22,0.8333,20907.26,9993.13,3539.33,0
313936,M,37.66461327857632,0,2.0,Civil marriage,Secondary / secondary special,House / apartment,N,N,157500.0,Working,10.373716632443532,Sales staff,Self-employed,Cash loans,675000.0,18562.5,675000.0,6.0,2.0,4.0,3477150.0,1780200.0,0.0,0.0,0.0,0.0,0.0,,,,,,,,,,,,,,,,,,,,,,,,,,,,,,,,,0.1178571428571428,11.302857142857142,,0.0,Tier_1,Salaried,2,0.6837707379093707,59444.9,6269.63,0.0,9085.9,14887.29,6704.6,21901.28,118293.6,18562.5,20643.9,14053.46,0.0892,540489.7,169750.2,0.0,81906.51,356,0.6924,1999.43,68510.4,1398.55,0.0,0,0,0.0,0.0,20401.13,12544.96,-9594.37,1
157632,M,28.33949349760438,2,4.0,Married,Higher education,House / apartment,Y,N,369000.0,Commercial associate,3.753593429158111,Managers,Business Entity Type 3,Cash loans,450000.0,21109.5,450000.0,8.0,2.0,6.0,6215044.5,0.0,0.0,0.0,0.0,0.0,0.0,34.0,320830.515,320830.515,0.0,34.0,0.0,0.0,0.0,1.0,1.0,5.0,2.0,3.0,975604.5,975604.5,46859.04,0.0,,,,,,,,,,36.0,551.4,370.9,0.0,0.0,0.0,0.0572073170731707,0.0,0.4,0.0,Tier_2,Other,4,0.6094277231923285,128932.5,18808.87,22332.13,10589.34,28934.49,15281.51,26108.02,250986.86,21109.5,96903.64,48334.02,0.131,1367354.74,0.0,0.0,70344.76,100,0.2803,0.0,0.0,0.0,3576.6,0,0,0.0,0.0,89325.46,35202.07,40291.46,0
393828,F,35.559206023271734,1,3.0,Married,Secondary / secondary special,House / apartment,N,Y,270000.0,Commercial associate,8.780287474332649,,Business Entity Type 3,Cash loans,1223010.0,48631.5,1125000.0,,,,,,,,,,,7.0,104102.82,104102.82,0.0,7.0,0.0,0.0,0.0,1.0,1.0,1.0,1.0,0.0,98158.5,98158.5,8832.24,2.7,,,,,,,,,,8.0,79.0,53.5,0.0,0.0,0.0,0.1801166666666666,,1.0,,Tier_3,Other,4,0.6127203959790295,132165.78,1287.29,10667.8,5476.78,6841.8,8995.07,29972.61,195407.13,48631.5,25961.37,8475.91,0.0314,282661.66,0.0,539.11,76233.98,85,0.3901,2527.08,52481.3,0.0,0.0,1,0,301.95,0.8333,24641.33,32424.36,-45454.52,3
280752,F,26.46406570841889,0,1.0,Single / not married,Higher education,House / apartment,N,Y,112500.0,State servant,,Secretaries,Security Ministries,Cash loans,485190.0,24903.0,405000.0,,,,,,,,,,,12.0,325879.56,325879.56,0.0,12.0,0.0,0.0,0.0,1.0,1.0,1.0,1.0,0.0,287550.0,287550.0,27159.12,31950.0,,,,,,,,,,13.0,132.0,72.0,0.0,0.0,0.0,0.22136,,1.0,,Tier_2,Salaried,1,0.6111852157806938,42979.64,938.05,0.0,8901.37,7058.59,2249.02,9042.66,71169.33,24903.0,16427.67,8143.62,0.0724,336092.3,90168.47,622.07,17898.74,23,0.2515,1264.41,58192.54,0.0,696.9,1,0,276.41,0.9167,16321.86,6872.17,3235.72,0
419363,F,49.16084873374401,0,1.0,Separated,Secondary / secondary special,House / apartment,Y,Y,225000.0,Commercial associate,7.485284052019165,Laborers,Trade: type 3,Cash loans,1125000.0,29808.0,1125000.0,5.0,1.0,4.0,1325304.0,1100047.5,0.0,0.0,0.0,0.0,0.0,24.0,2046506.175,1646258.175,8.0,16.0,20.5,27.0,-400248.0,0.6666666666666666,0.8044237516165814,1.0,1.0,0.0,1350000.0,1350000.0,50031.0,0.0,,,,,,,,,,17.0,412.0,308.5,0.0,0.0,0.0,0.13248,4.8891,1.0,0.0,Tier_2,Other,2,0.6595294498812411,78845.85,4343.76,0.0,13717.06,27667.14,13088.17,10769.49,148431.47,29808.0,46760.53,21471.86,0.0954,450777.64,87599.95,0.0,51704.28,86,0.3483,0.0,0.0,0.0,0.0,1,1,560.14,0.9167,55521.15,28824.95,9428.76,0
370283,M,32.86789869952088,0,1.0,Single / not married,Secondary / secondary special,House / apartment,Y,Y,126000.0,Working,,Drivers,Self-employed,Cash loans,273636.0,15835.5,247500.0,6.0,1.0,5.0,237816.0,0.0,0.0,0.0,0.0,0.0,1.0,3.0,44363.925,44363.925,0.0,3.0,0.0,0.0,0.0,1.0,1.0,1.0,1.0,0.0,40243.5,40243.5,11211.03,17248.5,,,,,,,,,,5.0,15.0,9.0,0.0,0.0,0.0,0.1256785714285714,0.0,1.0,0.0,Tier_3,Salaried,2,0.6560043987921841,49132.14,1471.65,0.0,3766.9,14856.18,8937.71,19679.77,97844.35,15835.5,12320.15,7444.79,0.0591,147693.9,0.0,1251.9,42343.89,67,0.4328,0.0,0.0,967.06,0.0,0,0,0.0,0.0,10464.67,14382.79,-16180.05,4
122727,M,37.25941136208077,2,4.0,Married,Secondary / secondary special,House / apartment,Y,Y,225000.0,Working,,,Other,Cash loans,755190.0,56592.0,675000.0,7.0,2.0,5.0,3088314.0,546993.0,0.0,0.0,0.0,0.0,0.0,12.0,118027.89,118027.89,0.0,12.0,0.0,0.0,0.0,1.0,1.0,2.0,1.0,1.0,636012.0,636012.0,40069.44,10768.5,,,,,,,,,,13.0,132.0,64.66666666666667,0.0,0.0,0.0,0.25152,2.43108,0.5,0.0,Tier_2,Salaried,4,0.6909185508246869,110081.37,2797.99,15494.53,9634.39,9720.9,7727.5,15576.92,171033.6,56592.0,0.0,0.0,0.0,0.0,0.0,0.0,72295.18,92,0.4227,0.0,0.0,0.0,0.0,0,0,0.0,0.0,-9857.84,15740.37,-43661.74,9
355748,F,25.782340862423,1,2.0,Single / not married,Secondary / secondary special,House / apartment,Y,N,126000.0,Working,,Sales staff,Business Entity Type 3,Cash loans,640080.0,31261.5,450000.0,3.0,2.0,1.0,1533018.645,80073.0,0.0,0.0,0.0,0.0,0.0,7.0,43784.415,43784.415,0.0,7.0,0.0,0.0,0.0,1.0,1.0,2.0,1.0,1.0,147082.5,147082.5,16992.54,0.0,,,,,,,,,,8.0,40.0,25.666666666666668,0.0,0.0,0.0,0.2481071428571428,0.6355,0.5,0.0,Tier_1,Salaried,2,0.8131705734262615,64239.54,11654.23,4469.06,7784.12,10694.75,3617.78,2324.64,104784.12,31261.5,0.0,0.0,0.0,0.0,0.0,0.0,74677.57,330,0.7127,0.0,0.0,0.0,0.0,0,0,0.0,0.0,-20073.74,8715.08,-36157.6,12
438331,F,44.47091033538672,1,2.0,Single / not married,Secondary / secondary special,House / apartment,N,Y,90000.0,Pensioner,,,XNA,Cash loans,291915.0,12366.0,252000.0,5.0,1.0,4.0,1486223.235,749421.0,0.0,0.0,0.0,0.0,0.0,24.0,308690.41500000004,308690.41500000004,0.0,24.0,0.0,0.0,0.0,1.0,1.0,8.0,4.0,1.0,853996.5,550255.5,38055.465,13504.095,0.0,0.0,945000.0,0.0,0.0,0.0,0.0,0.0,0.0,26.0,470.0,380.0,0.0,0.0,0.0,0.1374,8.3269,0.5,0.0,Tier_2,Other,2,0.8047516110124893,53031.39,1317.61,4278.03,1066.55,9328.16,3405.91,4910.0,77337.65,12366.0,296.35,120.72,0.0013,2362.77,0.0,0.0,36954.09,55,0.4778,34.96,2079.46,0.0,0.0,0,0,0.0,0.0,-1689.04,8343.34,-22081.3,5
271118,M,35.331964407939765,2,4.0,Married,Secondary / secondary special,With parents,N,N,112500.0,Working,,Laborers,Business Entity Type 2,Cash loans,161730.0,13095.0,135000.0,1.0,1.0,0.0,94032.0,32042.79,0.0,0.0,0.0,0.0,0.0,34.0,237169.17,207567.405,4.0,30.0,41.0,41.0,-29601.765,0.8823529411764706,0.8751871290859601,10.0,5.0,1.0,547384.5,388798.5,36424.89000000001,5800.5,0.0,0.0,450000.0,0.0,0.0,0.0,0.0,0.0,0.0,33.0,435.0,290.5,0.0,0.0,0.0,0.1164,0.2848248,0.5,0.0,Tier_3,Salaried,5,0.654898381460807,32689.4,4309.35,11312.56,5541.32,9897.41,9926.02,13878.31,87554.37,13095.0,11850.63,5093.76,0.0453,254528.9,0.0,0.0,40136.96,126,0.4584,1096.21,10330.25,0.0,0.0,1,0,268.96,0.9167,12889.12,6281.12,1820.53,0
165776,M,57.1854893908282,0,2.0,Married,Secondary / secondary special,House / apartment,N,Y,157500.0,Working,10.713210130047912,Laborers,Business Entity Type 2,Cash loans,679500.0,22455.0,679500.0,3.0,3.0,0.0,2115000.0,0.0,0.0,0.0,0.0,0.0,1.0,22.0,611348.715,596999.5650000001,2.0,20.0,5.0,5.0,-14349.15,0.9090909090909092,0.9765286985186516,2.0,2.0,0.0,483403.5,483403.5,21773.97,10696.05,,,,,,,,,,22.0,559.5,464.5,0.0,0.0,0.0,0.1425714285714285,0.0,1.0,0.0,Tier_3,Salaried,2,0.5837210855643626,60803.89,1124.95,0.0,6987.13,9836.37,7799.45,15616.51,102168.3,22455.0,32876.7,15408.1,0.0978,535606.08,0.0,1781.18,30649.01,26,0.3,0.0,0.0,0.0,1724.47,1,0,248.03,1.0,29509.68,11085.77,7633.78,0
115042,M,46.1492128678987,2,4.0,Married,Secondary / secondary special,House / apartment,N,Y,135000.0,Working,,,Business Entity Type 3,Cash loans,269982.0,32170.5,238500.0,1.0,1.0,0.0,48244.5,14994.0,0.0,0.0,0.0,0.0,0.0,11.0,39636.225,39636.225,0.0,11.0,0.0,0.0,0.0,1.0,1.0,1.0,1.0,0.0,28624.5,28624.5,3320.46,6525.0,,,,,,,,,,12.0,110.0,50.5,0.0,0.0,0.0,0.2383,0.1110666666666666,1.0,0.0,Tier_1,Salaried,4,0.8289861331201988,70907.74,1682.3,7655.79,13281.73,11300.44,7085.13,6937.85,118850.98,32170.5,0.0,0.0,0.0,0.0,0.0,0.0,60621.26,252,0.5101,0.0,0.0,0.0,0.0,0,1,244.67,0.9167,-14931.17,9809.51,-29615.54,11
111200,F,61.0321697467488,0,2.0,Married,Lower secondary,House / apartment,N,N,45000.0,Pensioner,,,XNA,Cash loans,463500.0,13410.0,463500.0,,,,,,,,,,,,,,,,,,,,,,,,,,,,,,,,,,,,,,,,,,,0.298,,,,Tier_2,Other,2,0.790321148970001,19167.84,2184.82,0.0,1743.39,7603.26,1757.25,1687.6,34144.16,13410.0,0.0,0.0,0.0,0.0,0.0,0.0,14385.15,23,0.4213,0.0,0.0,0.0,0.0,0,0,0.0,0.0,-4509.66,6586.29,-16955.6,9
233397,F,51.80561259411362,0,2.0,Married,Higher education,House / apartment,Y,Y,180000.0,Working,11.734428473648189,Accountants,Business Entity Type 3,Revolving loans,315000.0,15750.0,315000.0,4.0,2.0,2.0,3639915.0,994783.5,0.0,0.0,0.0,0.0,0.0,28.0,321110.28,321110.28,0.0,28.0,0.0,0.0,0.0,1.0,1.0,5.0,3.0,0.0,341073.0,233480.25,24068.7225,19329.75,,,,,,,,,,31.0,381.0,217.0,0.0,0.0,0.0,0.0875,5.526575,0.6,0.0,Tier_3,Salaried,1,0.5682676260759604,76151.97,1588.47,0.0,4994.75,7280.89,5794.53,14097.73,109908.34,15750.0,54341.66,21127.53,0.1174,571873.38,0.0,0.0,47557.21,362,0.4327,0.0,0.0,1755.25,0.0,0,0,0.0,0.0,53995.01,7177.97,40595.47,0
206229,F,43.51266255989049,1,3.0,Married,Secondary / secondary special,House / apartment,Y,Y,360000.0,Working,7.356605065023956,Managers,Business Entity Type 3,Cash loans,1125000.0,33025.5,1125000.0,6.0,2.0,4.0,5341629.285,1203691.77,0.0,0.0,0.0,0.0,0.0,23.0,260899.2,218727.045,5.0,18.0,10.0,10.0,-42172.155,0.782608695652174,0.8383584349817861,2.0,2.0,0.0,206127.0,206127.0,20311.605,0.0,,,,,,,,,,22.0,213.0,110.0,0.0,0.0,0.0,0.0917375,3.3435882500000003,1.0,0.0,Tier_1,Salaried,3,0.7638081694864911,151127.33,8190.5,46293.89,23999.72,27544.57,17814.94,16515.72,291486.67,33025.5,35487.83,14415.67,0.04,679977.55,94378.52,1817.52,147893.49,289,0.5074,0.0,0.0,0.0,0.0,0,0,0.0,0.0,36080.13,27661.69,-30448.04,1
251061,M,37.3388090349076,1,2.0,Separated,Higher education,House / apartment,N,Y,360000.0,Commercial associate,,High skill tech staff,Business Entity Type 3,Cash loans,534204.0,29956.5,495000.0,3.0,2.0,1.0,3645000.0,224955.0,43.425,0.0,0.0,0.0,0.0,12.0,344010.825,317506.68,3.0,9.0,4.0,4.0,-26504.145,0.75,0.9229554912988566,3.0,1.0,0.0,598779.0,598779.0,56691.54,29250.0,,,,,,,,,,12.0,131.0,67.0,0.0,0.0,0.0,0.0832125,0.624875,0.3333333333333333,0.0,Tier_3,Other,1,0.6221887797618292,124843.86,2269.04,29746.86,12668.84,42717.32,11742.04,34509.74,258497.7,29956.5,71545.8,36178.41,0.1005,267964.01,0.0,0.0,133455.77,182,0.5163,0.0,0.0,0.0,0.0,1,0,689.76,1.0,68599.89,31891.36,13506.36,0
261328,F,45.14442162902122,0,1.0,Single / not married,Higher education,House / apartment,N,Y,112500.0,Commercial associate,,,Business Entity Type 3,Cash loans,313438.5,29434.5,283500.0,1.0,0.0,1.0,62302.5,0.0,0.0,0.0,0.0,0.0,0.0,,,,,,,,,,,,,,,,,,,,,,,,,,,,,,,,,0.26164,0.0,,0.0,Tier_3,Other,2,0.45670884642566173,25914.22,1797.29,0.0,9269.43,6419.21,3859.31,8495.99,55755.45,29434.5,27310.05,11574.16,0.1029,69983.62,0.0,0.0,19647.71,111,0.3524,0.0,0.0,0.0,0.0,1,0,184.21,0.8333,25420.45,15650.04,-6443.14,1
182205,M,53.02669404517454,0,2.0,Married,Secondary / secondary special,House / apartment,N,Y,90000.0,Working,7.649555099247091,Laborers,Self-employed,Cash loans,143910.0,15241.5,135000.0,3.0,0.0,3.0,475572.105,0.0,0.0,0.0,0.0,0.0,0.0,33.0,143203.275,138617.46,1.0,32.0,25.0,25.0,-4585.815,0.9696969696969696,0.967976884606864,2.0,2.0,0.0,74452.5,74452.5,7789.995,10665.0,1284143.445,1304381.88,1845000.0,234452.52,101241.09,60745.86,7.954547533333334,8.0,0.0,7.0,42.0,21.0,0.0,0.0,0.0,0.16935,0.0,1.0,0.0,Tier_3,Salaried,2,0.6499028905346518,30218.72,1164.48,0.0,10600.17,7950.27,5112.22,8231.98,63277.84,15241.5,11480.66,8522.53,0.0947,201636.27,0.0,701.86,27332.97,38,0.432,927.79,42937.53,0.0,500.38,0,1,141.67,1.0,13754.21,6957.1,5577.91,0
336867,M,39.87132101300479,1,3.0,Civil marriage,Secondary / secondary special,House / apartment,Y,Y,202500.0,Working,2.915811088295688,Laborers,Construction,Cash loans,288000.0,14832.0,288000.0,9.0,3.0,6.0,901688.67,349420.5,45000.0,0.0,0.0,0.0,0.0,40.0,269646.84,269646.84,0.0,40.0,0.0,0.0,0.0,1.0,1.0,6.0,3.0,1.0,847287.0,778819.5,45786.825,0.0,666902.5650000001,666902.5650000001,1012500.0,117900.0,15753.6,25514.28,5.928022800000001,0.0,0.0,28.0,438.0,296.5,0.0,0.0,0.0,0.0732444444444444,1.7255333333333334,0.5,0.0,Tier_1,Salaried,4,0.7781919176049616,93378.29,6509.44,7512.74,19164.31,22981.67,8037.41,3728.84,161312.7,14832.0,26355.3,15871.14,0.0784,364350.64,0.0,0.0,59132.17,177,0.3666,1319.7,69285.5,1655.91,0.0,1,0,418.2,1.0,26594.4,18031.4,-1668.21,1
283086,F,36.71457905544148,0,1.0,Single / not married,Higher education,House / apartment,N,N,103500.0,Working,11.775496235455169,Core staff,Government,Cash loans,508495.5,22396.5,454500.0,8.0,2.0,6.0,3074220.0,388233.0,0.0,0.0,0.0,0.0,0.0,18.0,167288.98500000002,167288.98500000002,0.0,18.0,0.0,0.0,0.0,1.0,1.0,4.0,4.0,0.0,577165.5,577165.5,50242.905,68028.61499999999,0.0,0.0,5572500.0,0.0,0.0,0.0,0.0,0.0,0.0,22.0,181.0,110.0,0.0,0.0,0.0,0.216391304347826,3.7510434782608697,1.0,0.0,Tier_3,Salaried,1,0.6391554081259416,35891.97,9561.28,0.0,5093.86,6089.59,3485.93,3339.03,63461.66,22396.5,17641.84,7354.61,0.0711,198186.89,0.0,0.0,40083.07,58,0.6316,0.0,0.0,0.0,0.0,1,0,226.65,0.75,12942.41,6628.98,-232.59,1
199192,F,36.28199863107461,2,3.0,Single / not married,Secondary / secondary special,House / apartment,N,Y,45000.0,Working,,Private service staff,Services,Cash loans,68760.0,3474.0,45000.0,6.0,2.0,4.0,159210.72,0.0,0.0,0.0,0.0,0.0,0.0,19.0,90434.025,90434.025,0.0,19.0,0.0,0.0,0.0,1.0,1.0,2.0,2.0,0.0,121513.5,121513.5,11683.755,0.0,269360.1,301524.525,787500.0,75961.755,1423.08,8982.81,2.65510725,0.0,0.0,8.0,96.0,68.0,0.0,0.0,0.0,0.0772,0.0,1.0,0.0,Tier_3,Salaried,2,0.8046309837794143,23792.68,840.26,2256.98,1653.76,4780.13,2884.57,1854.3,38062.68,3474.0,3463.32,1453.91,0.0323,13283.94,0.0,0.0,20297.02,58,0.5333,0.0,0.0,0.0,0.0,1,0,56.02,1.0,3140.5,2770.1,-2018.22,1
423175,F,57.52498288843258,0,2.0,Married,Secondary / secondary special,House / apartment,N,Y,450000.0,Pensioner,,,XNA,Cash loans,165915.0,10278.0,126000.0,6.0,6.0,0.0,2546806.005,2172102.12,9605.88,0.0,0.0,0.0,0.0,35.0,1427628.825,1727071.11,5.0,30.0,18.5,23.0,299442.285,0.8571428571428571,1.2097479959470558,6.0,2.0,3.0,3220974.0,2253123.0,126751.5,0.0,,,,,,,,,,32.0,840.0,648.5,0.0,0.0,0.0,0.02284,4.8268936,0.3333333333333333,0.0,Tier_2,Other,1,0.564365431757747,153230.35,4052.65,0.0,15633.68,33941.83,14569.65,39348.59,260776.75,10278.0,178945.25,107141.41,0.2381,1779528.61,646295.73,18570.99,103245.25,170,0.3959,14679.9,59049.22,0.0,0.0,0,0,0.0,0.0,172400.28,43183.5,122934.19,0
142199,F,49.44558521560575,0,2.0,Married,Secondary / secondary special,House / apartment,N,Y,126000.0,Working,4.350444900752909,Drivers,Electricity,Cash loans,247675.5,19989.0,229500.0,3.0,1.0,2.0,2058120.0,1202082.975,0.0,0.0,0.0,0.0,0.0,22.0,270062.955,316300.005,4.0,18.0,11.0,11.0,46237.04999999998,0.8181818181818182,1.1712084132383132,1.0,1.0,0.0,208449.0,208449.0,13804.74,0.0,,,,,,,,,,19.0,306.0,162.33333333333334,0.0,0.0,0.0,0.1586428571428571,9.540341071428571,1.0,0.0,Tier_3,Salaried,1,0.5293293616881263,47552.91,1052.7,0.0,4412.75,5303.83,5957.23,8672.09,72951.51,19989.0,33059.49,13816.69,0.1097,134925.66,29131.1,0.0,28772.14,51,0.3944,2637.56,162781.11,1744.01,0.0,0,1,133.37,0.8333,31174.22,9617.67,10852.17,0
400227,F,47.08829568788501,1,3.0,Married,Higher education,House / apartment,N,Y,157500.0,Working,10.715947980835043,Core staff,School,Cash loans,399559.5,31050.0,342000.0,17.0,8.0,9.0,8007219.0,3495690.0,0.0,0.0,0.0,0.0,0.0,6.0,39212.19,39212.19,0.0,6.0,0.0,0.0,0.0,1.0,1.0,2.0,1.0,1.0,53059.5,53059.5,10818.81,5728.5,,,,,,,,,,8.0,48.0,21.0,0.0,0.0,0.0,0.1971428571428571,22.194857142857146,0.5,0.0,Tier_2,Salaried,3,0.5961911126824443,66697.27,2035.65,3083.15,3099.31,13621.25,5363.46,15664.06,109564.15,31050.0,16885.85,4113.49,0.0261,119775.7,0.0,681.23,60782.8,118,0.5548,0.0,0.0,0.0,0.0,1,0,155.56,0.75,22258.44,10571.83,9562.23,0
387401,F,28.21902806297057,0,2.0,Civil marriage,Secondary / secondary special,Rented apartment,N,N,81000.0,Commercial associate,,Sales staff,Business Entity Type 3,Cash loans,301500.0,18216.0,301500.0,1.0,0.0,1.0,14895.0,0.0,0.0,0.0,0.0,0.0,0.0,8.0,46248.12,46248.12,0.0,8.0,0.0,0.0,0.0,1.0,1.0,2.0,2.0,0.0,93069.0,93069.0,8031.015,0.0,0.0,0.0,675000.0,0.0,0.0,0.0,0.0,0.0,0.0,8.0,50.0,32.5,0.0,0.0,0.0,0.2248888888888889,0.0,1.0,0.0,Tier_2,Other,1,0.6787376926244654,25559.97,3188.03,0.0,6189.74,12634.0,4406.76,6900.18,58878.68,18216.0,3905.32,2175.7,0.0269,64746.21,0.0,0.0,20929.91,33,0.3555,0.0,0.0,0.0,0.0,1,0,83.67,0.8333,4362.37,12371.08,-22972.42,4
273952,F,36.39425051334703,0,2.0,Married,Secondary / secondary special,House / apartment,Y,N,247500.0,Working,3.490759753593429,Accountants,Business Entity Type 3,Cash loans,1354500.0,41067.0,1354500.0,,,,,,,,,,,28.0,1405633.23,1376598.9149999998,1.0,27.0,4.0,4.0,-29034.315,0.9642857142857144,0.9793443165824984,1.0,1.0,0.0,935095.5,935095.5,29034.315,0.0,,,,,,,,,,28.0,999.0,743.5,0.0,0.0,0.0,0.1659272727272727,,1.0,,Tier_3,Salaried,2,0.5832612554677159,81618.06,12726.12,0.0,22968.54,11178.12,7882.83,15918.73,152292.4,41067.0,54140.6,29361.79,0.1186,905932.41,0.0,0.0,68310.42,92,0.4485,0.0,0.0,0.0,4375.23,0,0,0.0,0.0,61414.84,15504.05,37422.34,0
426593,F,42.86926762491444,0,1.0,Widow,Higher education,House / apartment,N,N,337500.0,Working,,Sales staff,Business Entity Type 3,Cash loans,450000.0,21888.0,450000.0,10.0,7.0,3.0,3557695.5,2564980.245,420961.455,0.0,0.0,0.0,0.0,105.0,3065619.06,3075570.3600000003,1.0,104.0,1.0,1.0,9951.3,0.9904761904761904,1.0032460980328066,10.0,8.0,1.0,2542360.5,2252574.0,141686.685,21267.0,,,,,,,,,,112.0,1488.9166666666667,1047.3833333333334,0.0,0.0,0.0,0.0648533333333333,7.599941466666667,0.8,0.0,Tier_1,Salaried,1,0.7891478069016482,133699.5,30681.18,0.0,26980.71,40308.29,15869.89,11071.69,258611.26,21888.0,57000.74,32139.26,0.0952,915779.92,0.0,0.0,156779.73,587,0.6062,4481.41,218947.21,0.0,0.0,0,0,0.0,0.0,54740.12,32237.44,1128.21,0
419119,F,31.59206023271732,1,2.0,Single / not married,Higher education,House / apartment,N,Y,112500.0,Working,9.24845995893224,Core staff,Trade: type 7,Cash loans,601470.0,25614.0,450000.0,3.0,0.0,3.0,297211.5,0.0,0.0,0.0,0.0,0.0,0.0,11.0,68481.18,68481.18,0.0,11.0,0.0,0.0,0.0,1.0,1.0,1.0,1.0,0.0,53955.0,53955.0,5725.17,0.0,,,,,,,,,,13.0,119.0,65.0,0.0,0.0,0.0,0.22768,0.0,1.0,0.0,Tier_3,Salaried,2,0.6413944058119752,48711.08,2590.53,3788.56,4337.38,4864.9,7864.43,12115.87,84272.75,25614.0,2613.25,1293.02,0.0115,11611.88,0.0,0.0,26230.55,53,0.3113,240.73,1557.78,0.0,0.0,0,0,0.0,0.0,4751.16,8968.03,-5371.38,5
207014,F,49.379876796714576,0,2.0,Married,Secondary / secondary special,Municipal apartment,N,Y,108000.0,Working,,Core staff,Kindergarten,Cash loans,808650.0,24732.0,675000.0,4.0,2.0,2.0,3472051.5,2611948.5,0.0,0.0,0.0,0.0,0.0,95.0,1381516.83,1356681.465,11.0,84.0,32.5,36.0,-24835.365000000005,0.8842105263157894,0.9820231180245556,2.0,2.0,0.0,667422.0,667422.0,36085.365000000005,0.0,7360548.5475,7962801.3,9168750.0,758272.635,758205.0,348487.8075,17.910875575,0.0,0.0,24.0,456.0,210.5,1.0,9.0,0.0,0.229,24.184708333333333,1.0,0.0,Tier_3,Salaried,2,0.5123447228718186,39401.48,779.88,0.0,1924.93,6169.31,4637.31,5687.66,58600.57,24732.0,24667.43,12696.41,0.1176,183222.43,43094.42,0.0,20141.65,43,0.3437,0.0,0.0,0.0,0.0,1,0,174.74,0.9167,23313.5,6254.14,8617.12,0
429864,M,32.47638603696099,0,2.0,Married,Secondary / secondary special,With parents,Y,N,180000.0,Working,2.8993839835728954,Drivers,Business Entity Type 3,Cash loans,1006920.0,39933.0,900000.0,6.0,3.0,3.0,326725.065,80154.0,135000.0,0.0,0.0,0.0,0.0,21.0,126015.165,99467.325,4.0,17.0,60.0,60.0,-26547.84,0.8095238095238095,0.7893282129972213,3.0,3.0,0.0,595629.0,330158.25,24716.16,3105.0,,,,,,,,,,19.0,164.0,77.0,3.0,23.0,0.0,0.22185,0.4453,1.0,0.0,Tier_3,Salaried,2,0.676470552683495,62949.9,15188.97,0.0,4898.17,10008.63,12258.69,18718.73,124023.09,39933.0,16043.91,5251.05,0.0292,180788.26,0.0,0.0,50119.62,65,0.4041,0.0,0.0,448.96,380.31,0,0,0.0,0.0,18671.34,13579.07,-14387.42,1
444445,M,33.70841889117043,1,3.0,Married,Higher education,House / apartment,N,N,262647.0,Working,5.02943189596167,,School,Cash loans,568800.0,15772.5,450000.0,2.0,1.0,1.0,4275000.0,2622681.0,0.0,0.0,0.0,0.0,0.0,22.0,280350.0,280350.0,2.0,20.0,8.0,8.0,0.0,0.9090909090909092,1.0,13.0,2.0,11.0,10666750.5,8882581.5,327558.24,17154.0,3774775.23,3774775.23,7200000.0,654444.27,141537.015,160615.71,8.3883894,0.0,0.0,,,,,,,0.0600520851180481,9.985573792961656,0.1538461538461538,0.0,Tier_2,Salaried,3,0.6571297460128221,92851.52,14613.22,18531.59,7304.48,25929.99,13362.36,22866.05,195459.21,15772.5,51415.29,24372.92,0.0928,345921.73,0.0,4373.0,86480.09,191,0.4424,0.0,0.0,2257.06,0.0,0,0,0.0,0.0,58107.87,15568.76,35138.03,0
292573,M,29.50308008213552,0,1.0,Single / not married,Secondary / secondary special,Office apartment,Y,Y,189715.5,Commercial associate,4.427104722792608,Sales staff,Trade: type 2,Cash loans,1350000.0,37255.5,1350000.0,,,,,,,,,,,89.0,1241771.175,1225769.895,1.0,88.0,1.0,1.0,-16001.28,0.9887640449438202,0.9871141476609006,30.0,8.0,20.0,31481685.0,14677189.125,422928.45,4995.0,2338612.9875,2436259.32,3600000.0,593403.7050000001,523614.915,137500.695,6.4961471875,0.0,0.0,73.0,877.9,634.2166666666667,0.0,0.0,0.0,0.196375625607818,,0.2666666666666666,,Tier_2,Other,1,0.6114400521481319,65255.03,2692.81,0.0,19991.62,18501.53,5855.21,19880.34,132176.54,37255.5,20283.46,10407.19,0.0549,78283.3,20166.4,0.0,32713.29,122,0.2475,0.0,0.0,0.0,0.0,0,0,0.0,0.0,10858.05,16665.75,-11918.13,4
194220,M,63.4031485284052,0,2.0,Civil marriage,Secondary / secondary special,House / apartment,N,Y,90000.0,Pensioner,,,XNA,Cash loans,566055.0,16681.5,472500.0,,,,,,,,,,,64.0,550759.0499999999,607968.1799999999,4.0,60.0,5.5,9.0,57209.130000000005,0.9375,1.103873245478218,8.0,7.0,1.0,653737.5,592141.5,52304.5125,51014.7,,,,,,,,,,68.0,697.6666666666666,384.3333333333333,0.0,0.0,0.0,0.18535,,0.875,,Tier_3,Other,2,0.6492619080268391,33481.62,1014.18,0.0,5378.37,10683.54,3173.28,6242.65,59973.64,16681.5,13344.86,8279.47,0.092,67778.87,0.0,0.0,22899.8,69,0.3818,0.0,0.0,0.0,0.0,0,0,0.0,0.0,10897.04,7289.65,-4792.48,1
297482,F,29.40177960301164,1,3.0,Civil marriage,Secondary / secondary special,Municipal apartment,N,N,112500.0,Commercial associate,7.84394250513347,Laborers,Construction,Cash loans,439740.0,23985.0,315000.0,,,,,,,,,,,8.0,383650.245,383650.245,0.0,8.0,0.0,0.0,0.0,1.0,1.0,4.0,2.0,0.0,338395.5,181345.5,22046.535,2700.0,,,,,,,,,,14.0,114.0,83.0,0.0,0.0,0.0,0.2132,,0.5,,Tier_2,Other,4,0.6982967046894215,40364.45,6509.05,4814.53,11802.66,9905.8,5161.88,10156.61,88714.98,23985.0,0.0,0.0,0.0,0.0,0.0,0.0,45604.97,48,0.5141,0.0,0.0,0.0,0.0,1,1,375.85,0.9167,-4629.5,10732.63,-17798.25,9
252752,F,55.73169062286105,0,2.0,Married,Secondary / secondary special,House / apartment,N,Y,135000.0,Commercial associate,10.231348391512665,,Business Entity Type 3,Cash loans,1130760.0,33192.0,810000.0,,,,,,,,,,,6.0,382976.73,382976.73,0.0,6.0,0.0,0.0,0.0,1.0,1.0,2.0,2.0,0.0,412258.5,412258.5,40031.82,40810.5,0.0,0.0,495000.0,0.0,0.0,0.0,0.0,0.0,0.0,7.0,78.0,57.0,0.0,0.0,0.0,0.2458666666666666,,1.0,,Tier_1,Other,2,0.6238545496373428,32395.37,5874.33,0.0,3810.15,12086.42,8733.66,6604.43,69504.36,33192.0,32303.64,10660.25,0.079,264921.65,0.0,0.0,16210.95,46,0.2332,0.0,0.0,0.0,1088.73,0,0,0.0,0.0,35358.42,11044.69,19723.67,0
154094,F,40.74743326488706,0,2.0,Married,Secondary / secondary special,House / apartment,Y,N,99000.0,Working,14.940451745379876,Cooking staff,Other,Cash loans,1011955.5,43006.5,904500.0,7.0,3.0,4.0,1424556.675,236365.29,82350.0,125.55,139.0,1.0,0.0,20.0,417461.13,417461.13,0.0,20.0,0.0,0.0,0.0,1.0,1.0,5.0,5.0,0.0,571959.0,571959.0,83902.14000000001,39692.25,,,,,,,,,,26.0,221.0,153.5,0.0,0.0,0.0,0.4344090909090909,2.387528181818182,1.0,8.813268169902752e-05,Tier_2,Salaried,2,0.7684947810723192,33715.72,11638.91,0.0,5344.46,9355.93,6033.57,5391.46,71480.05,43006.5,0.0,0.0,0.0,0.0,0.0,0.0,39778.59,42,0.5565,0.0,0.0,0.0,0.0,1,0,69.69,0.9167,-14633.94,6546.33,-27062.38,11
270707,F,57.31416837782341,0,1.0,Separated,Secondary / secondary special,House / apartment,N,N,126000.0,State servant,7.5482546201232035,Waiters/barmen staff,Government,Cash loans,855882.0,36261.0,765000.0,4.0,2.0,2.0,872122.5,335587.5,0.0,0.0,0.0,0.0,0.0,4.0,49688.415,49688.415,0.0,4.0,0.0,0.0,0.0,1.0,1.0,1.0,1.0,0.0,47007.0,47007.0,12422.52,19467.0,,,,,,,,,,5.0,20.0,10.0,0.0,0.0,0.0,0.2877857142857143,2.663392857142857,1.0,0.0,Tier_2,Salaried,1,0.6209235720174365,42019.15,3436.98,0.0,10753.71,9568.53,5071.8,14047.88,84898.05,36261.0,4840.95,2738.38,0.0217,73215.99,0.0,0.0,49972.95,67,0.5886,536.63,15773.86,0.0,230.09,1,0,126.38,0.8333,9934.66,6767.91,-5228.03,1
349653,M,55.07186858316222,0,2.0,Married,Higher education,House / apartment,Y,Y,450000.0,Pensioner,,,XNA,Revolving loans,1350000.0,67500.0,1350000.0,,,,,,,,,,,,,,,,,,,,,,,,,,,,,,,,,,,,,,,,,,,0.15,,,,Tier_2,Other,2,0.5866735523170246,168767.76,5411.82,0.0,25618.33,24449.43,22760.73,45988.68,292996.75,67500.0,89503.25,48834.38,0.1085,716727.35,0.0,0.0,65708.63,42,0.2243,7823.11,105683.78,0.0,0.0,0,0,0.0,0.0,75653.29,54690.53,-42926.26,1
263181,F,40.41615331964408,1,3.0,Civil marriage,Higher education,House / apartment,N,Y,360000.0,Commercial associate,,High skill tech staff,Business Entity Type 3,Cash loans,900000.0,32458.5,900000.0,2.0,2.0,0.0,1633500.0,0.0,0.0,0.0,0.0,0.0,0.0,61.0,1854113.85,1854113.85,1.0,60.0,1.0,1.0,0.0,0.9836065573770492,1.0,3.0,3.0,0.0,1181110.5,1181110.5,84505.23,0.0,9318853.00125,9900284.985,18000000.0,1670157.54,1745347.86,439761.58875,10.3542811125,0.0,0.0,7.0,42.0,17.0,0.0,0.0,0.0,0.0901625,0.0,1.0,0.0,Tier_3,Other,4,0.6946647872512717,163101.0,4211.65,16250.41,9389.66,38146.38,18980.23,14879.25,264958.58,32458.5,62582.92,24221.33,0.0673,349526.64,0.0,2176.73,126999.88,142,0.4793,0.0,0.0,3029.34,0.0,1,0,499.47,0.9167,69940.31,31940.63,20307.71,0
185988,M,28.44079397672827,0,2.0,Married,Secondary / secondary special,House / apartment,Y,Y,81000.0,Working,,Core staff,Self-employed,Cash loans,246357.0,29367.0,234000.0,1.0,0.0,1.0,32395.5,0.0,0.0,0.0,0.0,0.0,0.0,6.0,192737.65500000003,192737.65500000003,0.0,6.0,0.0,0.0,0.0,1.0,1.0,5.0,3.0,2.0,455292.0,455292.0,58591.44,0.0,,,,,,,,,,9.0,82.0,65.0,0.0,0.0,0.0,0.3625555555555556,0.0,0.6,0.0,Tier_1,Salaried,1,0.7175457040028633,45603.44,1481.4,0.0,2602.73,3534.41,2027.23,4530.85,59780.06,29367.0,0.0,0.0,0.0,0.0,0.0,0.0,24691.79,34,0.413,0.0,0.0,0.0,0.0,0,0,0.0,0.0,-9030.28,5505.21,-15986.87,11
334548,F,30.61738535249829,0,2.0,Married,Secondary / secondary special,Municipal apartment,N,N,157500.0,Working,8.793976728268309,Sales staff,Business Entity Type 3,Cash loans,755190.0,38556.0,675000.0,15.0,7.0,8.0,1523822.085,645377.94,266465.29500000004,0.0,0.0,0.0,0.0,36.0,1918373.85,1972373.85,0.0,36.0,0.0,0.0,54000.0,1.0,1.0281488407486372,13.0,3.0,4.0,4322857.5,3752847.0,251117.325,12595.5,0.0,0.0,2160000.0,0.0,0.0,0.0,0.0,0.0,0.0,37.0,860.5,512.0,0.0,0.0,0.0,0.2448,4.097637714285714,0.2307692307692307,0.0,Tier_2,Salaried,2,0.7386681312836021,56991.77,14473.18,0.0,7690.49,17412.27,6525.37,12986.79,116079.87,38556.0,2864.13,1387.15,0.0088,29660.53,0.0,0.0,70504.31,121,0.6074,0.0,0.0,0.0,0.0,0,0,0.0,0.0,2460.71,9125.71,-17071.24,4
311443,M,47.83572895277207,1,2.0,Single / not married,Secondary / secondary special,House / apartment,N,Y,112500.0,Working,,Low-skill Laborers,Agriculture,Cash loans,254700.0,27558.0,225000.0,,,,,,,,,,,7.0,166885.29,166885.29,0.0,7.0,0.0,0.0,0.0,1.0,1.0,5.0,2.0,3.0,668713.5,668713.5,79845.16500000001,18360.0,,,,,,,,,,10.0,39.33333333333333,27.0,0.0,0.0,0.0,0.24496,,0.4,,Tier_3,Salaried,3,0.571621129901383,26435.99,670.67,16640.21,4603.68,9949.73,6007.1,5372.92,69680.3,27558.0,15261.7,8609.16,0.0765,224627.17,0.0,0.0,27578.11,51,0.3958,1748.01,60783.25,0.0,0.0,1,1,236.19,0.9167,17826.32,6270.8,7119.73,0
312489,F,50.33264887063656,0,2.0,Married,Higher education,House / apartment,Y,Y,270000.0,State servant,,Core staff,Kindergarten,Cash loans,1339884.0,36976.5,1170000.0,3.0,2.0,1.0,244660.86,37116.0,0.0,0.0,0.0,0.0,0.0,15.0,75757.275,75757.275,0.0,15.0,0.0,0.0,0.0,1.0,1.0,2.0,1.0,0.0,139360.5,139360.5,5050.485,0.0,,,,,,,,,,15.0,312.0,214.5,0.0,0.0,0.0,0.13695,0.1374666666666666,0.5,0.0,Tier_3,Salaried,1,0.593841742593588,106530.49,1647.33,0.0,6375.49,16356.37,19440.61,24024.24,174374.53,36976.5,58648.97,34279.97,0.127,624098.53,0.0,0.0,79618.0,236,0.4566,0.0,0.0,3212.85,0.0,0,0,0.0,0.0,54692.37,23552.25,9752.21,0
360722,M,37.034907597535934,1,3.0,Married,Secondary / secondary special,House / apartment,Y,N,225000.0,Commercial associate,9.801505817932922,Core staff,Self-employed,Cash loans,2695500.0,71235.0,2250000.0,1.0,1.0,0.0,900000.0,720000.0,0.0,0.0,0.0,0.0,0.0,,,,,,,,,,,,,,,,,,,,,,,,,,,,,,,,,0.3166,3.2,,0.0,Tier_2,Other,3,0.6058603843008801,73975.97,16705.31,7226.36,12309.56,14839.57,11261.81,20890.4,157208.98,71235.0,0.0,0.0,0.0,0.0,0.0,0.0,114458.63,304,0.7281,0.0,0.0,0.0,0.0,0,0,0.0,0.0,4136.23,28813.84,-57542.36,4
104307,M,45.3305954825462,2,4.0,Married,Secondary / secondary special,With parents,Y,N,144000.0,Working,8.744695414099931,Laborers,Business Entity Type 3,Cash loans,1183963.5,34749.0,927000.0,1.0,1.0,0.0,945000.0,0.0,0.0,0.0,0.0,0.0,0.0,55.0,472751.865,413836.425,10.0,45.0,28.5,32.0,-58915.44,0.8181818181818182,0.8753776677327333,5.0,4.0,1.0,539572.5,438023.25,37474.2225,7521.3,,,,,,,,,,56.0,583.0,282.6666666666667,1.0,6.0,6.0,0.2413125,0.0,0.8,0.0,Tier_2,Salaried,4,0.7220018945598572,55815.68,13430.16,7443.53,6516.99,9657.41,11104.49,17408.54,121376.8,34749.0,0.0,0.0,0.0,0.0,0.0,0.0,49640.54,326,0.409,0.0,0.0,0.0,0.0,0,1,244.96,0.8333,-12587.98,16262.86,-44717.06,9
156237,F,41.711156741957566,0,1.0,Separated,Secondary / secondary special,House / apartment,N,N,225000.0,Working,6.023271731690623,,Self-employed,Cash loans,832500.0,24471.0,832500.0,1.0,1.0,0.0,558000.0,111460.5,0.0,0.0,0.0,0.0,0.0,64.0,576463.68,569275.695,1.0,63.0,7.0,7.0,-7187.985,0.984375,0.9875308970029124,6.0,5.0,1.0,957568.5,957568.5,110259.63,35541.045,,,,,,,,,,66.0,773.3333333333334,411.6666666666667,0.0,0.0,0.0,0.10876,0.49538,0.8333333333333334,0.0,Tier_1,Salaried,1,0.6991844388154739,85397.09,26505.1,0.0,8843.57,15913.77,15870.13,16615.22,169144.88,24471.0,31384.12,15803.68,0.0702,160861.71,0.0,0.0,106089.8,149,0.6272,0.0,0.0,0.0,0.0,0,0,0.0,0.0,27781.74,18389.45,-3681.94,1
235192,F,44.85694729637235,0,2.0,Married,Higher education,House / apartment,N,Y,540000.0,Commercial associate,,,Business Entity Type 3,Cash loans,1327500.0,38812.5,1327500.0,5.0,4.0,1.0,38493000.0,17324460.0,0.0,0.0,0.0,0.0,0.0,4.0,195918.975,195918.975,0.0,4.0,0.0,0.0,0.0,1.0,1.0,1.0,1.0,0.0,186390.0,186390.0,32929.515,0.0,,,,,,,,,,6.0,32.0,18.0,0.0,0.0,0.0,0.071875,32.08233333333333,1.0,0.0,Tier_1,Other,2,0.7111545658142516,248980.61,10323.1,0.0,44111.91,47954.95,24787.98,26659.75,402818.3,38812.5,98369.2,51491.3,0.0954,1623129.73,0.0,0.0,264422.55,1311,0.6564,0.0,0.0,0.0,0.0,0,0,0.0,0.0,77551.84,37993.88,4469.46,0
439862,M,24.75564681724846,1,3.0,Married,Secondary / secondary special,House / apartment,Y,Y,180000.0,Working,,Laborers,Business Entity Type 3,Cash loans,254700.0,28867.5,225000.0,6.0,2.0,4.0,1335127.455,466195.5,0.0,0.0,0.0,0.0,0.0,6.0,34271.955,34271.955,0.0,6.0,0.0,0.0,0.0,1.0,1.0,1.0,1.0,0.0,30843.0,30843.0,3112.965,7709.715,,,,,,,,,,7.0,54.0,37.5,0.0,0.0,0.0,0.160375,2.589975,1.0,0.0,Tier_3,Salaried,3,0.6298651832776193,64301.71,1432.15,17483.82,6950.42,16994.21,6213.41,11457.65,124833.37,28867.5,26299.13,9639.13,0.0536,17947.72,0.0,0.0,61888.83,177,0.4958,0.0,0.0,0.0,0.0,1,0,359.26,0.9167,19394.02,14775.24,-7492.79,2
242248,F,45.451060917180016,0,1.0,Separated,Secondary / secondary special,House / apartment,N,Y,202500.0,Commercial associate,5.724845995893224,,Business Entity Type 3,Cash loans,312768.0,19030.5,270000.0,5.0,3.0,2.0,2734767.0,2020414.5,0.0,0.0,0.0,0.0,0.0,14.0,140177.61,120160.755,4.0,10.0,8.0,8.0,-20016.855000000003,0.7142857142857143,0.8572036218908283,7.0,2.0,1.0,404275.5,381775.5,37049.58,0.0,0.0,0.0,900000.0,0.0,0.0,0.0,0.0,0.0,0.0,14.0,156.0,71.0,0.0,0.0,0.0,0.0939777777777777,9.977355555555556,0.2857142857142857,0.0,Tier_2,Other,2,0.6218586029955289,69478.93,3084.54,0.0,6543.7,16443.08,10764.06,12939.55,119253.86,19030.5,64215.64,24837.33,0.1227,535472.32,0.0,0.0,52745.13,82,0.4423,4312.02,77464.3,0.0,0.0,0,0,0.0,0.0,57645.18,16432.53,27580.79,0
454322,F,33.62354551676933,1,3.0,Civil marriage,Secondary / secondary special,With parents,N,N,90000.0,Working,7.723477070499658,,Construction,Cash loans,242595.0,12514.5,202500.0,8.0,2.0,6.0,946173.555,314311.5,68454.585,0.0,0.0,0.0,0.0,31.0,214889.535,208034.28,1.0,30.0,2.0,2.0,-6855.255000000001,0.967741935483871,0.9680987024333224,6.0,4.0,1.0,698067.0,348837.0,21134.22,2137.5,,,,,,,,,,33.0,440.5,250.0,0.0,0.0,0.0,0.13905,3.49235,0.6666666666666666,0.0,Tier_1,Salaried,3,0.7960633755002238,38789.55,9536.14,5258.42,6676.1,8095.54,3289.95,5588.4,77234.1,12514.5,251.4,115.29,0.0013,2454.0,0.0,0.0,40858.17,280,0.529,0.0,0.0,0.0,0.0,0,0,0.0,0.0,-1809.81,7353.9,-14347.82,6
236887,F,29.281314168377826,2,4.0,Married,Higher education,House / apartment,Y,N,202500.0,State servant,6.976043805612594,Core staff,Police,Cash loans,286704.0,20812.5,247500.0,2.0,2.0,0.0,470250.0,310680.0,146250.0,0.0,0.0,0.0,0.0,,,,,,,,,,,,,,,,,,,,,,,,,,,,,,,,,0.1027777777777777,1.5342222222222222,,0.0,Tier_1,Salaried,5,0.8175799093129759,86548.75,26653.42,9100.18,16278.08,18709.93,8269.57,5977.06,171536.99,20812.5,10150.51,5451.27,0.0269,26299.47,0.0,0.0,114614.2,230,0.6682,882.88,21967.18,0.0,349.99,0,0,0.0,0.0,12178.57,20572.27,-33169.53,2
153553,F,26.72689938398357,1,3.0,Married,Secondary / secondary special,Rented apartment,N,N,180000.0,Working,3.34839151266256,Laborers,Business Entity Type 3,Cash loans,450000.0,48595.5,450000.0,5.0,1.0,4.0,522024.48,140251.5,0.0,0.0,0.0,0.0,0.0,12.0,103701.555,86417.235,2.0,10.0,9.0,9.0,-17284.32,0.8333333333333334,0.8333263180094069,1.0,1.0,0.0,72018.0,72018.0,8642.16,0.0,,,,,,,,,,10.0,90.0,49.0,2.0,3.0,3.0,0.269975,0.779175,1.0,0.0,Tier_1,Salaried,3,0.7514849908611135,82221.31,17589.23,10870.6,3365.38,13131.04,8089.74,11272.44,146539.74,48595.5,0.0,0.0,0.0,0.0,0.0,0.0,72346.79,310,0.4937,0.0,0.0,0.0,0.0,0,0,0.0,0.0,-14633.19,13140.52,-30432.68,11
414595,M,48.936344969199176,1,3.0,Married,Higher education,House / apartment,Y,Y,225000.0,Pensioner,,,XNA,Cash loans,675000.0,21775.5,675000.0,6.0,2.0,4.0,2244811.5,672745.5,0.0,0.0,0.0,0.0,0.0,10.0,45162.09,45162.09,0.0,10.0,0.0,0.0,0.0,1.0,1.0,1.0,0.0,0.0,27407.835,27407.835,2781.63,0.0,,,,,,,,,,11.0,100.0,50.0,0.0,0.0,0.0,0.09678,2.98998,0.0,0.0,Tier_2,Other,3,0.7536252130626462,116874.35,4360.49,14850.73,5280.47,18730.01,9469.62,5208.17,174773.84,21775.5,28450.66,15453.94,0.0687,193921.58,0.0,0.0,118799.56,203,0.6797,2150.09,33215.86,0.0,0.0,1,0,197.84,1.0,43918.69,35422.02,-44743.51,1
422238,F,41.60438056125941,0,2.0,Civil marriage,Secondary / secondary special,House / apartment,N,Y,202500.0,Commercial associate,,Sales staff,Self-employed,Revolving loans,270000.0,13500.0,270000.0,5.0,2.0,3.0,855013.4550000001,126831.285,0.0,0.0,0.0,0.0,0.0,3.0,31224.69,31224.69,0.0,3.0,0.0,0.0,0.0,1.0,1.0,2.0,1.0,1.0,136939.5,136939.5,5359.815,0.0,,,,,,,,,,4.0,21.0,15.0,0.0,0.0,0.0,0.0666666666666666,0.6263273333333333,0.5,0.0,Tier_1,Other,2,0.6899816298595949,108578.92,3328.17,0.0,4890.49,10730.21,4974.89,10890.04,143392.72,13500.0,45607.28,17345.49,0.0857,187261.65,0.0,0.0,54819.78,58,0.3823,0.0,0.0,0.0,0.0,1,0,254.12,0.9167,47509.55,24236.58,16920.44,0
141472,F,57.58795345653662,0,2.0,Married,Secondary / secondary special,House / apartment,N,Y,90000.0,Pensioner,,,XNA,Revolving loans,135000.0,6750.0,135000.0,3.0,2.0,1.0,260940.24,79218.0,0.0,0.0,0.0,0.0,0.0,39.0,537621.525,515441.79,7.0,32.0,8.5,10.0,-22179.735,0.8205128205128205,0.9587447042787208,3.0,2.0,1.0,405261.0,405261.0,35800.83,0.0,,,,,,,,,,36.0,1171.5,797.5,1.0,1.0,1.0,0.075,0.8802,0.6666666666666666,0.0,Tier_3,Other,2,0.582317303446541,29968.72,1542.63,0.0,6017.99,6722.47,3762.88,4292.78,52307.47,6750.0,30942.53,15336.01,0.1704,261644.05,82344.39,2414.63,20931.6,55,0.4002,2365.08,87414.64,0.0,902.61,0,0,0.0,0.0,30193.62,7483.19,18096.03,0
124917,M,62.08350444900753,0,2.0,Married,Secondary / secondary special,House / apartment,N,Y,112500.0,Pensioner,,,XNA,Cash loans,436032.0,34447.5,360000.0,5.0,0.0,5.0,519354.81,0.0,0.0,0.0,0.0,0.0,0.0,9.0,50564.7,50564.7,0.0,9.0,0.0,0.0,0.0,1.0,1.0,3.0,2.0,0.0,108013.5,108013.5,13293.45,0.0,,,,,,,,,,11.0,82.0,47.0,0.0,0.0,0.0,0.3062,0.0,0.6666666666666666,0.0,Tier_3,Other,2,0.6125210161428379,38758.51,1111.54,0.0,6471.23,7843.0,7203.08,11314.19,72701.55,34447.5,5350.95,2339.62,0.0208,53884.69,0.0,0.0,30744.67,50,0.4229,620.35,13269.68,0.0,315.68,0,0,0.0,0.0,3307.22,15084.12,-21903.51,5
264928,F,29.114305270362767,0,1.0,Single / not married,Secondary / secondary special,Rented apartment,N,Y,135000.0,Working,,Laborers,Postal,Cash loans,199152.0,9711.0,135000.0,,,,,,,,,,,26.0,290772.99,290772.99,1.0,25.0,1.0,1.0,0.0,0.9615384615384616,1.0,5.0,3.0,0.0,258907.5,258907.5,33684.435,14935.5,,,,,,,,,,28.0,264.0,152.0,0.0,0.0,0.0,0.0719333333333333,,0.6,,Tier_1,Salaried,1,0.6914399922712675,58737.63,2927.55,0.0,5918.5,17223.81,5435.1,5740.96,95983.55,9711.0,29305.45,17592.89,0.1303,221203.03,68848.7,0.0,54157.55,54,0.5642,0.0,0.0,0.0,0.0,0,0,0.0,0.0,26680.12,9208.56,12856.83,0
224638,F,31.279945242984255,2,4.0,Married,Secondary / secondary special,With parents,Y,N,90000.0,Commercial associate,,Core staff,Kindergarten,Cash loans,215640.0,14715.0,180000.0,7.0,2.0,5.0,1517639.04,276007.5,0.0,0.0,0.0,0.0,0.0,15.0,163084.13999999998,163084.13999999998,0.0,15.0,0.0,0.0,0.0,1.0,1.0,2.0,2.0,0.0,125770.5,62885.25,8418.42,4500.0,,,,,,,,,,17.0,99.0,49.5,0.0,0.0,0.0,0.1635,3.06675,1.0,0.0,Tier_3,Other,4,0.7339629821053115,40339.76,4939.99,4420.94,5167.81,6145.35,5042.81,4224.74,70281.4,14715.0,5003.6,2514.78,0.0279,81091.83,14861.92,0.0,33120.88,47,0.4713,0.0,0.0,0.0,153.24,0,0,0.0,0.0,-1174.91,8785.5,-15934.24,6
146889,F,62.0041067761807,0,1.0,Single / not married,Secondary / secondary special,Municipal apartment,N,Y,90000.0,Pensioner,,,XNA,Cash loans,143910.0,14233.5,135000.0,2.0,1.0,1.0,225535.5,0.0,0.0,0.0,0.0,0.0,0.0,16.0,98793.63,96022.17,1.0,15.0,15.0,15.0,-2771.46,0.9375,0.9719469767433384,2.0,2.0,0.0,166329.0,166329.0,16435.71,2250.0,,,,,,,,,,17.0,157.0,88.0,0.0,0.0,0.0,0.15815,0.0,1.0,0.0,Tier_1,Other,1,0.6668428840651693,40503.27,3309.05,0.0,3058.79,7049.48,4169.31,4362.82,62452.72,14233.5,13313.78,7385.04,0.0821,313410.34,0.0,0.0,31449.98,154,0.5036,2052.92,80362.14,0.0,783.02,1,1,200.55,0.8333,16459.76,9225.99,-5682.14,1
102494,F,48.054757015742645,0,2.0,Married,Higher education,House / apartment,N,Y,162000.0,Commercial associate,12.292950034223136,,Business Entity Type 3,Cash loans,239850.0,24705.0,225000.0,2.0,0.0,2.0,550638.0,0.0,0.0,0.0,0.0,0.0,0.0,41.0,1240090.335,1277935.11,3.0,38.0,7.0,7.0,37844.775,0.926829268292683,1.0305177565955306,7.0,3.0,0.0,876100.5,728550.0,92177.235,0.0,,,,,,,,,,43.0,367.5,185.83333333333331,1.0,3.0,3.0,0.1525,0.0,0.4285714285714285,0.0,Tier_2,Other,2,0.6214821312887113,65774.73,907.74,0.0,10156.97,9946.58,8637.53,11951.78,107375.33,24705.0,29919.67,10239.37,0.0632,407200.93,68087.9,0.0,58327.81,113,0.5432,0.0,0.0,0.0,1181.97,1,0,368.16,0.8333,39295.68,23069.59,5014.22,0
159007,F,65.71115674195757,0,1.0,Widow,Secondary / secondary special,House / apartment,N,N,63000.0,Pensioner,,,XNA,Cash loans,225000.0,22050.0,225000.0,6.0,0.0,6.0,807673.5,0.0,0.0,0.0,0.0,0.0,0.0,44.0,1001928.375,755770.3200000001,12.0,32.0,37.5,50.0,-246158.055,0.7272727272727273,0.7543157164303287,4.0,3.0,1.0,1020730.5,1020730.5,59594.67,0.0,,,,,,,,,,36.0,651.0,379.8333333333333,4.0,7.0,7.0,0.35,0.0,0.75,0.0,Tier_3,Other,2,0.6258880938189246,26748.54,2093.14,0.0,4923.51,2390.07,2172.36,8820.84,47148.46,22050.0,0.0,0.0,0.0,0.0,0.0,0.0,14315.2,15,0.3036,0.0,0.0,0.0,0.0,0,0,0.0,0.0,-6250.51,5291.81,-13792.05,10
314832,F,60.26557152635181,0,2.0,Married,Secondary / secondary special,House / apartment,Y,Y,162000.0,Working,22.11362080766598,High skill tech staff,Business Entity Type 3,Cash loans,1129500.0,31189.5,1129500.0,2.0,1.0,1.0,1968678.0,0.0,0.0,0.0,0.0,0.0,0.0,69.0,1662805.71,1662805.71,0.0,69.0,0.0,0.0,0.0,1.0,1.0,9.0,8.0,0.0,1791639.0,1191729.0,84923.1,109372.5,,,,,,,,,,76.0,919.0833333333334,604.5,0.0,0.0,0.0,0.1925277777777777,0.0,0.8888888888888888,0.0,Tier_2,Salaried,2,0.6937930748727905,74435.67,1482.42,0.0,6731.4,15472.16,6988.54,16224.63,121334.82,31189.5,9475.68,3666.81,0.0226,84422.86,32544.64,0.0,44649.5,56,0.368,572.64,24394.39,0.0,0.0,0,1,159.72,0.8333,13372.23,16485.49,-7350.99,2
417701,M,50.06707734428473,1,3.0,Married,Secondary / secondary special,House / apartment,Y,N,157500.0,Commercial associate,17.010266940451746,Drivers,Other,Cash loans,312768.0,22374.0,270000.0,2.0,0.0,2.0,3735000.0,0.0,0.0,0.0,0.0,0.0,0.0,10.0,170810.64,170810.64,0.0,10.0,0.0,0.0,0.0,1.0,1.0,,,,,,,,,,,,,,,,,11.0,110.0,45.0,0.0,0.0,0.0,0.1420571428571428,0.0,,0.0,Tier_1,Other,3,0.7348258389426011,54063.48,16951.69,10089.96,9467.99,12878.69,12283.26,5171.26,120906.33,22374.0,14219.67,7288.93,0.0463,196675.03,0.0,0.0,34268.18,37,0.2834,0.0,0.0,0.0,0.0,1,0,285.91,0.5833,11991.85,16523.54,-19662.46,3
262153,F,45.20191649555099,0,1.0,Widow,Secondary / secondary special,House / apartment,N,Y,67500.0,Commercial associate,3.567419575633128,High skill tech staff,Business Entity Type 3,Cash loans,142632.0,8316.0,126000.0,1.0,0.0,1.0,17163.0,0.0,0.0,0.0,0.0,0.0,0.0,50.0,414273.735,443798.1,7.0,43.0,14.0,14.0,29524.365,0.86,1.0712677693651034,7.0,6.0,0.0,365886.0,327021.75,50686.942500000005,16375.5,486152.325,486152.325,1305000.0,120733.65,24351.75,20505.915,2.5501767333333336,0.0,0.0,38.0,221.5,116.0,0.0,0.0,0.0,0.1232,0.0,0.8571428571428571,0.0,Tier_1,Other,1,0.8037889034867588,27867.37,2919.14,0.0,4657.86,10062.37,4028.02,1715.36,51250.12,8316.0,7933.88,4019.61,0.0595,170285.99,63426.39,0.0,38215.99,131,0.7457,949.87,10147.73,0.0,0.0,0,0,0.0,0.0,7144.6,8043.1,-13716.85,2
403445,M,47.17864476386037,1,3.0,Civil marriage,Secondary / secondary special,Municipal apartment,Y,N,337500.0,Working,22.38740588637919,Drivers,Self-employed,Cash loans,545040.0,43191.0,450000.0,8.0,1.0,7.0,5151442.5,626085.0,0.0,0.0,0.0,0.0,0.0,,,,,,,,,,,,,,,,,,,,,,,,,,,1.0,8.0,0.0,0.0,0.0,0.0,0.1279733333333333,1.8550666666666664,,0.0,Tier_1,Salaried,3,0.7593147272453441,125431.85,24029.02,20188.42,25773.86,43069.59,17775.98,15394.95,271663.67,43191.0,22645.33,13921.17,0.0412,376536.39,0.0,949.64,112842.13,418,0.4154,1376.3,72945.73,0.0,0.0,1,0,825.61,0.8333,14425.7,31108.81,-43401.17,5
148315,F,64.3668720054757,0,2.0,Married,Secondary / secondary special,House / apartment,N,Y,54000.0,Pensioner,,,XNA,Cash loans,101880.0,10053.0,90000.0,5.0,2.0,3.0,1125287.19,590659.965,0.0,0.0,0.0,0.0,0.0,17.0,59940.72,59940.72,0.0,17.0,0.0,0.0,0.0,1.0,1.0,2.0,2.0,0.0,45310.5,45310.5,6768.9,5175.0,,,,,,,,,,18.0,159.0,83.0,0.0,0.0,0.0,0.1861666666666666,10.9381475,1.0,0.0,Tier_3,Other,2,0.6598283569754263,21194.06,818.55,0.0,2369.51,3124.93,3820.1,3580.92,34908.07,10053.0,9038.93,4328.93,0.0802,190879.94,45937.49,0.0,15141.7,26,0.4338,0.0,0.0,0.0,272.78,0,1,44.26,0.9167,8703.99,4467.27,943.48,0
334240,F,38.07529089664613,1,3.0,Married,Secondary / secondary special,House / apartment,N,Y,180000.0,Working,,Cooking staff,Business Entity Type 3,Cash loans,550980.0,43659.0,450000.0,9.0,4.0,5.0,3921583.5,2382259.5,0.0,0.0,0.0,0.0,0.0,6.0,90764.595,90764.595,0.0,6.0,0.0,0.0,0.0,1.0,1.0,4.0,2.0,2.0,1453306.5,874435.5,58710.51,0.0,,,,,,,,,,7.0,78.0,57.0,0.0,0.0,0.0,0.24255,13.234775,0.5,0.0,Tier_1,Salaried,3,0.7660341451002974,76880.46,3386.43,14983.57,18228.8,16041.69,8365.2,10584.42,148470.57,43659.0,0.0,0.0,0.0,0.0,0.0,0.0,73968.94,121,0.4982,0.0,0.0,0.0,0.0,0,0,0.0,0.0,-12920.45,12236.96,-35574.84,10
408729,F,42.96235455167693,0,2.0,Civil marriage,Higher education,House / apartment,Y,Y,315000.0,Working,,Accountants,Business Entity Type 2,Revolving loans,1350000.0,67500.0,1350000.0,3.0,1.0,2.0,9722889.0,0.0,0.0,0.0,0.0,0.0,0.0,,,,,,,,,,,,,,,,,,,,,,,,,,,,,,,,,0.2142857142857142,0.0,,0.0,Tier_2,Salaried,1,0.5987146531545352,148322.94,2263.82,0.0,8655.65,14652.78,8856.02,32659.2,215410.41,67500.0,32089.59,14385.83,0.0457,86601.13,24465.88,0.0,112549.36,102,0.5225,0.0,0.0,0.0,0.0,1,0,423.42,0.75,29336.64,16003.48,-4474.35,1
404987,F,41.7741273100616,1,3.0,Married,Secondary / secondary special,House / apartment,N,Y,180000.0,Working,,Core staff,Kindergarten,Cash loans,1042560.0,34587.0,900000.0,9.0,5.0,4.0,2378205.0,541269.0,0.0,0.0,0.0,0.0,0.0,40.0,361608.255,313041.33,6.0,34.0,52.0,52.0,-48566.925,0.85,0.8656918797387522,5.0,5.0,0.0,337990.5,337990.5,39864.555,1863.0,,,,,,,,,,39.0,319.0,182.5,1.0,18.0,0.0,0.19215,3.00705,1.0,0.0,Tier_2,Salaried,3,0.6954265297015914,91161.18,3403.87,5659.4,7922.15,10591.98,6438.18,11013.29,136190.05,34587.0,9222.95,3343.84,0.0186,10498.01,0.0,0.0,63376.4,161,0.4654,0.0,0.0,0.0,501.46,0,0,0.0,0.0,13964.22,13028.48,-5324.51,2
291032,M,35.4113620807666,2,4.0,Married,Secondary / secondary special,House / apartment,Y,N,157500.0,Working,,Laborers,Business Entity Type 2,Cash loans,348264.0,17820.0,315000.0,9.0,1.0,8.0,3870918.0,1308712.5,0.0,0.0,0.0,0.0,0.0,47.0,983617.335,926029.89,7.0,40.0,72.0,72.0,-57587.445,0.851063829787234,0.94145340575967,4.0,4.0,0.0,805837.5,714971.25,39064.815,5917.5,,,,,,,,,,115.0,727.8333333333334,465.6848484848485,0.0,0.0,0.0,0.1131428571428571,8.309285714285714,1.0,0.0,Tier_2,Salaried,4,0.6341718306321427,52497.41,7773.77,7080.33,14885.21,8963.34,8682.0,6470.66,106352.72,17820.0,33327.28,16290.91,0.1034,263119.9,0.0,0.0,36021.05,72,0.3387,0.0,0.0,0.0,1674.97,1,1,514.73,0.8333,29692.41,9062.42,15299.51,0
318794,F,40.6735112936345,2,4.0,Married,Higher education,House / apartment,N,Y,247500.0,Working,4.6680355920602326,Accountants,Business Entity Type 3,Cash loans,1178217.0,34578.0,922500.0,1.0,0.0,1.0,175019.49,0.0,0.0,0.0,0.0,0.0,0.0,30.0,368640.27,368640.27,1.0,29.0,1.0,1.0,0.0,0.9666666666666668,1.0,3.0,2.0,1.0,1316047.5,1149673.5,63325.08,33750.0,,,,,,,,,,32.0,564.0,280.6666666666667,0.0,0.0,0.0,0.1397090909090909,0.0,0.6666666666666666,0.0,Tier_1,Salaried,4,0.6667110109833014,83008.01,8068.71,10367.43,28264.21,15957.17,19345.45,18005.44,183016.42,34578.0,29905.58,15983.01,0.0646,103918.53,0.0,0.0,77138.32,421,0.4215,0.0,0.0,0.0,0.0,0,0,0.0,0.0,37366.07,13351.61,16345.27,0
259102,F,21.021218343600275,1,3.0,Married,Secondary / secondary special,House / apartment,N,Y,81000.0,Working,2.841889117043121,,Business Entity Type 3,Revolving loans,180000.0,9000.0,180000.0,,,,,,,,,,,9.0,100938.15,100938.15,0.0,9.0,0.0,0.0,0.0,1.0,1.0,1.0,1.0,0.0,88686.0,88686.0,11215.35,0.0,,,,,,,,,,9.0,90.0,54.0,0.0,0.0,0.0,0.1111111111111111,,1.0,,Tier_1,Salaried,3,0.805169993552032,43889.14,1510.39,3589.57,3850.55,5909.6,6469.51,4151.95,69370.71,9000.0,2629.29,1307.65,0.0161,5173.28,0.0,0.0,24026.69,30,0.3464,0.0,0.0,0.0,0.0,0,0,0.0,0.0,2970.85,9326.25,-17368.39,3
398029,F,66.2094455852156,0,2.0,Married,Secondary / secondary special,House / apartment,N,Y,270000.0,Pensioner,,,XNA,Cash loans,284400.0,17527.5,225000.0,2.0,0.0,2.0,140611.5,0.0,0.0,0.0,0.0,0.0,0.0,38.0,1997859.78,3355801.2,2.0,36.0,2.0,2.0,1357941.4199999997,0.9473684210526316,1.679698061692798,4.0,3.0,0.0,1980189.0,990094.5,62048.2725,7425.0,,,,,,,,,,34.0,509.3333333333333,286.6666666666667,0.0,0.0,0.0,0.0649166666666666,0.0,0.75,0.0,Tier_2,Other,3,0.8066512747495481,127892.77,2862.1,0.0,11525.34,37972.44,17698.97,7721.95,205673.57,17527.5,46798.93,21596.96,0.08,291709.66,0.0,1666.79,62842.4,137,0.3055,0.0,0.0,0.0,1671.37,0,0,0.0,0.0,40692.9,37646.16,-17225.44,2
220259,F,49.256673511293634,0,2.0,Married,Secondary / secondary special,Municipal apartment,N,Y,360000.0,Commercial associate,,Laborers,Government,Cash loans,1747008.0,46215.0,1561500.0,6.0,3.0,3.0,2567250.0,380560.5,78437.385,0.0,0.0,0.0,0.0,163.0,4149695.745,4149695.745,0.0,163.0,0.0,0.0,0.0,1.0,1.0,7.0,7.0,0.0,3133300.5,2329431.75,144161.01,103626.0,2701167.567,3977147.61,4869000.0,368160.84,623745.0,143115.07125,16.46070735416667,0.0,0.0,65.0,795.8333333333334,531.3333333333334,0.0,0.0,0.0,0.128375,1.0571125,1.0,0.0,Tier_3,Other,2,0.5657227865795056,114348.06,3381.23,0.0,28729.43,27028.43,17994.52,20273.77,211755.44,46215.0,102029.56,58058.03,0.1613,1859430.67,205644.54,0.0,78182.81,69,0.3692,0.0,0.0,0.0,0.0,0,0,0.0,0.0,90048.95,23937.16,42308.66,0
176999,F,42.8911704312115,0,1.0,Separated,Higher education,House / apartment,N,Y,157500.0,Working,7.233401779603011,Managers,Business Entity Type 3,Cash loans,1042560.0,34587.0,900000.0,5.0,3.0,2.0,648373.5,74871.0,0.0,0.0,0.0,0.0,0.0,56.0,765666.63,795782.88,1.0,55.0,1.0,1.0,30116.25,0.9821428571428572,1.039333371496156,14.0,7.0,6.0,1552023.0,1047192.75,130158.12,191038.5,,,,,,,,,,63.0,381.1666666666667,192.66666666666663,0.0,0.0,0.0,0.2196,0.4753714285714285,0.5,0.0,Tier_1,Salaried,1,0.6120879389136624,55627.63,3204.0,0.0,10186.87,8798.85,6003.03,11942.1,95762.48,34587.0,27150.52,13588.1,0.0863,69286.08,0.0,0.0,43213.54,61,0.4513,0.0,0.0,0.0,1050.75,1,0,349.39,0.8333,20854.02,14376.98,-7880.88,1
424904,F,38.17111567419576,0,2.0,Married,Secondary / secondary special,House / apartment,Y,N,135000.0,Working,11.143052703627651,Managers,Self-employed,Cash loans,1102500.0,32233.5,1102500.0,1.0,1.0,0.0,405000.0,160416.0,0.0,0.0,0.0,0.0,0.0,31.0,374706.225,325284.705,5.0,26.0,12.0,17.0,-49421.52,0.8387096774193549,0.8681059542045237,4.0,3.0,0.0,304353.0,256776.75,18318.15,19795.5,,,,,,,,,,28.0,357.42857142857144,207.3809523809524,1.0,3.0,3.0,0.2387666666666666,1.1882666666666666,0.75,0.0,Tier_2,Salaried,2,0.6617392421606295,50784.52,7799.99,0.0,4645.09,9856.85,11850.99,10688.99,95626.43,32233.5,7140.07,4966.39,0.0368,191678.91,0.0,0.0,41974.92,63,0.4389,0.0,0.0,0.0,0.0,0,1,201.72,0.9167,5917.88,12623.56,-17322.29,4
351575,F,41.869952087611225,1,3.0,Married,Secondary / secondary special,House / apartment,N,Y,135000.0,Commercial associate,9.09514031485284,,Business Entity Type 3,Cash loans,277969.5,15957.0,229500.0,1.0,0.0,1.0,1012500.0,0.0,0.0,0.0,0.0,0.0,0.0,46.0,660197.43,466856.865,11.0,35.0,57.5,67.0,-193340.565,0.7608695652173914,0.7071473528759419,3.0,3.0,0.0,384219.0,384219.0,35002.575000000004,9274.5,,,,,,,,,,41.0,439.0,225.33333333333331,4.0,25.0,25.0,0.1182,0.0,1.0,0.0,Tier_1,Other,3,0.6220416848475729,37988.0,3782.58,11863.18,6596.21,15436.1,8309.56,12791.8,96767.43,15957.0,22275.57,9395.12,0.0696,60583.52,16472.18,0.0,26759.75,36,0.2765,0.0,0.0,0.0,0.0,1,1,534.21,0.9167,14254.39,8312.3,-947.05,1
187374,F,35.23613963039014,0,1.0,Single / not married,Incomplete higher,House / apartment,N,Y,225000.0,Commercial associate,8.65160848733744,Sales staff,Trade: type 7,Cash loans,609187.5,29434.5,544500.0,6.0,5.0,1.0,2254500.0,1795581.0,0.0,0.0,0.0,0.0,0.0,161.0,656996.94,631796.94,6.0,155.0,23.0,23.0,-25200.0,0.9627329192546584,0.9616436569704572,1.0,1.0,0.0,72000.0,72000.0,5040.0,7425.0,1638707.90175,2022191.55,2376000.0,501975.0,619515.0,152533.26,22.75983196875,6.0,6.0,,,,,,,0.13082,7.98036,1.0,0.0,Tier_1,Other,1,0.7228084522145074,117266.76,4082.76,0.0,15449.57,11501.47,7081.71,11591.02,166973.29,29434.5,28592.21,15362.87,0.0683,318777.22,120920.98,0.0,108009.27,121,0.6469,0.0,0.0,0.0,0.0,1,0,247.56,1.0,49748.4,24065.23,11920.53,0
342427,M,54.14647501711157,0,2.0,Married,Secondary / secondary special,House / apartment,Y,Y,202500.0,Working,34.03696098562629,Laborers,Industry: type 9,Revolving loans,450000.0,22500.0,450000.0,6.0,0.0,6.0,2004822.0,0.0,0.0,0.0,0.0,0.0,0.0,49.0,1950032.025,3292969.86,4.0,45.0,12.0,12.0,1342937.835,0.9183673469387756,1.688674759072226,9.0,5.0,2.0,7049641.5,6171329.25,206393.5125,3280.5,0.0,0.0,12750000.0,0.0,0.0,0.0,0.0,0.0,0.0,46.0,865.6666666666666,649.1666666666666,0.0,0.0,0.0,0.1111111111111111,0.0,0.5555555555555556,0.0,Tier_1,Salaried,3,0.6816202313141781,83160.51,3152.16,0.0,15414.06,12770.1,10409.76,17698.94,142605.53,22500.0,37394.47,14403.92,0.0711,39122.64,0.0,0.0,73529.63,67,0.5156,0.0,0.0,1253.37,0.0,0,0,0.0,0.0,31097.69,6993.89,21692.08,0
111433,F,33.56605065023956,0,2.0,Married,Higher education,With parents,N,Y,90000.0,State servant,,Core staff,Kindergarten,Cash loans,926365.5,40936.5,828000.0,1.0,1.0,0.0,2295000.0,1989000.0,0.0,0.0,0.0,0.0,0.0,35.0,1818602.91,1751180.76,2.0,33.0,16.0,16.0,-67422.15,0.9428571428571428,0.9629264037634252,5.0,5.0,0.0,1440558.0,1231971.75,83691.6075,12483.0,,,,,,,,,,37.0,627.0,490.8333333333333,0.0,0.0,0.0,0.45485,22.1,1.0,0.0,Tier_1,Salaried,2,0.7045168700753699,29765.02,2221.58,0.0,6050.13,7943.58,8553.6,6133.09,60667.0,40936.5,0.0,0.0,0.0,0.0,0.0,0.0,34408.52,33,0.5672,0.0,0.0,0.0,0.0,0,1,122.64,0.9167,-12056.2,4384.62,-19329.42,12
433665,F,31.45242984257358,1,3.0,Married,Secondary / secondary special,House / apartment,Y,Y,135000.0,Working,12.14236824093087,Medicine staff,Medicine,Cash loans,168102.0,11232.0,148500.0,14.0,1.0,13.0,1339669.8450000002,375480.0,0.0,0.0,0.0,0.0,0.0,6.0,27292.23,27292.23,0.0,6.0,0.0,0.0,0.0,1.0,1.0,1.0,1.0,0.0,21487.5,21487.5,4548.33,0.0,,,,,,,,,,6.0,36.0,21.0,0.0,0.0,0.0,0.0832,2.781333333333333,1.0,0.0,Tier_2,Salaried,3,0.5922364069224226,51613.64,1630.91,6435.14,8650.7,8373.29,3248.25,16101.38,96053.31,11232.0,27714.69,13911.99,0.1031,384497.57,0.0,0.0,52460.93,70,0.5462,1190.6,8945.44,751.25,0.0,0,0,0.0,0.0,30617.45,9408.3,15235.15,0
175034,F,35.419575633128,1,3.0,Married,Incomplete higher,House / apartment,N,Y,292500.0,Working,,,Government,Cash loans,450000.0,27324.0,450000.0,9.0,4.0,5.0,2122159.5,907416.0,0.0,0.0,0.0,0.0,0.0,98.0,3304207.395,3235060.89,15.0,83.0,43.5,49.0,-69146.505,0.8469387755102041,0.9790731946473354,7.0,5.0,2.0,4810473.0,4810473.0,173466.04499999998,1800.0,6316063.50375,7202096.46,9401250.0,1149935.94,944864.235,321342.1125,15.522298977192984,0.0,0.0,34.0,523.6666666666666,417.0,0.0,0.0,0.0,0.0934153846153846,3.102276923076923,0.7142857142857143,0.0,Tier_1,Salaried,3,0.6657193287075137,136780.34,4022.74,13144.4,9192.77,17858.48,13724.17,43820.46,238543.36,27324.0,26632.64,20087.33,0.0687,57115.08,0.0,0.0,68240.1,174,0.2861,0.0,0.0,0.0,1969.04,1,1,434.66,0.9167,24920.14,27746.3,-30194.07,2
223036,M,49.568788501026695,0,2.0,Married,Higher education,House / apartment,N,N,90000.0,Working,3.9479808350444894,Sales staff,Self-employed,Cash loans,450000.0,22018.5,450000.0,1.0,0.0,1.0,40315.5,0.0,0.0,0.0,0.0,0.0,0.0,9.0,107429.085,107429.085,1.0,8.0,4.0,4.0,0.0,0.8888888888888888,1.0,2.0,2.0,0.0,164353.5,82176.75,7093.2825,11790.0,0.0,0.0,405000.0,0.0,0.0,0.0,0.0,0.0,0.0,9.0,72.0,50.66666666666667,0.0,0.0,0.0,0.24465,0.0,1.0,0.0,Tier_1,Salaried,2,0.7168151517737276,35435.92,8496.91,0.0,5377.33,7496.21,3412.42,3187.1,63405.89,22018.5,4575.61,1867.5,0.0208,46860.86,0.0,133.99,34519.34,53,0.5444,395.53,3201.12,0.0,0.0,0,0,0.0,0.0,5904.11,7099.95,-7435.26,2
157020,F,37.58795345653662,1,3.0,Married,Higher education,House / apartment,N,Y,180000.0,Working,5.330595482546201,Managers,Business Entity Type 3,Cash loans,1293502.5,35568.0,1129500.0,11.0,6.0,5.0,3018034.44,860030.0549999999,361544.445,0.0,0.0,0.0,0.0,47.0,399554.415,345920.895,5.0,42.0,18.0,35.0,-53633.51999999999,0.8936170212765957,0.8657666691031309,4.0,4.0,0.0,278442.0,278442.0,32022.9,17752.905,,,,,,,,,,55.0,371.0,182.66666666666663,0.0,0.0,0.0,0.1976,4.77794475,1.0,0.0,Tier_1,Salaried,3,0.832817890700728,56383.26,4219.37,23606.01,15510.1,37554.01,12634.48,6546.04,156453.27,35568.0,0.0,0.0,0.0,0.0,0.0,0.0,100848.96,195,0.6446,0.0,0.0,0.0,0.0,1,0,140.84,1.0,-11921.05,21797.55,-58160.73,7
166532,M,28.290212183436,0,1.0,Single / not married,Secondary / secondary special,House / apartment,Y,Y,157500.0,Working,,Drivers,Other,Cash loans,503676.0,30564.0,382500.0,5.0,4.0,1.0,1668384.0,1489568.355,317.83500000000004,0.0,0.0,0.0,0.0,38.0,648983.5650000001,553316.9400000001,11.0,27.0,40.0,46.0,-95666.625,0.7105263157894737,0.8525900652045018,4.0,3.0,0.0,447120.0,447120.0,40746.96,18000.0,,,,,,,,,,33.0,369.0,222.5,0.0,0.0,0.0,0.1940571428571428,9.457576857142858,0.75,0.0,Tier_1,Salaried,1,0.7002185798381362,73216.49,1903.42,0.0,5836.69,17734.41,4709.24,5190.91,108591.16,30564.0,18344.84,8422.74,0.0535,174226.33,0.0,0.0,77880.29,82,0.7172,0.0,0.0,0.0,0.0,0,0,0.0,0.0,20023.26,8447.02,8419.29,0
276740,M,58.19028062970568,0,2.0,Married,Higher education,House / apartment,Y,Y,252000.0,Working,15.885010266940451,Laborers,Transport: type 4,Cash loans,585000.0,28273.5,585000.0,10.0,3.0,7.0,5439186.0,2219712.255,0.0,0.0,0.0,0.0,0.0,18.0,99737.73,80311.905,4.0,14.0,12.0,12.0,-19425.825,0.7777777777777778,0.8052309291579024,1.0,1.0,0.0,48613.5,48613.5,6485.04,0.0,,,,,,,,,,17.0,128.0,58.5,0.0,0.0,0.0,0.1121964285714285,8.808381964285713,1.0,0.0,Tier_2,Salaried,2,0.7085128892781449,125874.23,2777.73,0.0,7705.83,22615.88,12062.05,19507.97,190543.69,28273.5,33182.81,12730.58,0.0505,567696.85,0.0,0.0,116988.53,136,0.614,0.0,0.0,0.0,0.0,0,1,313.09,0.8333,25039.95,20086.44,943.2,0
175155,M,38.25598904859685,3,5.0,Married,Higher education,House / apartment,Y,Y,216000.0,Working,8.002737850787133,,Government,Cash loans,675000.0,21775.5,675000.0,1.0,1.0,0.0,1296000.0,923944.5,0.0,0.0,0.0,0.0,0.0,,,,,,,,,,,,,,,,,,,,,,,,,,,,,,,,,0.1008125,4.277520833333333,,0.0,Tier_1,Salaried,5,0.7030939885779995,85753.58,4261.38,23185.42,9567.11,14990.78,14110.03,8350.05,160218.35,21775.5,34006.15,18262.74,0.0845,217734.97,0.0,1036.84,78400.33,500,0.4893,0.0,0.0,1339.51,1287.3,1,0,240.7,1.0,27949.21,17526.92,2362.17,0
205482,F,31.55373032169747,2,4.0,Married,Secondary / secondary special,House / apartment,N,Y,112500.0,Working,,Sales staff,Business Entity Type 3,Cash loans,168102.0,11074.5,148500.0,1.0,0.0,1.0,57181.5,0.0,0.0,0.0,0.0,0.0,0.0,49.0,790057.89,800542.26,4.0,45.0,17.0,17.0,10484.37,0.9183673469387756,1.0132703819969446,13.0,5.0,4.0,1178770.5,834173.25,84317.805,14980.5,1928923.845,2278709.91,10350000.0,582156.0,225000.0,180000.0,4.286497433333333,0.0,0.0,40.0,336.5,168.5,0.0,0.0,0.0,0.09844,0.0,0.3846153846153846,0.0,Tier_3,Salaried,4,0.7370334862290903,53510.59,728.96,6645.95,10891.5,4185.06,6954.2,5085.04,88001.3,11074.5,13424.2,7623.48,0.0678,222458.38,0.0,1011.11,42665.59,35,0.4848,1777.02,99545.01,0.0,0.0,1,1,523.95,0.75,11421.8,8421.63,-4020.15,2
391471,M,52.97741273100616,0,2.0,Married,Secondary / secondary special,House / apartment,Y,N,180000.0,Commercial associate,,Laborers,Transport: type 4,Cash loans,450000.0,22977.0,450000.0,11.0,3.0,8.0,6140943.0,1153633.5,0.0,0.0,0.0,0.0,0.0,103.0,2253608.955,2216896.155,19.0,84.0,48.5,61.0,-36712.8,0.8155339805825242,0.9837093299090124,7.0,4.0,1.0,1156050.0,578025.0,61216.335,26050.5,6319478.45625,7272707.67,9900000.0,1656634.05,1534424.31,314459.27625,14.043285458333331,0.0,0.0,40.0,316.1666666666667,123.0,1.0,1.0,1.0,0.12765,6.409075,0.5714285714285714,0.0,Tier_2,Other,2,0.5750988347516781,63673.7,12413.99,0.0,9645.48,6607.18,7581.44,13377.89,113299.68,22977.0,43723.32,27569.01,0.1532,180137.78,40674.36,0.0,45182.9,46,0.3988,0.0,0.0,2966.47,0.0,0,0,0.0,0.0,49569.42,24082.36,15479.35,0
226323,M,40.53114305270363,2,4.0,Civil marriage,Higher education,House / apartment,N,Y,180000.0,Working,5.763175906913073,Managers,Electricity,Cash loans,604152.0,30978.0,540000.0,2.0,0.0,2.0,96795.0,0.0,0.0,0.0,0.0,0.0,0.0,,,,,,,,,,,,,,,,,,0.0,0.0,1085625.0,0.0,0.0,0.0,0.0,0.0,0.0,,,,,,,0.1721,0.0,,0.0,Tier_3,Salaried,4,0.687740445175071,97378.15,829.87,6959.04,4203.06,9758.28,4664.89,27133.29,150926.58,30978.0,0.0,0.0,0.0,0.0,0.0,0.0,54386.1,76,0.3603,0.0,0.0,0.0,0.0,0,0,0.0,0.0,-7379.66,11127.95,-34437.9,8
202289,F,56.0848733744011,0,1.0,Widow,Secondary / secondary special,House / apartment,N,Y,247500.0,Pensioner,,,XNA,Cash loans,634482.0,18310.5,454500.0,15.0,5.0,10.0,1712509.65,732937.5,0.0,0.0,0.0,0.0,0.0,5.0,60183.675,60183.675,0.0,5.0,0.0,0.0,0.0,1.0,1.0,3.0,2.0,0.0,111325.5,111325.5,14286.735,0.0,0.0,0.0,225000.0,0.0,0.0,0.0,0.0,0.0,0.0,5.0,30.0,20.0,0.0,0.0,0.0,0.0739818181818181,2.9613636363636364,0.6666666666666666,0.0,Tier_1,Other,2,0.7154215763696327,115852.57,7052.59,0.0,13954.7,11784.59,16374.37,15588.98,180607.8,18310.5,48581.7,17419.3,0.0704,350204.16,0.0,0.0,101029.58,187,0.5594,0.0,0.0,2030.12,0.0,1,0,235.07,0.9167,46984.82,22049.2,1513.37,0
443774,M,55.70431211498973,1,2.0,Widow,Secondary / secondary special,House / apartment,Y,Y,121500.0,Working,,Drivers,Self-employed,Cash loans,215640.0,11137.5,180000.0,4.0,1.0,3.0,686770.02,23405.67,0.0,0.0,0.0,0.0,0.0,43.0,679037.85,679037.85,0.0,43.0,0.0,0.0,0.0,1.0,1.0,3.0,3.0,0.0,830880.0,830880.0,42863.265,0.0,,,,,,,,,,44.0,956.0,737.6666666666666,0.0,0.0,0.0,0.0916666666666666,0.1926392592592592,1.0,0.0,Tier_3,Salaried,2,0.6606116113826428,57269.15,658.83,5571.16,4409.74,6601.23,5754.21,5951.66,86215.98,11137.5,24146.52,13180.48,0.1085,198745.7,0.0,0.0,32122.13,51,0.3726,0.0,0.0,0.0,0.0,1,0,238.95,0.9167,22120.53,7778.62,6270.71,0
429487,F,56.81314168377824,0,1.0,Separated,Higher education,House / apartment,N,Y,90000.0,Pensioner,,,XNA,Cash loans,123637.5,8923.5,112500.0,1.0,1.0,0.0,110038.5,80734.5,0.0,0.0,0.0,0.0,0.0,2.0,67918.905,67918.905,0.0,2.0,0.0,0.0,0.0,1.0,1.0,1.0,1.0,0.0,60750.0,60750.0,12491.415,0.0,,,,,,,,,,3.0,14.0,11.0,0.0,0.0,0.0,0.09915,0.89705,1.0,0.0,Tier_3,Other,2,0.6779453597753285,38725.52,536.84,0.0,8285.57,6800.13,3569.9,3016.56,60934.52,8923.5,20141.98,9103.44,0.1011,336796.69,0.0,0.0,37421.97,66,0.6141,0.0,0.0,0.0,0.0,0,0,0.0,0.0,22944.75,8472.12,7212.23,0
110356,F,42.76522929500342,0,2.0,Married,Secondary / secondary special,House / apartment,N,Y,157500.0,Working,6.365503080082136,Managers,Security,Cash loans,942300.0,27679.5,675000.0,4.0,2.0,2.0,1575000.0,0.0,0.0,0.0,0.0,0.0,0.0,86.0,1041965.955,1041965.955,2.0,84.0,2.0,2.0,0.0,0.9767441860465116,1.0,4.0,4.0,0.0,662377.5,662377.5,46964.34,0.0,3291697.68,4607244.135,4875000.0,544950.0,735696.81,163651.8975,8.978239116666668,0.0,0.0,49.0,394.0,177.0,0.0,0.0,0.0,0.1757428571428571,0.0,1.0,0.0,Tier_3,Salaried,3,0.5687885579895449,60177.91,1360.05,0.0,8789.94,7974.08,5914.16,7410.86,91627.0,27679.5,38193.5,21545.13,0.1368,253139.41,0.0,0.0,37284.08,83,0.4069,0.0,0.0,0.0,0.0,1,0,149.84,0.9167,31082.2,10650.83,13066.36,0
174225,M,36.7501711156742,1,3.0,Married,Secondary / secondary special,House / apartment,Y,Y,180000.0,Commercial associate,16.238193018480494,,Industry: type 5,Cash loans,545040.0,25537.5,450000.0,15.0,9.0,6.0,3374415.72,705042.72,90137.025,0.0,0.0,0.0,1.0,10.0,123636.465,123636.465,0.0,10.0,0.0,0.0,0.0,1.0,1.0,1.0,1.0,0.0,105970.5,105970.5,12377.34,10881.0,,,,,,,,,,11.0,90.0,39.0,0.0,0.0,0.0,0.141875,3.916904,1.0,0.0,Tier_2,Other,4,0.8265726934995322,79569.95,3592.3,16370.12,11748.35,23261.85,14240.52,5834.3,154617.39,25537.5,0.0,0.0,0.0,0.0,0.0,0.0,74724.29,498,0.4833,0.0,0.0,0.0,0.0,1,0,344.54,0.9167,5513.23,13707.16,-16337.75,4
129910,M,23.72347707049966,0,2.0,Married,Secondary / secondary special,House / apartment,N,Y,135000.0,State servant,,Core staff,Military,Cash loans,900000.0,32017.5,900000.0,5.0,2.0,3.0,1737103.5,654385.5,0.0,0.0,0.0,0.0,0.0,37.0,747796.77,758821.77,0.0,37.0,0.0,0.0,11025.0,1.0,1.014743310538771,13.0,10.0,3.0,801094.5,624391.5,69820.08,9785.25,,,,,,,,,,48.0,262.0,187.33333333333331,0.0,0.0,0.0,0.2371666666666666,4.8473,0.7692307692307693,0.0,Tier_3,Salaried,2,0.5428072875592204,50372.73,1317.82,0.0,4171.85,4959.84,7480.31,11581.87,79884.42,32017.5,23098.08,10296.58,0.0763,170385.61,0.0,0.0,21765.24,38,0.2725,0.0,0.0,0.0,1149.94,0,0,0.0,0.0,20495.48,7896.45,4373.45,0
395491,F,66.74332648870636,0,1.0,Widow,Secondary / secondary special,House / apartment,N,Y,99000.0,Working,3.3182751540041067,Sales staff,Business Entity Type 3,Cash loans,213948.0,21289.5,189000.0,1.0,0.0,1.0,72495.0,0.0,0.0,0.0,0.0,0.0,0.0,11.0,171494.19,171494.19,0.0,11.0,0.0,0.0,0.0,1.0,1.0,5.0,2.0,0.0,286560.0,286560.0,32378.31,0.0,,,,,,,,,,12.0,102.0,71.0,0.0,0.0,0.0,0.2150454545454545,0.0,0.4,0.0,Tier_2,Salaried,1,0.7020200737793753,41755.89,2173.71,0.0,4313.44,10653.04,4337.54,6377.07,69610.69,21289.5,8099.81,3115.66,0.0315,53947.39,0.0,0.0,27302.54,34,0.3922,0.0,0.0,0.0,171.62,0,0,0.0,0.0,9448.1,9103.34,-7934.63,3
137576,F,59.279945242984255,0,2.0,Married,Secondary / secondary special,House / apartment,N,Y,112500.0,Pensioner,,,XNA,Revolving loans,495000.0,24750.0,495000.0,8.0,2.0,6.0,1828675.17,551110.275,0.0,0.0,0.0,0.0,0.0,31.0,518134.185,674302.185,5.0,26.0,57.0,57.0,156168.00000000003,0.8387096774193549,1.3014045483217829,7.0,3.0,3.0,679635.0,661761.0,37225.755,23278.5,,,,,,,,,,27.0,524.0,419.0,0.0,0.0,0.0,0.22,4.898758,0.4285714285714285,0.0,Tier_3,Other,3,0.6862142870003257,50108.65,1669.67,0.0,6911.17,6214.56,4893.0,4771.72,74568.77,24750.0,13181.23,6010.79,0.0534,241611.54,45456.38,0.0,39111.7,41,0.5245,0.0,0.0,1036.97,386.14,0,0,0.0,0.0,8453.63,13270.76,-12971.34,3
248783,M,63.62217659137577,0,2.0,Married,Secondary / secondary special,House / apartment,N,Y,90000.0,Pensioner,,,XNA,Revolving loans,202500.0,10125.0,202500.0,5.0,1.0,4.0,474601.95,0.0,0.0,0.0,0.0,0.0,0.0,46.0,317428.60500000004,317428.60500000004,0.0,46.0,0.0,0.0,0.0,1.0,1.0,3.0,3.0,0.0,268758.0,268758.0,21580.245000000003,0.0,,,,,,,,,,49.0,657.0,340.5,0.0,0.0,0.0,0.1125,0.0,1.0,0.0,Tier_1,Other,1,0.8731308445265777,37762.31,2516.14,0.0,9109.34,14218.15,4960.68,4982.6,73549.22,10125.0,6325.78,3737.77,0.0415,8862.15,0.0,374.07,57332.01,30,0.7795,0.0,0.0,0.0,0.0,1,0,124.64,1.0,6177.26,7823.29,-7513.08,4
357982,F,56.47091033538672,0,2.0,Married,Secondary / secondary special,House / apartment,N,N,225000.0,Pensioner,,,XNA,Cash loans,1350000.0,126225.0,1350000.0,5.0,0.0,5.0,1362415.5,0.0,0.0,0.0,0.0,0.0,0.0,25.0,201645.18,201645.18,2.0,23.0,11.0,11.0,0.0,0.92,1.0,2.0,2.0,0.0,182250.0,182250.0,17136.045,4500.0,,,,,,,,,,29.0,447.8333333333333,266.8333333333333,0.0,0.0,0.0,0.561,0.0,1.0,0.0,Tier_3,Other,1,0.5750426140908886,62477.37,4527.32,0.0,11717.7,16664.84,12133.54,24415.58,131936.35,112500.0,0.0,0.0,0.0,0.0,0.0,0.0,47048.19,119,0.3566,0.0,0.0,0.0,0.0,0,0,0.0,0.0,-27680.37,19566.46,-67894.99,11
323903,F,43.07460643394935,1,3.0,Married,Higher education,House / apartment,N,Y,180000.0,State servant,3.249828884325804,Core staff,Security Ministries,Cash loans,457312.5,36261.0,373500.0,8.0,6.0,2.0,2513178.0,1334092.5,0.0,0.0,0.0,0.0,0.0,31.0,211095.99,284445.99,0.0,31.0,0.0,0.0,73350.0,1.0,1.3474722565786303,2.0,2.0,0.0,231057.0,231057.0,13299.93,0.0,1190537.775,1190537.775,1755000.0,246726.63,17788.59,41771.880000000005,5.291279,0.0,0.0,11.0,216.0,173.0,0.0,0.0,0.0,0.20145,7.411625,1.0,0.0,Tier_3,Salaried,3,0.5113648061940818,65734.86,519.19,8401.58,5160.83,3603.27,8625.94,17508.13,109553.8,36261.0,34185.2,18701.79,0.1039,323344.11,0.0,1141.62,38969.44,48,0.3557,0.0,0.0,0.0,0.0,1,1,453.23,0.8333,35021.4,15908.38,8889.98,0
126224,M,52.63244353182751,0,2.0,Civil marriage,Secondary / secondary special,House / apartment,Y,N,180000.0,Working,3.9452429842573578,Laborers,Business Entity Type 3,Cash loans,252000.0,12928.5,252000.0,2.0,1.0,1.0,2564100.0,1298414.52,0.0,0.0,0.0,0.0,0.0,,,,,,,,,,,,,,,,,,,,,,,,,,,,,,,,,0.071825,7.213414,,0.0,Tier_3,Salaried,2,0.6090395489100925,67636.44,4510.77,0.0,11644.87,16370.59,4315.11,15961.1,120438.88,12928.5,46632.62,19674.71,0.1093,144895.22,0.0,0.0,62114.18,100,0.5157,1929.68,61975.74,0.0,1641.85,0,0,0.0,0.0,44018.16,12401.8,26081.18,0
351862,M,25.73579739904175,0,1.0,Separated,Higher education,House / apartment,Y,Y,256500.0,Working,3.2279260780287475,Sales staff,Trade: type 2,Cash loans,1227901.5,50139.0,1129500.0,1.0,1.0,0.0,45000.0,5221.89,0.0,0.0,0.0,0.0,2.0,8.0,50303.025,50303.025,0.0,8.0,0.0,0.0,0.0,1.0,1.0,3.0,1.0,2.0,157356.0,99150.75,10197.585,23400.0,,,,,,,,,,10.0,112.0,68.0,0.0,0.0,0.0,0.1954736842105263,0.020358245614035,0.3333333333333333,0.0,Tier_3,Salaried,1,0.48136217378105556,80034.0,1328.23,0.0,8453.05,11395.67,14690.01,33966.05,149867.01,50139.0,56493.99,40880.2,0.1594,533752.42,67828.72,0.0,51285.82,89,0.3422,0.0,0.0,0.0,0.0,0,0,0.0,0.0,63580.02,13609.19,30102.39,0
137835,F,61.53867214236824,0,1.0,Widow,Secondary / secondary special,Municipal apartment,N,Y,135000.0,Pensioner,,,XNA,Cash loans,562491.0,23962.5,454500.0,5.0,2.0,3.0,1180800.0,284931.0,0.0,0.0,0.0,0.0,0.0,47.0,1329318.99,1342186.74,8.0,39.0,50.0,63.0,12867.749999999996,0.8297872340425532,1.009679956501637,5.0,4.0,1.0,1137348.0,788735.25,68596.965,0.0,0.0,0.0,3420000.0,0.0,0.0,0.0,0.0,0.0,0.0,42.0,927.5,636.6666666666666,3.0,24.0,24.0,0.1775,2.1106,0.8,0.0,Tier_1,Other,1,0.5965436753601118,39508.87,4725.27,0.0,9603.67,14030.75,6775.66,11639.92,86284.14,23962.5,24753.36,10372.58,0.0768,359768.8,131521.79,0.0,35316.67,101,0.4093,2865.07,76517.84,0.0,0.0,0,1,208.31,0.75,21766.64,17823.34,-16101.6,2
344604,F,64.73100616016427,0,1.0,Widow,Secondary / secondary special,Municipal apartment,N,Y,135000.0,Pensioner,,,XNA,Cash loans,390960.0,16695.0,337500.0,1.0,0.0,1.0,270000.0,0.0,0.0,0.0,0.0,0.0,0.0,17.0,272601.855,265797.855,2.0,15.0,9.0,9.0,-6804.0,0.8823529411764706,0.975040522009654,5.0,4.0,1.0,713250.0,713250.0,45499.5,0.0,,,,,,,,,,19.0,376.5,329.0,0.0,0.0,0.0,0.1236666666666666,0.0,0.8,0.0,Tier_3,Other,2,0.6442173372596974,39742.42,2074.74,0.0,12326.35,18488.68,10101.68,9501.38,92235.25,16695.0,26069.75,11697.89,0.0867,293911.28,76923.9,0.0,53541.19,127,0.5805,0.0,0.0,0.0,0.0,0,1,306.71,1.0,21107.76,12592.47,1801.08,0
356642,F,39.898699520876114,0,1.0,Separated,Secondary / secondary special,House / apartment,N,Y,135000.0,Working,,High skill tech staff,Business Entity Type 2,Cash loans,405000.0,14674.5,405000.0,17.0,6.0,11.0,2597041.08,849936.1950000001,4546.305,0.0,0.0,0.0,0.0,57.0,1022308.695,987707.745,5.0,52.0,20.0,35.0,-34600.950000000004,0.912280701754386,0.9661541076885783,7.0,6.0,0.0,1575139.5,1575139.5,101334.6,41322.33,0.0,0.0,14535000.0,0.0,0.0,0.0,0.0,0.0,0.0,59.0,684.5,405.25,0.0,0.0,0.0,0.1087,6.295823666666667,0.8571428571428571,0.0,Tier_3,Salaried,1,0.5229223165037671,44227.26,855.07,0.0,5811.83,9474.86,3040.41,13928.92,77338.35,14674.5,42987.15,28426.51,0.2106,1098229.76,0.0,0.0,29806.77,26,0.3854,6730.38,131777.47,0.0,0.0,0,0,0.0,0.0,43199.74,9000.64,29050.26,0
121178,M,30.250513347022583,2,4.0,Married,Higher education,House / apartment,Y,Y,180000.0,Working,9.409993155373032,Security staff,Government,Revolving loans,495000.0,24750.0,495000.0,3.0,1.0,2.0,361994.625,88789.5,0.0,0.0,0.0,0.0,0.0,69.0,367203.78,367203.78,1.0,68.0,1.0,1.0,0.0,0.9855072463768116,1.0,7.0,6.0,1.0,423616.5,423616.5,33555.96,17392.5,,,,,,,,,,74.0,672.6666666666666,327.43333333333334,0.0,0.0,0.0,0.1375,0.493275,0.8571428571428571,0.0,Tier_3,Salaried,4,0.6638241989092818,71892.08,1273.27,9942.99,16002.46,13651.71,6725.84,12202.07,131690.42,24750.0,23559.58,14869.33,0.0826,403322.49,0.0,0.0,85723.44,196,0.6509,0.0,0.0,0.0,0.0,0,1,255.3,0.8333,17545.33,16651.1,-7072.99,3
427407,F,31.71252566735113,0,2.0,Married,Higher education,House / apartment,Y,Y,202500.0,Commercial associate,,Managers,Business Entity Type 1,Cash loans,634360.5,27004.5,567000.0,9.0,3.0,6.0,1972929.735,710042.58,5645.88,0.0,0.0,0.0,0.0,75.0,2148977.835,2688899.535,14.0,61.0,28.33333333333333,37.0,539921.7000000001,0.8133333333333334,1.2512458207834425,8.0,7.0,0.0,2664036.0,2586559.5,143129.07,15113.25,0.0,0.0,9180000.0,0.0,0.0,0.0,0.0,0.0,0.0,69.0,1025.6666666666667,713.1666666666666,4.0,8.0,8.0,0.1333555555555555,3.506383111111111,0.875,0.0,Tier_3,Other,2,0.5715786444256148,80947.93,883.16,0.0,6837.94,10886.63,7760.95,27172.18,134488.79,27004.5,41006.71,28374.92,0.1401,245767.2,47311.96,0.0,59434.18,372,0.4419,8101.7,116805.44,0.0,0.0,0,1,141.1,0.8333,44636.63,17480.03,15269.79,0
186223,F,60.936344969199176,0,1.0,Widow,Higher education,House / apartment,Y,Y,202500.0,Pensioner,,,XNA,Cash loans,675000.0,26541.0,675000.0,4.0,2.0,2.0,686349.0,233918.82,45081.18,0.0,0.0,0.0,0.0,121.0,799415.595,637339.5,23.0,98.0,141.0,185.0,-162076.095,0.8099173553719008,0.7972567760577651,5.0,5.0,0.0,458743.5,355700.25,36825.975,17809.2,1736121.915,1914785.325,2340000.0,171706.13999999998,162540.0,88484.52375,16.8885627,39.0,0.0,47.0,430.0,208.5,0.0,0.0,0.0,0.1310666666666666,1.1551546666666668,1.0,0.0,Tier_2,Other,1,0.5874447345659555,50622.04,4665.47,0.0,10583.35,32116.76,12558.62,11495.07,122041.31,26541.0,53917.69,22472.36,0.111,161395.13,0.0,0.0,46385.39,249,0.3801,0.0,0.0,0.0,0.0,0,0,0.0,0.0,56072.71,22458.11,3365.97,0
193216,F,26.680355920602327,2,4.0,Married,Secondary / secondary special,House / apartment,N,Y,112500.0,Commercial associate,,Core staff,Trade: type 7,Cash loans,254700.0,14751.0,225000.0,2.0,1.0,1.0,147307.005,15124.5,0.0,0.0,0.0,0.0,0.0,12.0,89954.865,89954.865,0.0,12.0,0.0,0.0,0.0,1.0,1.0,1.0,1.0,0.0,76437.0,76437.0,7496.955,0.0,,,,,,,,,,13.0,156.0,78.0,0.0,0.0,0.0,0.13112,0.13444,1.0,0.0,Tier_2,Other,3,0.7711110152692189,65094.71,653.0,4568.15,4607.98,6918.16,4907.99,11079.93,97829.92,14751.0,0.0,0.0,0.0,0.0,0.0,0.0,54145.29,57,0.5535,0.0,0.0,0.0,0.0,0,0,0.0,0.0,-3953.61,10422.11,-18788.69,8
238996,F,56.851471594798085,0,2.0,Married,Higher education,House / apartment,N,Y,103500.0,Pensioner,,,XNA,Cash loans,148500.0,14593.5,148500.0,9.0,3.0,6.0,1770008.04,869305.5,0.0,0.0,0.0,0.0,0.0,149.0,724779.585,685752.21,25.0,124.0,173.33333333333334,245.0,-39027.375,0.8322147651006712,0.9461527672582004,6.0,5.0,0.0,216513.0,188361.0,18820.755,6612.75,827587.1367857143,1436178.42,3615000.0,112455.0,219225.195,70497.99107142857,7.608346038095238,8.0,8.0,41.0,289.0,127.0,4.0,12.0,12.0,0.141,8.399086956521739,0.8333333333333334,0.0,Tier_3,Other,2,0.6361055252453474,40930.5,749.98,0.0,5185.29,10613.09,4944.7,4194.71,66618.27,14593.5,22288.23,11401.64,0.1102,472534.29,0.0,0.0,29713.09,106,0.446,0.0,0.0,1303.39,0.0,0,1,121.4,0.75,24407.12,13286.51,1428.12,0
132901,M,59.17316906228611,0,2.0,Married,Secondary / secondary special,House / apartment,Y,Y,90000.0,Commercial associate,34.30527036276523,,Business Entity Type 1,Cash loans,706221.0,22779.0,589500.0,,,,,,,,,,,26.0,731898.9,725150.0700000001,1.0,25.0,19.0,19.0,-6748.83,0.9615384615384616,0.9907790133309397,4.0,3.0,1.0,1267578.0,957951.0,69711.435,0.0,,,,,,,,,,27.0,660.5,505.0,0.0,0.0,0.0,0.2531,,0.75,,Tier_2,Other,2,0.6241691348774449,29333.03,953.26,0.0,12443.92,6116.81,3908.6,13488.03,66243.65,22779.0,977.35,741.87,0.0082,27783.02,0.0,0.0,21587.85,36,0.3259,0.0,0.0,0.0,95.06,0,0,0.0,0.0,-2404.69,10034.8,-20211.96,6
223700,F,54.46132785763176,0,1.0,Single / not married,Secondary / secondary special,House / apartment,N,Y,225000.0,Working,16.31211498973306,High skill tech staff,Government,Cash loans,1082214.0,31770.0,945000.0,2.0,1.0,1.0,4846500.0,4177417.5,0.0,0.0,0.0,0.0,0.0,167.0,3205421.82,3771207.72,0.0,167.0,0.0,0.0,565785.9,1.0,1.1765090311889124,4.0,4.0,0.0,1451065.5,1451065.5,97805.385,97456.5,2913833.61975,3896772.03,6120000.0,971866.935,1298925.0,231134.85,16.187964554166665,0.0,0.0,33.0,708.5,495.75,0.0,0.0,0.0,0.1412,18.5663,1.0,0.0,Tier_3,Salaried,1,0.44910486901539326,54223.3,2624.39,0.0,8553.02,18769.16,7171.98,14220.18,105562.03,31770.0,87667.97,44573.28,0.1981,1727440.52,0.0,0.0,56219.66,166,0.5326,10979.01,322100.19,3307.76,4499.31,0,0,0.0,0.0,84608.75,15141.15,61389.36,0
396359,F,53.89185489390828,0,2.0,Married,Secondary / secondary special,House / apartment,N,Y,247500.0,State servant,19.71526351813826,Core staff,Government,Cash loans,254700.0,24939.0,225000.0,10.0,6.0,4.0,1737632.52,659079.0,0.0,0.0,0.0,0.0,0.0,47.0,432272.025,432272.025,2.0,45.0,2.0,2.0,0.0,0.9574468085106383,1.0,7.0,6.0,1.0,521487.0,441000.0,64767.060000000005,41121.0,,,,,,,,,,53.0,341.75,170.83333333333334,1.0,1.0,1.0,0.1007636363636363,2.6629454545454547,0.8571428571428571,0.0,Tier_1,Salaried,2,0.8477895997411533,117398.28,8039.32,0.0,31757.88,25119.33,13043.23,7598.47,202956.51,24939.0,19604.49,6926.24,0.028,123358.63,17942.09,0.0,136171.7,91,0.6709,0.0,0.0,0.0,449.52,1,0,192.03,0.8333,17951.84,19560.66,-9514.93,3
166724,F,43.4798083504449,0,2.0,Married,Secondary / secondary special,House / apartment,Y,Y,157500.0,Working,,Laborers,Industry: type 3,Cash loans,1200744.0,38866.5,1048500.0,,,,,,,,,,,25.0,229286.61,229286.61,0.0,25.0,0.0,0.0,0.0,1.0,1.0,4.0,3.0,0.0,283752.0,231426.0,25782.795,11628.0,,,,,,,,,,28.0,343.0,235.0,0.0,0.0,0.0,0.2467714285714285,,0.75,,Tier_3,Salaried,3,0.6434743444261513,49941.99,2317.47,0.0,13049.98,17354.59,8466.04,13598.68,104728.75,38866.5,13904.75,6610.08,0.042,260165.71,0.0,0.0,37771.82,89,0.3607,0.0,0.0,0.0,0.0,0,1,354.24,0.8333,13753.39,10657.29,-3631.19,3
396102,F,36.799452429842574,0,2.0,Married,Secondary / secondary special,House / apartment,N,Y,135000.0,Working,,Core staff,Self-employed,Cash loans,904500.0,38322.0,904500.0,,,,,,,,,,,154.0,1469433.06,1461626.595,3.0,151.0,6.0,6.0,-7806.465000000001,0.9805194805194806,0.9946874306747936,7.0,5.0,2.0,2522794.5,1984680.0,97837.6275,57838.5,3327681.2355,4883514.12,5848500.0,643125.6,911763.09,210329.5875,18.77368333888889,0.0,0.0,33.0,377.0,226.0,0.0,0.0,0.0,0.2838666666666666,,0.7142857142857143,,Tier_3,Salaried,1,0.549935261486318,50137.75,1158.52,0.0,5304.35,8699.74,3570.12,14733.72,83604.2,38322.0,13073.8,4227.45,0.0313,140806.88,0.0,0.0,46607.2,77,0.5575,1179.64,7857.12,0.0,270.02,1,0,176.01,0.8333,13492.35,11052.31,-2170.1,2
236844,F,64.19712525667352,0,1.0,Widow,Secondary / secondary special,House / apartment,N,Y,180000.0,Pensioner,,,XNA,Cash loans,314100.0,16164.0,225000.0,8.0,3.0,5.0,1300765.5,86467.5,0.0,0.0,0.0,0.0,0.0,69.0,1835265.51,1572379.92,29.0,40.0,40.66666666666666,58.0,-262885.59,0.5797101449275363,0.8567588239589377,9.0,3.0,6.0,1247709.6,852164.55,53152.02,0.0,,,,,,,,,,56.0,1249.7333333333331,855.3,1.0,1.0,1.0,0.0898,0.480375,0.3333333333333333,0.0,Tier_1,Other,1,0.7945156128750811,92986.71,3955.04,0.0,10766.16,18806.29,9194.57,7171.18,142879.95,16164.0,20956.05,9678.14,0.0538,16820.85,0.0,1086.15,63861.68,128,0.447,0.0,0.0,0.0,0.0,0,0,0.0,0.0,19732.11,14988.1,-5919.33,2
270803,F,61.97672826830938,0,1.0,Widow,Secondary / secondary special,House / apartment,N,Y,49500.0,Pensioner,,,XNA,Cash loans,284400.0,10345.5,225000.0,1.0,1.0,0.0,40050.0,0.0,0.0,0.0,0.0,0.0,0.0,145.0,850121.19,846292.275,1.0,144.0,18.0,18.0,-3828.915,0.993103448275862,0.9954960362768984,7.0,6.0,0.0,424224.0,390474.0,27257.94,945.0,2701835.3445,3802736.655,4125000.0,230728.5,447009.84,148260.5025,25.10371374074074,0.0,0.0,72.0,1147.0,717.5666666666666,1.0,6.0,6.0,0.209,0.0,0.8571428571428571,0.0,Tier_2,Other,1,0.7658792017073135,21821.19,770.2,0.0,4724.3,3652.34,2787.76,1650.19,35405.98,10345.5,3748.52,1567.95,0.0317,55555.02,0.0,0.0,18815.0,21,0.5314,0.0,0.0,0.0,0.0,0,0,0.0,0.0,3483.2,5498.28,-11393.24,2
220215,F,52.34496919917864,0,2.0,Married,Secondary / secondary special,House / apartment,N,Y,63000.0,Pensioner,,,XNA,Cash loans,770292.0,34938.0,688500.0,8.0,3.0,4.0,664219.35,411.48,229088.52,0.0,2542.0,1.0,0.0,173.0,1671752.925,1671752.925,6.0,167.0,45.0,45.0,0.0,0.9653179190751444,1.0,3.0,2.0,0.0,281205.0,230602.5,20243.88,11245.5,3371323.424785714,4811711.58,5394214.285714285,1181970.0,1492397.01,234041.85375,18.84384704642857,4.0,2.0,20.0,190.0,70.0,2.0,3.0,3.0,0.5545714285714286,0.0065314285714285,0.6666666666666666,0.0,Tier_3,Other,3,0.7122724859673991,31694.83,314.05,0.0,3362.79,4595.99,2550.12,2175.17,44692.95,31500.0,0.0,0.0,0.0,0.0,0.0,0.0,26277.54,75,0.588,0.0,0.0,0.0,0.0,0,0,0.0,0.0,-16268.27,7435.59,-27447.36,12
256469,F,55.03080082135524,0,2.0,Married,Secondary / secondary special,House / apartment,N,Y,256500.0,Pensioner,,,XNA,Cash loans,972000.0,32251.5,972000.0,,,,,,,,,,,50.0,248049.36,248049.36,0.0,50.0,0.0,0.0,0.0,1.0,1.0,4.0,4.0,0.0,213277.5,213277.5,25038.54,7843.5,,,,,,,,,,54.0,632.6666666666666,338.6333333333333,0.0,0.0,0.0,0.1257368421052631,,1.0,,Tier_1,Other,2,0.6826671862598891,116267.94,4608.58,0.0,9589.02,21139.39,12421.91,22210.99,186237.83,32251.5,38010.67,16932.3,0.066,222750.35,0.0,0.0,58198.11,33,0.3125,4484.33,28259.01,0.0,0.0,0,0,0.0,0.0,18277.13,26975.27,-37105.05,2
407275,F,34.70773442847365,0,2.0,Married,Higher education,House / apartment,N,N,135000.0,Working,4.969199178644764,Sales staff,Self-employed,Cash loans,539100.0,29376.0,450000.0,,,,,,,,,,,42.0,720840.06,559849.14,13.0,29.0,28.5,47.0,-160990.92,0.6904761904761905,0.7766620795187215,5.0,3.0,1.0,872370.0,481774.5,35219.745,15012.0,,,,,,,,,,37.0,518.6666666666666,270.0833333333333,0.0,0.0,0.0,0.2176,,0.6,,Tier_1,Salaried,2,0.7517285179777484,54961.06,19545.94,0.0,8072.44,9011.76,6058.4,4954.45,102604.05,29376.0,3019.95,1723.55,0.0128,38143.04,8063.28,0.0,63899.55,206,0.6228,0.0,0.0,0.0,0.0,0,0,0.0,0.0,-6415.07,12447.0,-22794.81,9
425559,M,33.40999315537303,0,1.0,Single / not married,Secondary / secondary special,House / apartment,Y,Y,225000.0,Working,9.568788501026694,Managers,Other,Cash loans,545040.0,36553.5,450000.0,4.0,3.0,1.0,2990173.5,850099.5,0.0,0.0,0.0,0.0,0.0,33.0,750213.675,1106910.855,9.0,24.0,81.66666666666667,143.0,356697.18,0.7272727272727273,1.4754607812234293,7.0,2.0,2.0,1127403.0,849741.75,94342.05,8055.0,,,,,,,,,,22.0,237.0,136.5,0.0,0.0,0.0,0.16246,3.77822,0.2857142857142857,0.0,Tier_1,Salaried,1,0.737841658458373,118754.38,1852.07,0.0,17695.17,14821.04,8081.99,12205.94,173410.59,36553.5,15035.91,7375.8,0.0328,200318.82,0.0,0.0,110448.06,215,0.6369,0.0,0.0,0.0,0.0,0,0,0.0,0.0,19734.67,25632.85,-41261.23,2
366926,M,56.8104038329911,0,2.0,Married,Higher education,House / apartment,N,Y,180000.0,Working,2.921286789869952,,Self-employed,Cash loans,495216.0,26059.5,427500.0,8.0,4.0,4.0,2590424.55,234130.5,0.0,0.0,0.0,0.0,0.0,46.0,670916.115,670916.115,6.0,40.0,8.5,10.0,0.0,0.8695652173913043,1.0,6.0,2.0,3.0,554985.0,554985.0,50888.925,0.0,3223298.76,3672856.08,5362500.0,371250.0,561160.89,168319.53,9.365940233333331,0.0,0.0,2.0,24.0,23.0,0.0,0.0,0.0,0.144775,1.300725,0.3333333333333333,0.0,Tier_3,Salaried,2,0.4997728351470694,59692.05,936.57,0.0,4310.58,9705.36,10099.48,37254.46,121998.5,26059.5,31942.0,17555.71,0.0975,707259.0,0.0,0.0,50540.67,107,0.4143,0.0,0.0,0.0,0.0,0,0,0.0,0.0,29113.8,13206.53,5558.52,0
121747,M,55.26351813826147,1,3.0,Civil marriage,Secondary / secondary special,House / apartment,N,Y,103500.0,Working,8.386036960985626,Medicine staff,Medicine,Cash loans,123637.5,8923.5,112500.0,2.0,2.0,0.0,486000.0,143347.5,198525.645,0.0,0.0,0.0,0.0,162.0,852517.17,852517.17,0.0,162.0,0.0,0.0,0.0,1.0,1.0,8.0,7.0,1.0,878584.5,878584.5,50608.215,9351.0,1033678.1415,1655283.06,2970000.0,91800.0,210150.0,87854.832,11.485312683333332,0.0,0.0,81.0,816.5,470.0833333333333,0.0,0.0,0.0,0.0862173913043478,1.385,0.875,0.0,Tier_3,Salaried,3,0.5192866991855546,23613.83,1481.18,10788.17,7217.93,6290.14,4354.92,3461.13,57207.3,8923.5,37369.2,14036.86,0.1356,727303.37,253926.24,1913.5,23377.64,57,0.4086,1763.23,69931.66,0.0,0.0,0,0,0.0,0.0,36991.34,8863.39,18172.12,0
189092,M,35.23066392881588,2,4.0,Married,Higher education,House / apartment,N,Y,270000.0,Commercial associate,,,Business Entity Type 3,Cash loans,116892.0,5683.5,76500.0,15.0,2.0,13.0,2329440.75,315063.0,6670.755,0.0,0.0,0.0,0.0,21.0,576071.4149999999,504530.955,4.0,17.0,14.0,14.0,-71540.45999999999,0.8095238095238095,0.875813209721576,5.0,4.0,0.0,1014624.0,1014624.0,86250.51,75321.0,,,,,,,,,,20.0,183.5,144.0,0.0,0.0,0.0,0.02105,1.1669,0.8,0.0,Tier_3,Other,4,0.6836127946117481,114741.75,3986.14,27929.77,10514.7,7975.03,19428.06,15274.04,199849.49,5683.5,64467.01,37150.45,0.1376,1434702.06,445359.32,0.0,79335.51,267,0.397,0.0,0.0,0.0,0.0,1,0,665.93,0.9167,67946.86,33778.51,1704.0,0
350773,F,52.54757015742642,0,1.0,Separated,Secondary / secondary special,House / apartment,N,Y,144000.0,Commercial associate,10.455852156057494,High skill tech staff,Self-employed,Cash loans,225000.0,23769.0,225000.0,10.0,3.0,7.0,756009.0,160038.0,90000.0,0.0,0.0,0.0,0.0,41.0,466993.125,552709.215,0.0,41.0,0.0,0.0,85716.09,1.0,1.183548933402392,7.0,6.0,1.0,597279.06,597279.06,54599.085,51565.5,0.0,0.0,2610000.0,0.0,0.0,0.0,0.0,0.0,0.0,43.0,334.3333333333333,199.33333333333331,0.0,0.0,0.0,0.1650625,1.111375,0.8571428571428571,0.0,Tier_3,Other,1,0.6730308495424189,74072.1,888.69,0.0,7613.03,6414.01,3800.94,11485.32,104274.09,23769.0,15956.91,11979.81,0.0832,613017.0,236349.65,995.27,48802.03,60,0.468,2987.75,97968.68,0.0,625.71,0,0,0.0,0.0,10844.61,16545.24,-20359.35,4
376716,F,62.130047912388775,0,1.0,Single / not married,Secondary / secondary special,House / apartment,N,Y,112500.0,Pensioner,,,XNA,Cash loans,225000.0,8613.0,225000.0,3.0,2.0,1.0,256387.5,122616.0,0.0,0.0,0.0,0.0,0.0,59.0,406340.595,406340.595,0.0,59.0,0.0,0.0,0.0,1.0,1.0,6.0,4.0,1.0,323649.0,215622.0,23381.145,2740.5,,,,,,,,,,62.0,711.0,347.56666666666666,0.0,0.0,0.0,0.07656,1.08992,0.6666666666666666,0.0,Tier_1,Other,1,0.6250457118426757,50390.48,1162.14,0.0,7792.87,4084.22,3008.87,7280.01,73718.59,8613.0,30168.41,12857.34,0.1143,217197.53,48456.86,0.0,46218.11,199,0.627,0.0,0.0,0.0,0.0,0,0,0.0,0.0,33367.16,11472.31,19095.29,0
302193,M,56.276522929500345,0,2.0,Married,Secondary / secondary special,House / apartment,Y,N,171000.0,Pensioner,,,XNA,Cash loans,284400.0,10849.5,225000.0,3.0,1.0,2.0,1980000.0,1344613.5,0.0,0.0,0.0,0.0,0.0,99.0,3204252.765,3004887.195,11.0,88.0,66.5,71.0,-199365.57,0.8888888888888888,0.9377809478148332,12.0,7.0,2.0,3250273.5,2520636.75,117765.0225,8505.0,3589864.3575,4788772.56,6120000.0,1375434.0,897283.035,201984.5325,12.88265145,0.0,0.0,44.0,749.5,544.0,2.0,14.0,0.0,0.0634473684210526,7.863236842105263,0.5833333333333334,0.0,Tier_2,Other,2,0.6876369009894843,61573.72,9805.91,0.0,10839.01,20124.48,7385.96,17553.08,127282.16,10849.5,32868.34,16257.29,0.0951,192729.28,0.0,0.0,59856.71,182,0.4703,0.0,0.0,0.0,0.0,0,0,0.0,0.0,33254.37,23536.78,-587.31,1
253548,M,22.2340862422998,0,1.0,Single / not married,Secondary / secondary special,House / apartment,N,Y,144000.0,Working,,Laborers,Business Entity Type 3,Cash loans,518562.0,25078.5,463500.0,,,,,,,,,,,6.0,23432.265,31982.265,0.0,6.0,0.0,0.0,8550.0,1.0,1.3648814999318248,1.0,1.0,0.0,22671.0,22671.0,2324.25,2281.5,,,,,,,,,,7.0,65.0,50.0,0.0,0.0,0.0,0.17415625,,1.0,,Tier_2,Salaried,1,0.6251781992316231,57968.75,1345.48,0.0,7760.52,10109.13,6939.12,4795.46,88918.46,25078.5,30003.04,16392.21,0.1138,40872.95,0.0,0.0,37697.11,87,0.424,0.0,0.0,0.0,0.0,0,0,0.0,0.0,22162.75,10013.21,5942.06,0
279490,F,29.61533196440794,1,3.0,Married,Secondary / secondary special,House / apartment,Y,Y,256500.0,Working,,Core staff,Self-employed,Cash loans,1141686.0,41139.0,922500.0,9.0,3.0,6.0,919875.6,47470.5,0.0,0.0,0.0,0.0,0.0,158.0,2654939.745,2503071.3600000003,8.0,150.0,16.5,19.0,-151868.385,0.9493670886075948,0.9427978034959134,9.0,9.0,0.0,1981647.0,1411170.75,83144.13750000001,30082.5,,,,,,,,,,160.0,2348.3166666666666,1423.9,2.0,6.0,6.0,0.1603859649122807,0.1850701754385965,1.0,0.0,Tier_2,Salaried,3,0.6243982591028284,103927.5,2083.04,9135.3,8630.58,24431.1,11950.64,21021.91,181180.07,41139.0,34180.93,18793.75,0.0733,236572.02,86751.94,0.0,86548.66,196,0.4777,0.0,0.0,0.0,0.0,0,0,0.0,0.0,41932.39,20012.98,2683.29,0
186295,F,56.47638603696099,0,2.0,Married,Higher education,House / apartment,N,Y,72000.0,Pensioner,,,XNA,Cash loans,74182.5,5544.0,67500.0,2.0,2.0,0.0,157500.0,57195.0,0.0,0.0,0.0,0.0,0.0,12.0,103281.93,103281.93,0.0,12.0,0.0,0.0,0.0,1.0,1.0,4.0,1.0,0.0,93991.5,93991.5,8607.735,2.295,,,,,,,,,,13.0,144.0,73.0,0.0,0.0,0.0,0.077,0.794375,0.25,0.0,Tier_1,Other,3,0.6987701895277545,19992.66,2441.82,0.0,7365.32,9217.36,5721.0,9863.86,54602.02,5544.0,11853.98,3527.67,0.049,81963.36,18249.11,0.0,18319.02,86,0.3355,0.0,0.0,0.0,0.0,0,1,61.29,1.0,9744.25,6672.45,-2502.24,2
235040,F,27.824777549623544,0,2.0,Married,Secondary / secondary special,House / apartment,N,Y,202500.0,Working,4.484599589322382,,Construction,Cash loans,1223010.0,48631.5,1125000.0,8.0,2.0,6.0,6398361.63,0.0,0.0,0.0,0.0,0.0,0.0,44.0,878153.985,878153.985,0.0,44.0,0.0,0.0,0.0,1.0,1.0,3.0,3.0,0.0,732600.0,732600.0,62573.22,0.0,712211.2424999999,944000.865,2025000.0,449821.26,466450.605,42728.49,2.0977797,0.0,0.0,26.0,423.0,266.0,0.0,0.0,0.0,0.2401555555555555,0.0,1.0,0.0,Tier_2,Salaried,2,0.5806468921493877,79171.46,1372.14,0.0,7304.24,8232.28,8533.53,22357.0,126970.65,48631.5,26897.85,9155.9,0.0452,153678.48,0.0,0.0,45561.56,111,0.3588,0.0,0.0,0.0,957.95,0,0,0.0,0.0,21855.99,20349.45,-11451.27,3
419943,F,52.6735112936345,0,2.0,Married,Secondary / secondary special,House / apartment,Y,Y,112500.0,Working,9.96851471594798,Laborers,Housing,Cash loans,1971072.0,68643.0,1800000.0,7.0,2.0,5.0,1734556.185,0.0,0.0,0.0,0.0,0.0,0.0,20.0,57796.425,57796.425,2.0,18.0,6.0,6.0,0.0,0.9,1.0,3.0,2.0,0.0,41841.0,29891.25,6186.780000000001,2380.5,,,,,,,,,,21.0,222.0,107.5,0.0,0.0,0.0,0.61016,0.0,0.6666666666666666,0.0,Tier_2,Salaried,3,0.6868638257045854,55943.36,619.75,0.0,6166.73,6890.16,4588.11,9660.52,83868.63,56250.0,0.0,0.0,0.0,0.0,0.0,0.0,45576.38,203,0.5434,0.0,0.0,0.0,0.0,0,0,0.0,0.0,-32109.06,9282.49,-46603.4,12
232904,F,60.837782340862425,0,1.0,Widow,Secondary / secondary special,House / apartment,N,N,135000.0,Commercial associate,,,Medicine,Cash loans,656811.0,21834.0,567000.0,1.0,0.0,1.0,79200.0,0.0,0.0,0.0,0.0,0.0,0.0,13.0,130115.655,130115.655,0.0,13.0,0.0,0.0,0.0,1.0,1.0,2.0,2.0,0.0,111766.5,111766.5,16027.56,0.0,,,,,,,,,,14.0,127.0,84.0,0.0,0.0,0.0,0.1617333333333333,0.0,1.0,0.0,Tier_1,Other,1,0.6351825521499195,38821.3,12244.14,0.0,14355.64,9914.45,5158.92,8003.16,88497.61,21834.0,24668.39,13229.88,0.098,525550.49,0.0,0.0,42242.91,53,0.4773,0.0,0.0,0.0,1012.62,1,0,208.82,1.0,21561.67,12795.44,6983.33,0
251694,F,65.11978097193703,0,1.0,Widow,Secondary / secondary special,Municipal apartment,N,N,157500.0,Pensioner,,,XNA,Cash loans,225000.0,12694.5,225000.0,2.0,0.0,2.0,431280.0,0.0,0.0,0.0,0.0,0.0,0.0,58.0,353835.36,339601.5,6.0,52.0,10.0,10.0,-14233.86,0.896551724137931,0.9597726468038696,4.0,3.0,0.0,347755.5,237552.75,12419.505,0.0,,,,,,,,,,56.0,1056.0,668.1666666666666,0.0,0.0,0.0,0.0806,0.0,0.75,0.0,Tier_1,Other,1,0.7070552279743267,68632.6,12660.39,0.0,3542.32,14925.78,4930.13,6710.52,111401.74,12694.5,33403.76,22941.96,0.1457,78092.16,0.0,0.0,36526.44,104,0.3279,0.0,0.0,2871.46,0.0,1,1,376.36,0.9167,37047.73,18516.91,8049.96,0
279563,M,61.99315537303217,0,2.0,Civil marriage,Secondary / secondary special,House / apartment,Y,Y,135000.0,Commercial associate,35.51540041067762,Drivers,Industry: type 11,Cash loans,755190.0,30078.0,675000.0,2.0,0.0,2.0,562500.0,0.0,0.0,0.0,0.0,0.0,0.0,85.0,384203.205,384203.205,0.0,85.0,0.0,0.0,0.0,1.0,1.0,2.0,2.0,0.0,231912.0,231912.0,11030.715,0.0,931680.39,1124849.7,3375000.0,162000.0,154262.565,54920.9775,7.608608749999999,0.0,0.0,19.0,354.0,224.33333333333331,0.0,0.0,0.0,0.2228,0.0,1.0,0.0,Tier_2,Other,3,0.6354215219061095,35203.26,1375.49,0.0,17339.19,10859.26,6997.17,3834.3,75608.67,30078.0,29313.33,10386.45,0.0769,190957.06,0.0,0.0,50551.56,48,0.6686,0.0,0.0,0.0,0.0,0,1,120.84,0.9167,26866.26,12197.04,5989.59,0
134615,F,31.860369609856264,1,3.0,Married,Secondary / secondary special,House / apartment,N,Y,112500.0,Working,,Cooking staff,Restaurant,Cash loans,319500.0,25371.0,319500.0,,,,,,,,,,,64.0,851228.19,805658.3099999999,8.0,56.0,131.0,131.0,-45569.880000000005,0.875,0.9464657297122644,9.0,7.0,2.0,1888609.5,1808413.5,96716.46,17730.0,,,,,,,,,,68.0,1046.6666666666667,615.6666666666666,4.0,236.0,0.0,0.22552,,0.7777777777777778,,Tier_1,Salaried,3,0.7091148715945674,41205.68,1625.78,8894.75,4434.49,15162.04,8452.69,5583.99,85359.42,25371.0,1769.58,1119.61,0.01,21112.76,6990.2,0.0,39116.35,93,0.4583,0.0,0.0,120.59,0.0,1,1,236.49,0.9167,-658.06,6585.01,-11037.9,7
104886,M,28.20260095824777,0,1.0,Single / not married,Secondary / secondary special,With parents,Y,N,112500.0,Commercial associate,,,Business Entity Type 2,Cash loans,187704.0,13729.5,148500.0,2.0,1.0,1.0,1608718.5,1288705.5,0.0,0.0,0.0,0.0,0.0,21.0,1392369.75,1392369.75,1.0,20.0,1.0,1.0,0.0,0.9523809523809524,1.0,3.0,2.0,1.0,1109718.0,1109718.0,79618.365,13315.5,,,,,,,,,,22.0,558.3333333333334,457.6666666666667,0.0,0.0,0.0,0.12204,11.45516,0.6666666666666666,0.0,Tier_3,Other,1,0.4747422242440804,27941.94,4179.05,0.0,6575.02,5484.63,3664.43,10112.14,57957.21,13729.5,40813.29,24578.34,0.2185,448890.58,130638.17,0.0,22295.12,47,0.3847,0.0,0.0,4227.78,0.0,1,0,178.6,0.6667,41307.38,9865.94,25362.05,0
288941,F,28.38056125941136,0,2.0,Married,Secondary / secondary special,House / apartment,N,Y,54000.0,Working,6.346338124572211,Medicine staff,Government,Cash loans,254700.0,25321.5,225000.0,,,,,,,,,,,26.0,299893.365,299893.365,1.0,25.0,1.0,1.0,0.0,0.9615384615384616,1.0,3.0,3.0,0.0,309564.0,309564.0,24060.105000000003,0.0,0.0,0.0,360000.0,0.0,0.0,0.0,0.0,0.0,0.0,27.0,249.33333333333331,147.16666666666666,1.0,1.0,1.0,0.4689166666666666,,1.0,,Tier_3,Salaried,2,0.5984453128143962,20865.41,321.58,0.0,2194.18,2775.63,2340.41,6640.6,35137.81,25321.5,0.0,0.0,0.0,0.0,0.0,0.0,14912.33,25,0.4244,0.0,0.0,0.0,0.0,0,0,0.0,0.0,-7006.79,4354.28,-13876.2,11
126808,F,33.7056810403833,1,3.0,Married,Higher education,House / apartment,N,Y,202500.0,Working,,Accountants,Business Entity Type 3,Cash loans,290088.0,23049.0,229500.0,5.0,1.0,4.0,671971.5,258187.5,0.0,0.0,0.0,0.0,0.0,49.0,324225.9,295173.495,12.0,37.0,86.0,128.0,-29052.405,0.7551020408163265,0.9103945582385616,6.0,4.0,1.0,719406.0,708273.0,44011.485,6975.0,,,,,,,,,,48.0,567.0,352.0,4.0,53.0,4.0,0.1138222222222222,1.275,0.6666666666666666,0.0,Tier_3,Salaried,3,0.5756082845664748,48652.39,498.64,7077.46,34500.51,15793.88,10037.8,19327.93,135888.61,23049.0,43562.39,27036.64,0.1335,679396.07,0.0,0.0,64981.69,209,0.4782,0.0,0.0,0.0,2501.55,1,1,976.62,0.9167,30516.2,15570.93,8191.95,0
381146,F,24.673511293634498,1,3.0,Married,Secondary / secondary special,House / apartment,Y,Y,157500.0,Working,,Private service staff,Services,Cash loans,691020.0,26905.5,495000.0,6.0,0.0,6.0,176809.5,0.0,0.0,0.0,0.0,0.0,0.0,9.0,31988.835,31988.835,0.0,9.0,0.0,0.0,0.0,1.0,1.0,3.0,2.0,0.0,108954.0,108954.0,5468.9400000000005,4500.0,0.0,0.0,540000.0,0.0,0.0,0.0,0.0,0.0,0.0,10.0,86.0,39.5,0.0,0.0,0.0,0.1708285714285714,0.0,0.6666666666666666,0.0,Tier_3,Salaried,3,0.6141656426674088,55444.02,1406.97,20442.11,4468.37,6773.44,8196.18,14218.65,110949.74,26905.5,19644.76,8402.43,0.0533,165669.03,48301.07,0.0,58401.89,46,0.5264,0.0,0.0,0.0,0.0,0,1,335.73,0.8333,25215.41,17313.29,-7072.22,1
110012,F,57.6290212183436,0,2.0,Married,Secondary / secondary special,House / apartment,N,N,157500.0,Pensioner,,,XNA,Revolving loans,450000.0,22500.0,450000.0,2.0,2.0,0.0,553500.0,303435.0,0.0,0.0,0.0,0.0,0.0,18.0,415761.165,415761.165,0.0,18.0,0.0,0.0,0.0,1.0,1.0,5.0,2.0,0.0,996151.5,996151.5,49940.55,0.0,,,,,,,,,,19.0,348.0,266.0,0.0,0.0,0.0,0.1428571428571428,1.9265714285714288,0.4,0.0,Tier_2,Other,2,0.7161073245086659,57009.79,8619.58,0.0,26192.79,8437.29,6510.92,14526.68,121297.05,22500.0,13702.95,3566.25,0.0226,108334.43,41251.51,0.0,74686.96,186,0.6157,0.0,0.0,0.0,268.66,0,1,390.07,0.8333,12192.09,11754.74,-5288.82,1
359937,M,63.23066392881588,0,2.0,Married,Higher education,House / apartment,N,Y,126000.0,Pensioner,,,XNA,Cash loans,1350000.0,51552.0,1350000.0,4.0,1.0,3.0,990846.0,525127.5,0.0,0.0,0.0,0.0,0.0,13.0,825094.44,825094.44,0.0,13.0,0.0,0.0,0.0,1.0,1.0,12.0,2.0,5.0,3504924.0,2720133.0,126487.215,4569.75,,,,,,,,,,15.0,169.0,104.5,0.0,0.0,0.0,0.4091428571428571,4.167678571428572,0.1666666666666666,0.0,Tier_2,Other,3,0.6768024953862468,52556.95,2187.48,0.0,6020.18,10425.24,9420.67,8035.2,88645.72,51552.0,0.0,0.0,0.0,0.0,0.0,0.0,37189.06,69,0.4195,0.0,0.0,0.0,0.0,1,0,287.01,1.0,-15114.43,12330.22,-42467.95,11
170655,F,59.15947980835045,0,2.0,Married,Secondary / secondary special,House / apartment,N,Y,202500.0,Pensioner,,,XNA,Cash loans,888840.0,29016.0,675000.0,2.0,1.0,1.0,130117.5,0.0,0.0,0.0,0.0,0.0,0.0,61.0,525475.44,439141.41,12.0,49.0,58.5,65.0,-86334.03,0.8032786885245902,0.8357030159202113,6.0,3.0,2.0,486612.0,486612.0,42204.96,18238.5,,,,,,,,,,53.0,730.0,425.1904761904762,3.0,7.0,7.0,0.1432888888888888,0.0,0.5,0.0,Tier_3,Other,3,0.5948732461418772,75641.71,2715.3,0.0,6156.09,4471.41,11300.71,7520.22,107805.44,29016.0,65678.56,38972.0,0.1925,192081.08,0.0,0.0,29398.21,66,0.2727,0.0,0.0,0.0,0.0,1,0,236.51,1.0,55085.41,21545.11,12004.49,0
418115,F,58.97604380561259,0,1.0,Widow,Secondary / secondary special,House / apartment,N,N,58500.0,Pensioner,,,XNA,Cash loans,312768.0,13905.0,270000.0,6.0,2.0,4.0,653251.5,223683.39,0.0,0.0,0.0,0.0,0.0,114.0,966458.745,729395.865,29.0,85.0,100.5,195.0,-237062.87999999995,0.7456140350877193,0.7547097781188787,6.0,5.0,1.0,566946.0,566946.0,50460.975,15921.0,,,,,,,,,,98.0,1038.6190476190477,560.9285714285714,4.0,24.0,0.0,0.2376923076923077,3.823647692307692,0.8333333333333334,0.0,Tier_2,Other,1,0.7502810065221428,23771.77,4049.42,0.0,4555.02,4525.3,2404.99,2305.72,41612.22,13905.0,2982.78,1079.31,0.0184,7915.75,0.0,0.0,18237.84,64,0.4383,0.0,0.0,158.64,0.0,1,1,116.04,0.8333,1236.47,7067.66,-12697.74,6
382332,F,29.22655715263518,0,1.0,Single / not married,Secondary / secondary special,House / apartment,N,N,112500.0,Working,4.073921971252567,Sales staff,Self-employed,Cash loans,450000.0,24412.5,450000.0,10.0,4.0,6.0,931734.45,0.0,175500.0,0.0,0.0,0.0,0.0,16.0,143176.86000000002,106992.135,5.0,11.0,454.0,454.0,-36184.72499999999,0.6875,0.7472725341231815,2.0,2.0,0.0,87435.0,87435.0,17828.010000000002,10350.0,,,,,,,,,,28.0,126.0,31.0,17.0,2025.0,2.0,0.217,0.0,1.0,0.0,Tier_2,Salaried,1,0.604609164545848,31508.84,10573.1,0.0,7798.33,8689.5,5199.07,8873.35,72642.19,24412.5,15445.31,8097.57,0.072,142660.84,0.0,0.0,50402.89,133,0.6939,0.0,0.0,0.0,0.0,0,0,0.0,0.0,17190.08,6322.62,6509.09,0
398521,F,37.97125256673511,1,3.0,Civil marriage,Secondary / secondary special,House / apartment,N,N,157500.0,Working,15.342915811088297,Laborers,Business Entity Type 2,Revolving loans,450000.0,22500.0,450000.0,6.0,0.0,6.0,318505.5,0.0,0.0,0.0,0.0,0.0,0.0,170.0,1159830.81,1139580.81,8.0,162.0,65.0,65.0,-20250.0,0.9529411764705882,0.9825405569282988,15.0,8.0,3.0,2613523.5,2365530.75,120763.5975,45267.3,2704649.98425,3774007.35,4348500.0,211899.24,495691.74,168204.126,20.034444327777777,6.0,6.0,69.0,838.3333333333334,492.8333333333333,1.0,2.0,2.0,0.1428571428571428,0.0,0.5333333333333333,0.0,Tier_1,Salaried,4,0.7208507080437303,66807.24,15295.92,11254.78,4066.7,8988.47,7120.88,15018.96,128552.95,22500.0,6447.05,3785.33,0.024,195843.63,0.0,0.0,78424.05,264,0.6101,0.0,0.0,522.25,0.0,1,0,126.77,0.8333,1794.12,16806.34,-32449.14,5
431695,M,57.31143052703628,0,1.0,Separated,Secondary / secondary special,House / apartment,N,N,112500.0,Working,,Drivers,Business Entity Type 3,Cash loans,706500.0,20376.0,706500.0,4.0,1.0,3.0,630184.23,0.0,0.0,0.0,0.0,0.0,0.0,160.0,1606432.005,1879444.26,2.0,158.0,11.0,11.0,273012.255,0.9875,1.1699494620066413,11.0,5.0,3.0,1060605.0,627092.25,78664.365,11808.0,1781637.138,3334794.75,5530500.0,220500.0,414990.0,141290.67,9.8979841,2.0,2.0,62.0,725.3333333333334,465.5833333333333,0.0,0.0,0.0,0.18112,0.0,0.4545454545454545,0.0,Tier_3,Salaried,1,0.6270691335915068,43281.64,3455.67,0.0,4318.86,10440.79,5054.67,9915.17,76466.8,20376.0,15657.2,11713.09,0.1041,316706.4,111436.4,0.0,29179.71,39,0.3816,1198.61,58942.78,0.0,1171.82,0,0,0.0,0.0,19927.25,6383.37,10180.83,0
225683,M,45.99863107460644,0,2.0,Married,Higher education,House / apartment,N,Y,238500.0,Commercial associate,,Drivers,Hotel,Cash loans,1138909.5,48384.0,976500.0,13.0,1.0,12.0,2409972.48,16951.5,0.0,0.0,0.0,0.0,0.0,45.0,934033.635,934033.635,0.0,45.0,0.0,0.0,0.0,1.0,1.0,4.0,3.0,1.0,702369.0,702369.0,59336.19,9000.0,1793722.1925,2371254.57,4095000.0,707551.515,838087.02,78993.585,4.046374346153846,0.0,0.0,10.0,40.0,20.0,0.0,0.0,0.0,0.2028679245283018,0.0710754716981132,0.75,0.0,Tier_3,Other,2,0.6399955852206314,111669.48,1488.36,0.0,7022.77,11768.03,11425.99,35731.59,179106.22,48384.0,11009.78,3211.0,0.0135,9422.38,0.0,0.0,43788.62,168,0.2445,0.0,0.0,0.0,0.0,1,1,569.57,0.75,3251.44,26870.74,-40636.0,5
292495,M,64.71457905544148,0,2.0,Married,Secondary / secondary special,House / apartment,Y,Y,135000.0,Working,5.623545516769336,High skill tech staff,Business Entity Type 3,Cash loans,454500.0,24345.0,454500.0,1.0,1.0,0.0,68805.0,19277.775,0.0,0.0,0.0,0.0,0.0,74.0,1653471.405,2403159.345,3.0,71.0,44.0,44.0,749687.94,0.9594594594594594,1.4534024221604245,4.0,4.0,0.0,1339272.0,1339272.0,71653.725,0.0,,,,,,,,,,59.0,1469.6,1013.3,2.0,32.0,1.0,0.1803333333333333,0.1427983333333333,1.0,0.0,Tier_3,Salaried,1,0.5492152801644615,34746.42,3500.79,0.0,12860.49,7467.97,10148.14,15986.51,84710.32,24345.0,25944.68,12720.48,0.0942,505775.56,73748.98,0.0,41074.06,54,0.4849,0.0,0.0,0.0,826.17,0,0,0.0,0.0,21952.25,11020.84,7757.56,0
157969,M,34.13278576317591,1,3.0,Married,Secondary / secondary special,With parents,N,N,112500.0,Working,,Security staff,Business Entity Type 3,Cash loans,490536.0,23859.0,405000.0,8.0,2.0,6.0,1305724.5,171904.5,0.0,0.0,0.0,0.0,0.0,10.0,184305.195,184305.195,0.0,10.0,0.0,0.0,0.0,1.0,1.0,2.0,2.0,0.0,166441.5,166441.5,20608.74,0.0,,,,,,,,,,12.0,56.66666666666666,30.83333333333333,0.0,0.0,0.0,0.21208,1.52804,1.0,0.0,Tier_3,Salaried,4,0.6006716408531471,41763.91,3272.68,5843.13,7195.67,5206.9,4293.27,4464.78,72040.34,23859.0,16600.66,10690.21,0.095,448157.06,0.0,1744.68,19534.98,21,0.2712,1648.87,84958.52,0.0,0.0,0,0,0.0,0.0,16448.56,8082.14,3318.17,0
415800,M,48.936344969199176,0,2.0,Married,Higher education,Rented apartment,N,Y,292500.0,Commercial associate,,High skill tech staff,Business Entity Type 3,Cash loans,545040.0,26640.0,450000.0,1.0,1.0,0.0,130500.0,137925.0,0.0,0.0,0.0,0.0,0.0,11.0,530666.235,530666.235,0.0,11.0,0.0,0.0,0.0,1.0,1.0,1.0,1.0,0.0,405391.5,405391.5,48242.385,0.0,,,,,,,,,,11.0,120.0,62.5,0.0,0.0,0.0,0.091076923076923,0.4715384615384615,1.0,0.0,Tier_2,Other,2,0.6421723038551301,116461.44,4364.89,0.0,19317.43,17167.77,16978.42,15246.26,189536.21,26640.0,76323.79,30192.91,0.1032,902001.16,0.0,0.0,80381.92,149,0.4241,0.0,0.0,0.0,0.0,0,1,318.34,0.75,70951.24,35484.65,33457.59,0
248313,F,56.32032854209446,0,1.0,Widow,Secondary / secondary special,House / apartment,N,N,135000.0,Working,7.101984941820671,Laborers,Self-employed,Cash loans,1125000.0,33025.5,1125000.0,10.0,4.0,6.0,2398670.1,1292015.115,151150.5,0.0,0.0,0.0,0.0,52.0,821966.4,794521.845,1.0,51.0,5.0,5.0,-27444.555,0.9807692307692308,0.9666110987018448,4.0,4.0,0.0,605295.0,605295.0,50386.275,36625.5,,,,,,,,,,57.0,670.0,383.0,0.0,0.0,0.0,0.2446333333333333,9.570482333333333,1.0,0.0,Tier_2,Salaried,2,0.6339606815791519,37022.43,7785.54,0.0,14812.16,9796.7,4764.97,6972.03,81153.83,33025.5,20820.67,5304.99,0.0393,169582.3,0.0,0.0,26513.56,51,0.3267,1138.56,24592.63,0.0,469.04,0,1,255.28,0.75,22773.75,5146.64,15836.24,0
145626,F,29.15811088295688,0,2.0,Married,Higher education,With parents,N,N,225000.0,Working,5.9575633127994525,Managers,Bank,Cash loans,848745.0,46174.5,675000.0,13.0,7.0,6.0,2935558.44,1692176.175,23287.32,0.0,0.0,0.0,0.0,9.0,400472.325,400472.325,0.0,9.0,0.0,0.0,0.0,1.0,1.0,3.0,2.0,1.0,467932.5,467932.5,26044.56,3793.5,,,,,,,,,,10.0,92.5,73.0,0.0,0.0,0.0,0.20522,7.520783,0.6666666666666666,0.0,Tier_3,Salaried,2,0.6804908591891408,93508.6,10353.4,0.0,8479.94,19215.37,12199.65,22353.27,166110.23,46174.5,12715.27,4802.72,0.0213,198675.41,25030.52,0.0,83650.11,48,0.5036,507.12,7225.48,0.0,0.0,0,0,0.0,0.0,15568.1,18205.92,-17639.42,1
376761,M,62.99794661190965,0,2.0,Married,Higher education,House / apartment,N,Y,67500.0,Pensioner,,,XNA,Cash loans,284400.0,10345.5,225000.0,2.0,0.0,2.0,726435.0,0.0,0.0,0.0,0.0,0.0,0.0,3.0,120738.06,120738.06,0.0,3.0,0.0,0.0,0.0,1.0,1.0,1.0,1.0,0.0,111312.0,111312.0,20780.82,0.0,,,,,,,,,,5.0,24.0,15.0,0.0,0.0,0.0,0.1532666666666666,0.0,1.0,0.0,Tier_3,Other,3,0.5999643292682586,26342.65,1007.93,0.0,2991.77,4281.08,2765.45,6564.93,43953.81,10345.5,13200.69,6251.07,0.0926,181782.06,18705.95,567.81,13397.55,64,0.3048,0.0,0.0,520.25,0.0,0,0,0.0,0.0,13809.97,5435.42,6037.33,0
116759,M,38.1409993155373,2,4.0,Married,Secondary / secondary special,House / apartment,N,Y,180000.0,Commercial associate,,Drivers,Industry: type 11,Cash loans,261000.0,28237.5,261000.0,2.0,1.0,1.0,162361.845,135000.0,0.0,0.0,0.0,0.0,0.0,9.0,87313.545,87313.545,0.0,9.0,0.0,0.0,0.0,1.0,1.0,2.0,2.0,0.0,155596.5,155596.5,11951.505,0.0,0.0,0.0,360000.0,0.0,0.0,0.0,0.0,0.0,0.0,9.0,108.0,72.0,0.0,0.0,0.0,0.156875,0.75,1.0,0.0,Tier_1,Other,3,0.8734944829368966,85607.46,3019.8,25508.06,12661.86,15425.49,15006.34,4533.16,161762.17,28237.5,0.0,0.0,0.0,0.0,0.0,0.0,77548.45,150,0.4794,0.0,0.0,0.0,0.0,0,0,0.0,0.0,-10332.96,16963.37,-37596.0,9
377205,F,34.652977412731005,2,4.0,Civil marriage,Secondary / secondary special,Municipal apartment,N,N,103500.0,Working,15.507186858316222,,Industry: type 11,Cash loans,450000.0,21888.0,450000.0,1.0,0.0,1.0,44630.28,0.0,0.0,0.0,0.0,0.0,0.0,35.0,298012.815,290042.955,2.0,33.0,13.0,13.0,-7969.859999999999,0.9428571428571428,0.973256653409351,2.0,2.0,0.0,241627.5,241627.5,17869.364999999998,0.0,,,,,,,,,,37.0,465.0,234.64285714285717,1.0,6.0,6.0,0.2114782608695652,0.0,1.0,0.0,Tier_2,Salaried,4,0.6819412540470083,41562.7,5965.64,7444.06,2935.59,6356.72,6316.21,11012.15,81593.07,21888.0,18.93,8.29,0.0001,169.91,0.0,0.0,39258.53,218,0.4812,2.04,15.62,0.0,1.03,0,0,0.0,0.0,-3308.85,11128.43,-16803.63,7
277125,F,38.42847364818618,0,1.0,Widow,Secondary / secondary special,House / apartment,N,Y,76500.0,Working,13.842573579739904,Medicine staff,Government,Cash loans,269550.0,14242.5,225000.0,2.0,2.0,0.0,675000.0,655168.5,0.0,0.0,0.0,0.0,0.0,98.0,1642618.305,1398867.345,21.0,77.0,717.5,815.0,-243750.96,0.7857142857142857,0.8516082773106561,13.0,10.0,2.0,4241407.5,2057726.25,114059.5575,29628.0,0.0,0.0,7605000.0,0.0,0.0,0.0,0.0,0.0,0.0,95.0,1275.3333333333333,835.1666666666666,0.0,0.0,0.0,0.1861764705882353,8.564294117647059,0.7692307692307693,0.0,Tier_1,Salaried,1,0.8079809518022982,32724.89,2848.43,0.0,3685.6,14149.49,4955.99,3600.69,61965.09,14242.5,292.41,82.71,0.0011,2367.23,904.64,0.0,17695.66,32,0.2856,0.0,0.0,0.0,0.0,1,0,156.46,0.75,3617.61,8631.48,-11666.99,5
398487,M,29.711156741957563,0,2.0,Married,Secondary / secondary special,House / apartment,Y,Y,112500.0,Working,6.379192334017796,Sales staff,Trade: type 7,Revolving loans,180000.0,9000.0,180000.0,5.0,1.0,4.0,391180.455,0.0,0.0,0.0,0.0,0.0,0.0,46.0,842948.865,814882.365,1.0,45.0,8.0,8.0,-28066.5,0.9782608695652174,0.9667043860365124,4.0,4.0,0.0,614767.5,614767.5,49228.875,14440.5,,,,,,,,,,48.0,533.0,304.55,0.0,0.0,0.0,0.08,0.0,1.0,0.0,Tier_3,Salaried,2,0.5687033171027763,40302.0,835.91,0.0,5224.94,6579.51,5820.52,10228.94,68991.82,9000.0,34508.18,22248.02,0.1978,1101277.27,229237.51,0.0,11279.8,53,0.1635,0.0,0.0,0.0,0.0,0,0,0.0,0.0,34706.14,7982.88,22633.58,0
435572,M,40.257357973990416,1,2.0,Separated,Secondary / secondary special,House / apartment,Y,N,225000.0,Commercial associate,6.368240930869268,Laborers,Business Entity Type 3,Cash loans,990000.0,28944.0,990000.0,2.0,1.0,1.0,161850.015,103585.5,0.0,0.0,0.0,0.0,0.0,29.0,203815.89,203815.89,0.0,29.0,0.0,0.0,0.0,1.0,1.0,4.0,2.0,2.0,496665.0,496665.0,26209.845,3150.0,3031978.23,3225536.145,4680000.0,358560.0,74928.42,117759.51,8.42216175,0.0,0.0,10.0,100.0,55.0,0.0,0.0,0.0,0.12864,0.46038,0.5,0.0,Tier_3,Other,2,0.6546258322016422,71369.9,11546.22,17951.4,11071.86,18952.03,16399.39,15224.71,162515.51,28944.0,33540.49,22324.54,0.0992,1100742.92,148213.36,0.0,49205.04,205,0.3028,0.0,0.0,0.0,0.0,0,1,255.79,1.0,29511.56,25666.76,-12830.72,1
212026,M,41.64818617385352,1,2.0,Widow,Secondary / secondary special,House / apartment,N,Y,135000.0,Working,,Laborers,Business Entity Type 3,Revolving loans,225000.0,11250.0,225000.0,8.0,4.0,4.0,2394000.0,423010.89,814.95,0.0,0.0,0.0,0.0,15.0,131012.19,131012.19,0.0,15.0,0.0,0.0,0.0,1.0,1.0,2.0,2.0,0.0,112617.0,112617.0,7681.005,1845.0,,,,,,,,,,17.0,247.0,198.5,0.0,0.0,0.0,0.0833333333333333,3.133414,1.0,0.0,Tier_3,Salaried,1,0.4649001068661378,42087.52,827.69,3530.88,2080.51,8513.06,5721.86,10044.81,72806.33,11250.0,50943.67,19481.76,0.1443,496273.25,126462.84,0.0,27171.55,55,0.3732,2513.91,135626.58,2837.03,0.0,0,1,179.29,0.75,50506.85,9675.4,27354.39,0
338141,F,30.5927446954141,1,3.0,Married,Secondary / secondary special,With parents,Y,Y,180000.0,Working,,Core staff,Trade: type 3,Cash loans,1350000.0,39474.0,1350000.0,2.0,1.0,1.0,1335856.5,0.0,0.0,0.0,0.0,0.0,0.0,39.0,335277.135,330651.9,0.0,39.0,0.0,0.0,-4625.234999999999,1.0,0.9862047407438028,4.0,3.0,0.0,321813.0,321813.0,25959.915,0.0,529371.72,529371.72,945000.0,210166.02,90201.33,22016.34,4.1648943,0.0,0.0,20.0,168.0,86.0,0.0,0.0,0.0,0.2193,0.0,0.75,0.0,Tier_2,Salaried,3,0.6699681895230181,60621.16,3877.72,12996.44,13942.01,17928.54,11228.41,6466.09,127060.37,39474.0,13465.63,5783.28,0.0321,50223.81,0.0,761.57,84793.59,255,0.6673,970.88,11719.3,0.0,0.0,1,1,705.79,0.9167,16117.49,11864.75,-1960.9,1
404918,F,33.33607118412046,0,2.0,Married,Higher education,House / apartment,N,Y,153000.0,Working,,Core staff,School,Cash loans,640080.0,29970.0,450000.0,4.0,1.0,3.0,2699788.5,0.0,0.0,0.0,0.0,0.0,0.0,10.0,183174.165,183174.165,0.0,10.0,0.0,0.0,0.0,1.0,1.0,4.0,1.0,1.0,434407.5,434407.5,32432.58,17095.5,,,,,,,,,,11.0,100.0,44.5,0.0,0.0,0.0,0.1958823529411764,0.0,0.25,0.0,Tier_3,Salaried,2,0.5008300998756775,47070.17,711.77,0.0,12058.84,5693.86,3619.15,32686.87,101840.66,29970.0,21189.34,10757.19,0.0703,322132.4,34972.69,0.0,46768.71,122,0.4592,0.0,0.0,918.76,0.0,0,0,0.0,0.0,20802.57,7573.07,11790.98,0
382953,F,39.82203969883641,0,2.0,Married,Secondary / secondary special,House / apartment,N,N,175500.0,Working,9.872689938398358,Sales staff,Business Entity Type 3,Cash loans,229230.0,22801.5,202500.0,2.0,1.0,1.0,204849.0,158490.0,0.0,0.0,0.0,0.0,0.0,68.0,1300981.725,1242647.595,6.0,62.0,13.5,15.0,-58334.13,0.9117647058823528,0.9551614531710658,12.0,8.0,2.0,1299703.5,949558.5,91422.2925,35172.0,0.0,0.0,2295000.0,0.0,0.0,0.0,0.0,0.0,0.0,72.0,863.4,545.55,0.0,0.0,0.0,0.1299230769230769,0.9030769230769232,0.6666666666666666,0.0,Tier_2,Salaried,3,0.7415794615320501,82436.96,8294.0,0.0,16177.72,9619.37,6220.98,17554.91,140303.94,22801.5,12394.56,6022.15,0.0343,168341.32,0.0,927.71,67230.6,109,0.4792,0.0,0.0,0.0,415.14,0,0,0.0,0.0,13720.66,12716.45,-15832.53,2
354146,F,29.842573579739906,1,2.0,Single / not married,Secondary / secondary special,House / apartment,Y,Y,112500.0,Working,,Laborers,Business Entity Type 3,Cash loans,397017.0,21667.5,301500.0,2.0,1.0,1.0,285507.0,130135.5,0.0,0.0,0.0,0.0,0.0,7.0,95229.405,81625.095,1.0,6.0,3.0,3.0,-13604.31,0.8571428571428571,0.8571417095381411,2.0,2.0,0.0,128286.0,128286.0,20653.875,35460.0,,,,,,,,,,8.0,42.0,21.0,0.0,0.0,0.0,0.1926,1.15676,1.0,0.0,Tier_3,Salaried,1,0.6922150393613985,49556.43,846.02,5438.39,11804.6,6814.08,3414.68,11185.55,89059.75,21667.5,1772.75,1130.58,0.01,6673.83,1828.69,0.0,13644.53,64,0.1532,0.0,0.0,0.0,0.0,0,0,0.0,0.0,1701.75,12649.34,-16725.72,6
344153,M,43.441478439425055,0,2.0,Married,Secondary / secondary special,House / apartment,Y,N,121500.0,Working,,,Security,Cash loans,765000.0,39190.5,765000.0,1.0,1.0,0.0,360000.0,160224.345,0.0,0.0,0.0,0.0,0.0,6.0,36333.18,36333.18,0.0,6.0,0.0,0.0,0.0,1.0,1.0,1.0,1.0,0.0,30186.0,30186.0,6058.35,7191.0,,,,,,,,,,7.0,42.0,21.0,0.0,0.0,0.0,0.3225555555555555,1.318718888888889,1.0,0.0,Tier_2,Salaried,1,0.6325395026854181,47265.1,9280.95,0.0,2621.84,9607.96,3176.91,8110.54,80063.3,39190.5,2246.2,1411.12,0.0116,6015.15,2045.55,0.0,47133.97,62,0.5887,0.0,0.0,0.0,0.0,0,0,0.0,0.0,143.79,12244.53,-25953.01,5
261620,M,38.3791923340178,1,3.0,Married,Secondary / secondary special,House / apartment,Y,Y,90000.0,Working,5.705681040383299,,Kindergarten,Cash loans,297000.0,25618.5,297000.0,2.0,1.0,1.0,121227.975,0.0,0.0,0.0,0.0,0.0,0.0,84.0,238346.91,238346.91,0.0,84.0,0.0,0.0,0.0,1.0,1.0,8.0,4.0,3.0,650461.5,437730.75,29709.7425,0.0,264294.153,484869.42,1643625.0,70332.57,94437.585,13602.06,4.605630088888889,0.0,0.0,15.0,95.0,67.0,0.0,0.0,0.0,0.28465,0.0,0.5,0.0,Tier_2,Salaried,3,0.6320568811288306,43994.15,650.99,3401.82,1557.75,4272.38,3008.02,3311.75,60196.86,25618.5,4184.64,1815.08,0.0202,21199.04,0.0,0.0,20106.29,62,0.334,311.79,15747.22,105.89,0.0,0,0,0.0,0.0,7309.75,7929.18,-7789.24,2
325967,F,44.5284052019165,0,1.0,Single / not married,Secondary / secondary special,Municipal apartment,N,Y,180000.0,Working,,Sales staff,Self-employed,Revolving loans,270000.0,13500.0,270000.0,1.0,0.0,1.0,58455.0,0.0,0.0,0.0,0.0,0.0,0.0,12.0,111394.935,111394.935,0.0,12.0,0.0,0.0,0.0,1.0,1.0,1.0,1.0,0.0,99454.5,99454.5,9283.095,0.0,,,,,,,,,,13.0,144.0,66.5,0.0,0.0,0.0,0.075,0.0,1.0,0.0,Tier_1,Salaried,1,0.6644636966067637,32735.57,4453.32,0.0,12372.67,40802.7,14205.89,7185.86,111756.01,13500.0,54743.99,34588.33,0.1922,500670.42,0.0,0.0,69978.64,83,0.6262,0.0,0.0,0.0,2960.14,1,1,559.05,0.8333,49958.34,12398.89,33008.79,0
182021,F,46.74058863791923,1,3.0,Married,Secondary / secondary special,House / apartment,N,Y,180000.0,Commercial associate,,,Business Entity Type 3,Cash loans,298512.0,15291.0,270000.0,2.0,1.0,1.0,12366000.0,12097849.5,0.0,0.0,0.0,0.0,0.0,,,,,,,,,,,,,,,,,,,,,,,,,,,,,,,,,0.08495,67.210275,,0.0,Tier_2,Other,3,0.7335934517237623,89001.82,1554.84,6164.84,8855.98,15083.79,11385.55,5008.85,137055.67,15291.0,27653.33,10369.49,0.0576,29779.79,0.0,0.0,63936.18,202,0.4665,0.0,0.0,0.0,0.0,1,0,262.74,0.75,23266.99,21228.67,-18801.44,3
320244,M,23.627652292950035,0,1.0,Single / not married,Secondary / secondary special,House / apartment,Y,Y,112500.0,Working,,Laborers,Industry: type 1,Cash loans,314100.0,17167.5,225000.0,,,,,,,,,,,14.0,144199.305,123599.25,2.0,12.0,15.0,15.0,-20600.055,0.8571428571428571,0.8571417871951602,2.0,2.0,0.0,108063.0,108063.0,20602.485,1660.5,,,,,,,,,,14.0,72.0,37.0,0.0,0.0,0.0,0.1526,,1.0,,Tier_3,Salaried,1,0.6799088499015759,40615.31,1092.94,0.0,8055.62,8709.68,10966.74,6373.31,75813.6,17167.5,19518.9,7848.63,0.0698,112129.62,0.0,0.0,28232.48,75,0.3724,0.0,0.0,0.0,0.0,0,1,155.8,1.0,21320.61,6248.5,6407.71,0
233574,F,45.21834360027378,0,1.0,Single / not married,Secondary / secondary special,House / apartment,Y,Y,135000.0,Working,4.714579055441479,Sales staff,Self-employed,Cash loans,1078200.0,31653.0,900000.0,,,,,,,,,,,12.0,159168.015,159168.015,0.0,12.0,0.0,0.0,0.0,1.0,1.0,1.0,1.0,0.0,147267.0,147267.0,13268.745,0.0,,,,,,,,,,13.0,120.0,62.5,0.0,0.0,0.0,0.2344666666666666,,1.0,,Tier_3,Salaried,1,0.5957562127794056,43776.16,1218.54,0.0,10985.32,10634.98,8662.71,23925.87,99203.58,31653.0,4143.42,2070.65,0.0153,69939.55,0.0,0.0,32416.93,309,0.3268,0.0,0.0,0.0,0.0,1,1,612.86,1.0,3324.77,12759.53,-21798.59,3
401724,M,30.48596851471595,0,2.0,Married,Secondary / secondary special,House / apartment,N,N,130500.0,Working,6.236824093086927,Laborers,Business Entity Type 3,Cash loans,835380.0,40320.0,675000.0,4.0,3.0,1.0,193052.25,125950.5,0.0,0.0,0.0,0.0,0.0,31.0,594448.695,594448.695,0.0,31.0,0.0,0.0,0.0,1.0,1.0,8.0,3.0,0.0,492867.0,389936.25,36552.285,0.0,,,,,,,,,,33.0,474.5,303.75,0.0,0.0,0.0,0.3089655172413793,0.9651379310344828,0.375,0.0,Tier_3,Salaried,1,0.501196833085307,29717.28,1794.72,0.0,23577.79,6090.88,1672.1,11984.55,74837.32,40320.0,15342.68,11840.03,0.0907,452015.68,125799.5,0.0,31323.63,76,0.4186,0.0,0.0,0.0,0.0,0,0,0.0,0.0,8187.11,9895.25,-17062.15,2
383479,F,64.92539356605064,0,1.0,Separated,Higher education,House / apartment,N,Y,144000.0,Pensioner,,,XNA,Cash loans,715500.0,21901.5,715500.0,6.0,2.0,4.0,1301313.015,85666.5,0.0,0.0,0.0,0.0,0.0,53.0,1041416.775,1041416.775,0.0,53.0,0.0,0.0,0.0,1.0,1.0,7.0,5.0,1.0,1191568.5,1149374.25,67469.8725,2198.25,,,,,,,,,,57.0,668.0,414.1666666666667,0.0,0.0,0.0,0.15209375,0.59490625,0.7142857142857143,0.0,Tier_2,Other,2,0.6627470783147194,65647.83,1828.64,0.0,6206.37,10068.2,7837.06,7480.7,99068.8,21901.5,23029.7,13742.42,0.0954,397196.1,76696.75,0.0,38598.82,37,0.3896,0.0,0.0,1696.73,0.0,0,0,0.0,0.0,21842.48,13444.53,4170.38,0
269779,M,41.2539356605065,2,4.0,Married,Secondary / secondary special,House / apartment,Y,Y,270000.0,Working,10.86652977412731,Drivers,Business Entity Type 1,Cash loans,755190.0,38556.0,675000.0,14.0,3.0,11.0,7992679.5,2641482.0,0.0,0.0,0.0,0.0,0.0,3.0,113133.96,113133.96,0.0,3.0,0.0,0.0,0.0,1.0,1.0,2.0,1.0,0.0,107406.0,53703.0,11931.75,11934.0,,,,,,,,,,4.0,33.0,27.0,0.0,0.0,0.0,0.1428,9.783266666666666,0.5,0.0,Tier_1,Salaried,5,0.8418928780114839,102064.57,6385.12,18130.73,23368.43,58961.52,18400.69,7141.51,234452.57,38556.0,0.0,0.0,0.0,0.0,0.0,0.0,105278.91,238,0.449,0.0,0.0,0.0,0.0,0,0,0.0,0.0,-8240.18,19112.71,-48991.82,9
198597,M,58.1492128678987,0,1.0,Single / not married,Secondary / secondary special,House / apartment,Y,Y,180000.0,Pensioner,,,XNA,Cash loans,163008.0,16249.5,144000.0,,,,,,,,,,,15.0,623195.8200000001,623195.8200000001,0.0,15.0,0.0,0.0,0.0,1.0,1.0,6.0,3.0,0.0,1849351.5,992175.75,47368.08,0.0,0.0,0.0,810000.0,0.0,0.0,0.0,0.0,0.0,0.0,16.0,297.0,239.0,0.0,0.0,0.0,0.090275,,0.5,,Tier_2,Other,2,0.672698277557807,70426.7,2225.07,0.0,16443.06,14613.92,9764.09,7414.96,120887.8,16249.5,42862.7,23647.92,0.1314,810513.62,140057.16,0.0,85109.35,264,0.704,0.0,0.0,3525.11,0.0,0,0,0.0,0.0,40467.62,14969.18,8913.58,0
132311,F,57.81519507186858,0,1.0,Separated,Secondary / secondary special,House / apartment,N,Y,90000.0,Pensioner,,,XNA,Cash loans,142200.0,5238.0,112500.0,5.0,4.0,1.0,741195.0,495670.5,0.0,0.0,0.0,0.0,0.0,44.0,530483.04,775142.685,2.0,42.0,2.0,2.0,244659.645,0.9545454545454546,1.461201634269024,25.0,6.0,15.0,3258463.5,1366539.0,79643.2875,0.0,20754.27,20754.27,675000.0,27094.5,33578.19,2334.51,0.1537353333333333,0.0,0.0,37.0,479.3333333333333,371.5,0.0,0.0,0.0,0.0582,5.50745,0.24,0.0,Tier_3,Other,2,0.7409903292704781,38216.49,979.54,0.0,6361.42,11274.43,5100.03,8279.13,70211.04,5238.0,14550.96,7176.22,0.0797,265838.84,56777.57,0.0,28918.18,40,0.4119,1131.01,4016.54,0.0,0.0,1,0,166.2,1.0,14487.59,6576.62,1707.48,0
276150,F,57.96303901437371,0,2.0,Civil marriage,Secondary / secondary special,House / apartment,N,Y,135000.0,Working,4.2792607802874745,Cleaning staff,Business Entity Type 3,Cash loans,673875.0,19701.0,562500.0,18.0,5.0,13.0,1849704.165,482116.5,2080.035,0.0,0.0,0.0,0.0,120.0,581274.9450000001,577379.925,1.0,119.0,2.0,2.0,-3895.02,0.9916666666666668,0.9932991778959268,7.0,5.0,0.0,554967.0,428037.75,39895.47,2250.0,46063.87875,153235.305,704250.0,65902.5,75226.5,3405.165,1.5365346666666668,0.0,0.0,31.0,232.0,112.0,0.0,0.0,0.0,0.1459333333333333,3.5712333333333333,0.7142857142857143,0.0,Tier_1,Salaried,1,0.6077738909407283,40738.26,4701.02,0.0,8515.47,11755.53,9451.72,12097.06,87259.06,19701.0,28039.94,15792.7,0.117,291626.53,0.0,0.0,31939.56,135,0.366,0.0,0.0,0.0,0.0,0,0,0.0,0.0,29926.24,11693.74,13775.14,0
423951,M,48.55304585900068,0,2.0,Married,Secondary / secondary special,House / apartment,Y,Y,180000.0,Working,,Drivers,Agriculture,Cash loans,301464.0,21937.5,238500.0,7.0,2.0,5.0,1261377.0,77422.5,0.0,0.0,0.0,0.0,0.0,58.0,283032.315,283032.315,0.0,58.0,0.0,0.0,0.0,1.0,1.0,4.0,4.0,0.0,203872.5,203872.5,20430.495,3735.0,,,,,,,,,,62.0,688.0,368.8333333333333,0.0,0.0,0.0,0.121875,0.430125,1.0,0.0,Tier_1,Salaried,2,0.694992773144998,63381.98,9236.41,0.0,15680.12,21337.13,10027.96,9558.14,129221.74,21937.5,28840.76,12552.84,0.0697,148176.59,0.0,0.0,56259.77,158,0.4354,0.0,0.0,0.0,1496.33,1,0,204.32,0.8333,30198.65,14492.24,8222.09,0
433493,M,38.064339493497606,2,4.0,Married,Secondary / secondary special,House / apartment,Y,Y,157500.0,Working,11.422313483915127,Security staff,Industry: type 2,Cash loans,254700.0,17149.5,225000.0,8.0,5.0,3.0,1716957.0,1114771.5,62792.46,0.0,0.0,0.0,0.0,10.0,85834.935,85834.935,0.0,10.0,0.0,0.0,0.0,1.0,1.0,4.0,3.0,0.0,138096.0,138096.0,13729.815,5908.5,0.0,0.0,945000.0,0.0,0.0,0.0,0.0,0.0,0.0,11.0,104.0,52.5,0.0,0.0,0.0,0.1088857142857142,7.077914285714286,0.75,0.0,Tier_1,Salaried,4,0.6935359518980622,58073.48,2787.2,5761.62,8527.98,13942.25,20139.38,7564.32,116796.23,17149.5,23554.27,11000.19,0.0698,149919.06,26570.38,0.0,56147.78,79,0.4807,3207.67,29044.39,0.0,0.0,1,0,338.23,0.9167,26227.66,13729.89,-6683.22,1
281689,M,58.05886379192334,0,2.0,Married,Secondary / secondary special,House / apartment,N,Y,135000.0,Working,9.35523613963039,Laborers,Business Entity Type 1,Cash loans,56034.0,6165.0,49500.0,,,,,,,,,,,12.0,68287.68,68287.68,0.0,12.0,0.0,0.0,0.0,1.0,1.0,3.0,1.0,1.0,102370.5,102370.5,10207.26,0.0,,,,,,,,,,14.0,132.0,61.83333333333333,0.0,0.0,0.0,0.0456666666666666,,0.3333333333333333,,Tier_3,Salaried,2,0.6309824674001427,56614.49,1028.64,0.0,9285.37,7666.41,5356.75,6509.91,86461.57,6165.0,42373.43,29299.41,0.217,1107167.71,0.0,0.0,41852.58,126,0.4841,0.0,0.0,0.0,0.0,0,0,0.0,0.0,46190.47,8095.37,31272.32,0
205267,F,63.02532511978097,0,1.0,Single / not married,Secondary / secondary special,House / apartment,N,Y,112500.0,Pensioner,,,XNA,Cash loans,125136.0,4621.5,99000.0,5.0,2.0,3.0,457352.1,0.0,0.0,0.0,0.0,0.0,0.0,39.0,614316.735,568798.2,3.0,36.0,347.0,347.0,-45518.535,0.9230769230769232,0.9259038010742128,12.0,7.0,1.0,3693222.0,3095244.0,103157.28,43353.0,0.0,0.0,540000.0,0.0,0.0,0.0,0.0,0.0,0.0,51.0,727.0,524.5,1.0,22.0,22.0,0.04108,0.0,0.5833333333333334,0.0,Tier_2,Other,2,0.6677779533986068,42294.98,1709.73,0.0,4263.21,10014.39,8076.75,4597.44,70956.5,4621.5,36922.0,20462.58,0.1819,331069.0,0.0,0.0,33507.81,81,0.4722,0.0,0.0,0.0,0.0,0,1,218.58,1.0,34890.12,12287.33,16244.87,0
381250,F,47.24161533196441,0,2.0,Married,Secondary / secondary special,House / apartment,N,Y,238500.0,Working,21.86447638603696,Laborers,Self-employed,Cash loans,545040.0,20677.5,450000.0,,,,,,,,,,,20.0,837117.36,766171.215,2.0,18.0,17.0,17.0,-70946.145,0.9,0.9152494639461304,6.0,3.0,2.0,2437110.0,2437110.0,148985.46000000002,0.0,5089465.575,5137913.7,6300000.0,882000.0,270450.0,220776.1425,5.65496175,8.0,0.0,6.0,185.0,170.0,0.0,0.0,0.0,0.0866981132075471,,0.5,,Tier_2,Salaried,2,0.6527949268870773,111238.03,2178.61,0.0,5932.97,18031.11,9389.03,19482.7,166252.45,20677.5,51570.05,19747.54,0.0828,1065623.12,0.0,2124.82,64044.23,95,0.3852,0.0,0.0,0.0,0.0,0,0,0.0,0.0,51056.9,12248.12,24497.59,0
131331,F,49.52498288843258,0,1.0,Separated,Secondary / secondary special,House / apartment,N,N,328500.0,Commercial associate,,,Self-employed,Cash loans,579195.0,27994.5,468000.0,11.0,4.0,7.0,2931695.055,1175256.0,0.0,0.0,0.0,0.0,0.0,34.0,841941.0,659966.4450000001,8.0,26.0,33.0,33.0,-181974.555,0.7647058823529411,0.7838630557248074,2.0,2.0,0.0,419733.0,419733.0,31025.025,0.0,,,,,,,,,,28.0,776.0,516.5,1.0,7.0,7.0,0.0852191780821917,3.5776438356164384,1.0,0.0,Tier_1,Other,1,0.8511022958043922,143440.09,39113.28,0.0,11301.15,41480.61,22339.18,13892.71,271567.02,27994.5,28938.48,13534.51,0.0412,291787.17,0.0,0.0,199313.55,536,0.7339,2604.17,163626.84,0.0,0.0,0,0,0.0,0.0,23057.2,35401.56,-24900.21,3
296479,M,29.245722108145102,0,1.0,Single / not married,Higher education,House / apartment,N,N,202500.0,Working,,Security staff,Security,Cash loans,239850.0,25447.5,225000.0,3.0,0.0,3.0,64192.5,0.0,0.0,0.0,0.0,0.0,0.0,12.0,59628.375,59628.375,0.0,12.0,0.0,0.0,0.0,1.0,1.0,5.0,2.0,3.0,108261.0,86330.25,9944.73,6390.0,,,,,,,,,,16.0,90.0,39.0,0.0,0.0,0.0,0.1256666666666666,0.0,0.4,0.0,Tier_1,Salaried,2,0.5115900069746175,73338.78,5039.07,0.0,4315.81,12085.18,4783.65,15978.83,115541.32,25447.5,61511.18,21459.63,0.106,882345.11,0.0,0.0,55452.54,387,0.4799,0.0,0.0,0.0,0.0,1,1,787.85,0.9167,67693.35,15758.6,37573.26,0
297763,M,46.08624229979466,2,4.0,Married,Secondary / secondary special,House / apartment,Y,Y,157500.0,Working,7.112936344969199,Laborers,Business Entity Type 3,Cash loans,1042560.0,37575.0,900000.0,4.0,3.0,1.0,3586500.0,1621269.0,0.0,0.0,0.0,0.0,0.0,12.0,58291.515,58291.515,1.0,11.0,4.0,4.0,0.0,0.9166666666666666,1.0,1.0,1.0,0.0,41674.5,41674.5,4863.42,4630.5,,,,,,,,,,12.0,144.0,78.0,0.0,0.0,0.0,0.2385714285714285,10.293771428571429,1.0,0.0,Tier_1,Salaried,5,0.88,97367.59,4581.65,5793.6,10014.42,14705.11,6137.62,4869.02,143469.01,37575.0,0.0,0.0,0.0,0.0,0.0,0.0,68491.24,182,0.4774,0.0,0.0,0.0,0.0,0,0,0.0,0.0,-27212.38,12686.82,-53624.88,12
218665,F,64.7337440109514,0,2.0,Married,Secondary / secondary special,House / apartment,N,Y,180000.0,Pensioner,,,XNA,Cash loans,315000.0,12289.5,315000.0,,,,,,,,,,,28.0,240363.0,221337.45,2.0,26.0,134.0,134.0,-19025.55,0.9285714285714286,0.9208465945257798,4.0,3.0,1.0,379750.5,379750.5,45077.265,13410.0,,,,,,,,,,33.0,231.86666666666667,105.2,4.0,243.0,0.0,0.068275,,0.75,,Tier_3,Other,2,0.5682244286076751,62539.8,1636.19,0.0,10610.78,10428.69,7030.97,3930.85,96177.28,12289.5,71533.22,36892.1,0.205,179998.35,0.0,5414.47,38288.99,45,0.3981,0.0,0.0,4758.47,0.0,0,0,0.0,0.0,80076.77,16830.5,50052.55,0
323322,F,38.11909650924024,1,3.0,Married,Higher education,House / apartment,N,Y,243000.0,Commercial associate,8.309377138945928,Accountants,Housing,Cash loans,1002456.0,42601.5,810000.0,7.0,0.0,7.0,12120615.0,0.0,0.0,0.0,0.0,0.0,0.0,18.0,146721.6,146721.6,2.0,16.0,7.0,7.0,0.0,0.8888888888888888,1.0,2.0,2.0,0.0,127935.0,127935.0,14087.88,1930.5,,,,,,,,,,19.0,130.0,71.33333333333333,0.0,0.0,0.0,0.1753148148148148,0.0,1.0,0.0,Tier_3,Other,3,0.5926649768769351,74841.0,1616.75,15927.61,26088.23,15268.43,10275.55,20339.85,164357.42,42601.5,36041.08,14079.64,0.0579,422961.01,0.0,1907.95,96655.42,68,0.5881,1732.48,49168.08,2369.31,0.0,0,0,0.0,0.0,48778.9,20981.47,18933.83,0
276441,M,31.86584531143053,1,2.0,Single / not married,Incomplete higher,House / apartment,Y,Y,315000.0,Working,6.288843258042436,Managers,Self-employed,Cash loans,1035832.5,33543.0,904500.0,10.0,3.0,7.0,2501892.0,383908.5,0.0,0.0,0.0,0.0,0.0,87.0,962727.75,1153977.75,9.0,78.0,95.0,95.0,191250.0,0.896551724137931,1.198654292451838,4.0,3.0,0.0,616522.5,616522.5,88972.73999999999,0.0,1815722.5969285716,3443439.375,5512500.0,227614.5,409852.755,93835.5075,11.528397440816327,7.0,7.0,23.0,106.0,50.16666666666666,0.0,0.0,0.0,0.1064857142857142,1.2187571428571429,0.75,0.0,Tier_3,Salaried,2,0.5491199556265741,110021.36,3783.02,11966.85,16577.66,18824.53,11799.35,18922.92,191895.69,33543.0,89561.31,57049.84,0.1811,914461.54,0.0,0.0,63246.67,178,0.3296,0.0,0.0,0.0,0.0,0,0,0.0,0.0,93512.6,24143.93,61561.45,0
291506,M,21.763175906913077,0,1.0,Single / not married,Higher education,House / apartment,Y,Y,126000.0,Commercial associate,,,Business Entity Type 3,Revolving loans,270000.0,13500.0,270000.0,7.0,7.0,0.0,472500.0,319567.59,1394.91,0.0,0.0,0.0,0.0,7.0,305588.52,305588.52,0.0,7.0,0.0,0.0,0.0,1.0,1.0,2.0,2.0,0.0,295065.0,295065.0,22274.685,28800.0,,,,,,,,,,10.0,141.5,121.0,0.0,0.0,0.0,0.1071428571428571,2.536250714285714,1.0,0.0,Tier_3,Other,1,0.540081855722403,43627.17,963.94,0.0,6777.92,6199.09,6159.79,10413.38,74141.29,13500.0,38358.71,21974.61,0.1744,297631.07,0.0,3092.84,32565.72,45,0.4392,0.0,0.0,0.0,0.0,1,0,248.68,1.0,35227.51,12688.06,12604.03,0
167617,M,39.20328542094456,2,4.0,Married,Secondary / secondary special,House / apartment,Y,Y,67500.0,Working,5.897330595482546,Laborers,Industry: type 9,Cash loans,269550.0,14242.5,225000.0,1.0,0.0,1.0,124168.5,0.0,0.0,0.0,0.0,0.0,0.0,2.0,107589.915,107589.915,0.0,2.0,0.0,0.0,0.0,1.0,1.0,1.0,1.0,0.0,105970.5,105970.5,10864.08,0.0,,,,,,,,,,4.0,28.0,23.0,0.0,0.0,0.0,0.211,0.0,1.0,0.0,Tier_3,Salaried,5,0.7542440292165531,26304.92,788.43,6543.83,6620.47,4854.04,5799.78,2753.59,53665.06,14242.5,0.0,0.0,0.0,0.0,0.0,0.0,28072.6,131,0.5231,0.0,0.0,0.0,0.0,0,0,0.0,0.0,799.49,3426.19,-7474.92,4
182664,M,45.84804928131417,0,2.0,Civil marriage,Higher education,House / apartment,N,N,202500.0,State servant,14.929500342231348,,Other,Cash loans,1288350.0,35428.5,1125000.0,1.0,0.0,1.0,90000.0,0.0,0.0,0.0,0.0,0.0,0.0,111.0,1287837.855,1181152.935,11.0,100.0,38.0,40.0,-106684.92,0.9009009009009008,0.917159664482762,10.0,4.0,0.0,1067287.5,929245.5,71008.47,18000.0,358336.32,593812.89,12150000.0,384799.86,302796.495,24471.6675,0.7963029333333334,0.0,0.0,49.0,701.5,362.0,2.0,7.0,7.0,0.1749555555555555,0.0,0.4,0.0,Tier_2,Salaried,2,0.8335292758124297,93784.69,16437.38,0.0,14823.36,29317.81,7692.52,6522.82,168578.58,35428.5,0.0,0.0,0.0,0.0,0.0,0.0,91725.55,181,0.5441,0.0,0.0,0.0,0.0,0,0,0.0,0.0,6290.42,10850.28,-13245.48,3
336196,M,30.598220396988363,0,2.0,Married,Secondary / secondary special,House / apartment,N,Y,180000.0,Commercial associate,12.396988364134154,Laborers,Business Entity Type 3,Cash loans,263686.5,27819.0,238500.0,1.0,0.0,1.0,675000.0,0.0,0.0,0.0,0.0,0.0,0.0,30.0,426195.54,414308.34,2.0,28.0,30.0,30.0,-11887.2,0.9333333333333332,0.9721085772037876,5.0,4.0,0.0,346648.5,346648.5,43101.18,22392.0,,,,,,,,,,34.0,257.0,142.5,2.0,6.0,0.0,0.15455,0.0,0.8,0.0,Tier_2,Other,2,0.6109549023295134,54382.91,1804.32,0.0,6116.77,17749.81,15640.93,5942.77,101637.51,27819.0,50543.49,30359.21,0.1687,333353.06,0.0,0.0,42403.35,65,0.4172,0.0,0.0,0.0,3076.61,1,1,844.02,0.9167,37756.93,6972.01,21756.99,0
247901,M,45.661875427789184,0,2.0,Married,Secondary / secondary special,House / apartment,Y,Y,337500.0,Working,3.904175222450376,Drivers,Self-employed,Cash loans,331110.0,35788.5,292500.0,6.0,0.0,6.0,10627155.0,0.0,0.0,0.0,0.0,0.0,0.0,10.0,77913.63,77913.63,0.0,10.0,0.0,0.0,0.0,1.0,1.0,1.0,1.0,0.0,70141.5,70141.5,7792.74,7200.0,,,,,,,,,,11.0,90.0,41.5,0.0,0.0,0.0,0.10604,0.0,1.0,0.0,Tier_2,Salaried,2,0.6801127676008736,141788.73,4442.03,0.0,13835.47,31203.1,12243.84,25892.62,229405.79,35788.5,72305.71,36235.43,0.1074,1875399.14,525035.72,0.0,72906.93,223,0.3178,3426.87,62305.96,6258.24,0.0,1,1,1117.0,1.0,64050.46,29439.87,28641.17,0
407977,F,53.347022587269,0,1.0,Separated,Secondary / secondary special,House / apartment,Y,Y,148500.0,Working,4.714579055441479,Sales staff,Self-employed,Cash loans,436032.0,24475.5,360000.0,,,,,,,,,,,48.0,1038220.11,1038220.11,1.0,47.0,1.0,1.0,0.0,0.9791666666666666,1.0,8.0,3.0,5.0,2441142.0,1843456.5,101647.035,0.0,4606231.725,4737794.4,7875000.0,1138633.2,564165.0,196244.145,7.717948888235294,0.0,0.0,25.0,365.0,200.66666666666663,0.0,0.0,0.0,0.1648181818181818,,0.375,,Tier_3,Salaried,1,0.5414453588125964,42739.95,1854.34,0.0,4394.34,12418.38,6335.29,17725.74,85468.04,24475.5,38556.46,18874.2,0.1271,672034.11,0.0,0.0,44389.73,150,0.5194,0.0,0.0,0.0,0.0,1,0,329.32,0.9167,34937.35,8756.38,15120.46,0
337103,M,23.956194387405887,1,3.0,Married,Secondary / secondary special,With parents,Y,Y,135000.0,Working,,Laborers,Industry: type 9,Revolving loans,180000.0,9000.0,180000.0,1.0,1.0,0.0,900000.0,652680.0,0.0,0.0,0.0,0.0,0.0,16.0,310225.5,310225.5,0.0,16.0,0.0,0.0,0.0,1.0,1.0,2.0,2.0,0.0,256797.0,256797.0,22331.925,6750.0,,,,,,,,,,19.0,225.5,141.0,0.0,0.0,0.0,0.0666666666666666,4.834666666666666,1.0,0.0,Tier_2,Salaried,3,0.670505612992074,57891.08,1971.19,6606.33,3235.47,7935.48,12878.72,8055.07,98573.34,9000.0,27426.66,15453.33,0.1145,410787.35,0.0,0.0,33402.8,78,0.3389,4250.6,222063.48,0.0,1476.56,0,0,0.0,0.0,26945.71,12312.47,4152.51,0
108364,M,56.865160848733744,0,2.0,Married,Secondary / secondary special,House / apartment,Y,N,157500.0,Pensioner,,,XNA,Cash loans,518562.0,19345.5,463500.0,13.0,6.0,7.0,4543852.5,1398087.0,0.0,0.0,0.0,0.0,0.0,,,,,,,,,,,,,,,,,,,,,,,,,,,,,,,,,0.1228285714285714,8.876742857142856,,0.0,Tier_3,Other,2,0.6700705583528712,52810.84,3836.75,0.0,16956.25,16149.24,10790.16,10924.58,111467.82,19345.5,26686.68,15012.86,0.0953,262837.19,38400.93,0.0,61385.17,43,0.5507,0.0,0.0,0.0,0.0,0,0,0.0,0.0,25796.39,12051.14,11268.94,0
255330,M,26.16016427104723,0,1.0,Single / not married,Secondary / secondary special,House / apartment,Y,N,126000.0,Working,,Drivers,Construction,Cash loans,269550.0,12964.5,225000.0,14.0,5.0,9.0,3899344.5,1646444.295,18969.435,0.0,0.0,0.0,0.0,6.0,52935.165,48168.585,1.0,5.0,2.0,2.0,-4766.58,0.8333333333333334,0.9099543753193174,1.0,1.0,0.0,46494.0,46494.0,4766.58,5166.0,,,,,,,,,,6.0,65.0,49.0,1.0,1.0,1.0,0.1028928571428571,13.067018214285714,1.0,0.0,Tier_2,Salaried,1,0.6464234300957231,39940.48,14079.44,0.0,9129.81,10856.42,4681.82,25212.66,103900.63,12964.5,9134.87,2531.1,0.0201,115524.78,0.0,0.0,40742.78,103,0.3921,0.0,0.0,0.0,0.0,1,0,202.14,0.8333,7103.83,9086.35,-4105.94,3
117863,M,33.10335386721424,0,1.0,Single / not married,Incomplete higher,House / apartment,Y,Y,270000.0,Working,,Managers,Business Entity Type 3,Cash loans,225000.0,16002.0,225000.0,12.0,3.0,9.0,5575770.0,-252.0,252.0,0.0,0.0,0.0,0.0,135.0,687358.89,676009.395,6.0,129.0,35.0,35.0,-11349.495,0.9555555555555556,0.9834882545856066,5.0,2.0,2.0,486918.0,486918.0,51479.415,157500.9,2213118.48,4386453.57,8820000.0,257193.135,559822.5,122844.69,8.775076888888888,5.0,5.0,18.0,115.5,43.5,0.0,0.0,0.0,0.0592666666666666,-0.0009333333333333,0.4,0.0,Tier_3,Salaried,1,0.6852542839868844,106832.51,4769.23,0.0,17980.37,23089.28,19891.98,29928.21,202491.58,16002.0,51506.42,31301.84,0.1159,624879.01,0.0,0.0,46121.38,130,0.2278,4277.04,244899.76,0.0,0.0,1,0,664.1,0.9167,40152.12,20595.26,15428.61,0
390309,F,55.082819986310746,0,1.0,Single / not married,Secondary / secondary special,House / apartment,N,Y,135000.0,Pensioner,,,XNA,Cash loans,373140.0,36481.5,337500.0,1.0,0.0,1.0,45000.0,0.0,0.0,0.0,0.0,0.0,0.0,15.0,411110.37,328899.15,7.0,8.0,18.0,18.0,-82211.22,0.5333333333333333,0.800026401669216,4.0,2.0,0.0,1370295.0,1370295.0,98378.01,0.0,,,,,,,,,,13.0,120.0,64.0,0.0,0.0,0.0,0.2702333333333333,0.0,0.5,0.0,Tier_1,Other,1,0.6293827128608234,40709.66,6094.35,0.0,7861.04,10438.64,10908.78,3931.38,79943.85,36481.5,18574.65,11271.86,0.0835,95505.33,29825.27,0.0,40051.3,28,0.501,0.0,0.0,0.0,965.39,0,0,0.0,0.0,15548.02,8784.74,1570.04,0
219524,F,58.06981519507187,0,2.0,Civil marriage,Secondary / secondary special,House / apartment,N,Y,90000.0,Pensioner,,,XNA,Revolving loans,202500.0,10125.0,202500.0,3.0,0.0,3.0,163930.5,0.0,0.0,0.0,0.0,0.0,0.0,36.0,562358.745,562358.745,0.0,36.0,0.0,0.0,0.0,1.0,1.0,9.0,8.0,1.0,1027993.5,845331.75,55766.52,5125.5,,,,,,,,,,41.0,319.3333333333333,224.66666666666663,0.0,0.0,0.0,0.1125,0.0,0.8888888888888888,0.0,Tier_2,Other,1,0.7782050549014635,36793.07,1884.59,0.0,7167.21,14446.42,3881.82,3108.45,67281.56,10125.0,12593.44,5508.33,0.0612,117092.74,0.0,0.0,34949.13,47,0.5194,0.0,0.0,0.0,340.66,0,1,99.99,0.75,15473.64,9267.6,3320.06,0
344855,F,36.498288843258045,0,1.0,Single / not married,Secondary / secondary special,House / apartment,N,Y,180000.0,Working,7.545516769336071,High skill tech staff,Advertising,Cash loans,635962.5,22972.5,549000.0,1.0,1.0,0.0,5175000.0,5122602.0,0.0,0.0,0.0,0.0,0.0,46.0,760050.945,686048.625,6.0,40.0,20.5,24.0,-74002.31999999999,0.8695652173913043,0.9026350529700348,5.0,4.0,0.0,653854.5,653854.5,53380.44,0.0,0.0,0.0,720000.0,0.0,0.0,0.0,0.0,0.0,0.0,44.0,499.0,283.8333333333333,1.0,11.0,11.0,0.127625,28.4589,0.8,0.0,Tier_2,Salaried,1,0.5446787878657701,45978.15,2326.15,0.0,10549.68,15735.34,4791.5,15620.05,95000.87,22972.5,62026.63,30817.75,0.1712,560142.66,139057.66,0.0,59050.48,44,0.6216,0.0,0.0,0.0,0.0,0,0,0.0,0.0,60779.83,9192.98,40800.37,0
112473,M,39.3347022587269,0,2.0,Married,Secondary / secondary special,House / apartment,Y,Y,135000.0,Working,10.85284052019165,Laborers,Industry: type 7,Cash loans,256500.0,14044.5,256500.0,2.0,0.0,2.0,264456.0,0.0,0.0,0.0,0.0,0.0,0.0,9.0,25640.82,25640.82,0.0,9.0,0.0,0.0,0.0,1.0,1.0,1.0,1.0,0.0,23152.5,23152.5,2572.245,2380.5,,,,,,,,,,10.0,81.0,38.5,0.0,0.0,0.0,0.1040333333333333,0.0,1.0,0.0,Tier_3,Salaried,2,0.6079481745751992,52274.95,1747.64,0.0,3018.37,9221.73,6722.04,11975.58,84960.31,14044.5,35995.19,21281.38,0.1576,228755.79,0.0,0.0,14004.29,29,0.1648,0.0,0.0,0.0,2568.46,0,0,0.0,0.0,42832.0,8043.29,28464.7,0
447434,F,58.49691991786448,0,1.0,Widow,Secondary / secondary special,House / apartment,N,Y,108000.0,Pensioner,,,XNA,Cash loans,619254.0,26235.0,553500.0,,,,,,,,,,,36.0,1927668.735,2238170.895,0.0,36.0,0.0,0.0,310502.16000000003,1.0,1.1610765140100694,11.0,6.0,1.0,2419510.5,1275565.5,100880.48249999998,0.0,0.0,0.0,5670000.0,0.0,0.0,0.0,0.0,0.0,0.0,38.0,512.5,371.0,0.0,0.0,0.0,0.2429166666666666,,0.5454545454545454,,Tier_3,Other,1,0.558040830735802,35505.87,447.67,0.0,6917.49,3079.79,8198.3,11548.44,65697.56,26235.0,16067.44,8273.08,0.0766,236365.44,0.0,0.0,32286.35,32,0.4914,0.0,0.0,0.0,0.0,1,0,123.73,0.8333,14793.03,13995.98,-12054.93,3
199103,M,48.81314168377824,0,2.0,Married,Secondary / secondary special,House / apartment,N,Y,90000.0,Working,28.265571526351813,Laborers,Business Entity Type 2,Cash loans,755190.0,36459.0,675000.0,1.0,1.0,0.0,20052.0,10453.5,0.0,0.0,0.0,0.0,0.0,19.0,269458.2,269458.2,0.0,19.0,0.0,0.0,0.0,1.0,1.0,3.0,2.0,0.0,288945.0,288945.0,29272.365,13500.0,,,,,,,,,,21.0,216.0,116.25,0.0,0.0,0.0,0.4051,0.11615,0.6666666666666666,0.0,Tier_3,Salaried,2,0.7370416564389538,35443.32,434.33,0.0,9228.94,9962.63,6548.52,6640.94,68258.68,36459.0,0.0,0.0,0.0,0.0,0.0,0.0,26603.45,56,0.3897,0.0,0.0,0.0,0.0,0,0,0.0,0.0,-10979.56,7603.44,-23644.91,11
203584,F,33.44284736481862,2,4.0,Married,Secondary / secondary special,House / apartment,N,Y,45000.0,Working,3.967145790554415,Core staff,Kindergarten,Cash loans,183384.0,14616.0,162000.0,3.0,3.0,0.0,945000.0,258196.5,0.0,0.0,0.0,0.0,0.0,107.0,558151.65,558151.65,11.0,96.0,15.0,18.0,0.0,0.897196261682243,1.0,5.0,4.0,0.0,526720.5,526720.5,26964.54,6300.0,1881000.2505,2513127.06,2375035.714285714,114520.05,316321.335,95303.42357142858,22.183381714285712,8.0,8.0,25.0,564.0,463.0,0.0,0.0,0.0,0.3248,5.7377,0.8,0.0,Tier_1,Salaried,4,0.88,26244.25,928.55,1667.29,1769.36,7170.01,1820.54,2433.29,42033.29,14616.0,0.0,0.0,0.0,0.0,0.0,0.0,30067.03,30,0.7153,0.0,0.0,0.0,0.0,0,0,0.0,0.0,-13962.06,4932.69,-22593.59,12
441339,F,31.534565366187543,0,2.0,Civil marriage,Higher education,House / apartment,N,Y,67500.0,Working,3.260780287474333,,University,Cash loans,343800.0,16155.0,225000.0,,,,,,,,,,,12.0,116955.99,116955.99,0.0,12.0,0.0,0.0,0.0,1.0,1.0,1.0,1.0,0.0,106429.5,106429.5,9746.82,0.0,,,,,,,,,,13.0,144.0,76.5,0.0,0.0,0.0,0.2393333333333333,,1.0,,Tier_2,Salaried,2,0.6639022243415791,30546.91,977.98,0.0,2610.13,2640.74,3889.91,2985.41,43651.08,16155.0,7693.92,2692.88,0.0399,97861.68,0.0,0.0,16958.19,39,0.3885,0.0,0.0,0.0,334.72,0,0,0.0,0.0,6542.15,4685.11,271.4,0
422747,F,22.11088295687885,0,1.0,Single / not married,Secondary / secondary special,With parents,Y,N,157500.0,Commercial associate,,Core staff,Trade: type 1,Cash loans,545040.0,26640.0,450000.0,2.0,2.0,0.0,271039.5,178017.75,8478.405,0.0,0.0,0.0,0.0,6.0,111686.355,111686.355,0.0,6.0,0.0,0.0,0.0,1.0,1.0,3.0,1.0,0.0,90810.0,90810.0,10028.16,0.0,,,,,,,,,,7.0,78.0,57.0,0.0,0.0,0.0,0.1691428571428571,1.1302714285714286,0.3333333333333333,0.0,Tier_2,Other,2,0.6851242006461685,76826.41,5865.47,0.0,4684.9,7381.0,8820.79,18891.72,122470.29,26640.0,8389.71,3039.94,0.0193,58908.38,0.0,0.0,64295.49,166,0.525,0.0,0.0,0.0,309.76,1,1,357.96,0.8333,-1947.24,23488.3,-39909.93,7
172702,F,44.50924024640657,1,2.0,Separated,Secondary / secondary special,House / apartment,Y,Y,157500.0,Commercial associate,,,Self-employed,Cash loans,294322.5,13851.0,243000.0,2.0,0.0,2.0,72810.0,0.0,0.0,0.0,0.0,0.0,0.0,154.0,774261.405,739303.875,12.0,142.0,484.0,511.0,-34957.53,0.922077922077922,0.9548504810206832,8.0,6.0,1.0,589864.5,394924.5,25628.46,12321.0,3599816.35575,3873792.42,3937500.0,225450.0,418500.0,196875.0,31.998367606666665,2.0,2.0,80.0,860.6666666666666,465.8333333333333,1.0,6.0,6.0,0.0879428571428571,0.0,0.75,0.0,Tier_2,Other,1,0.6831037527663875,59872.38,3466.01,12050.91,13552.28,11399.57,7247.7,18594.51,126183.36,13851.0,17465.64,8064.67,0.0512,243953.16,0.0,0.0,85402.28,84,0.6768,0.0,0.0,0.0,0.0,1,0,318.59,0.8333,3678.72,18374.34,-27966.24,5
354582,M,55.950718685831625,0,2.0,Married,Incomplete higher,House / apartment,N,N,292500.0,Working,,Laborers,Industry: type 2,Cash loans,545040.0,25407.0,450000.0,18.0,7.0,11.0,6723895.77,2729953.845,15077.52,0.0,0.0,0.0,1.0,3.0,29108.7,29108.7,0.0,3.0,0.0,0.0,0.0,1.0,1.0,2.0,1.0,1.0,560646.0,560646.0,29737.71,6876.45,,,,,,,,,,5.0,11.5,8.0,0.0,0.0,0.0,0.0868615384615384,9.333175538461536,0.5,0.0,Tier_3,Salaried,3,0.46861360661594875,86789.71,16107.43,0.0,4525.49,11638.76,13181.26,30915.19,163157.84,25407.0,103935.16,51258.79,0.1752,1207838.71,0.0,0.0,26939.81,41,0.1651,0.0,0.0,0.0,0.0,0,0,0.0,0.0,88322.08,16309.98,62733.15,0
429245,F,30.308008213552363,1,3.0,Married,Higher education,House / apartment,Y,N,180000.0,Commercial associate,,Secretaries,Hotel,Cash loans,314100.0,17037.0,225000.0,5.0,3.0,2.0,4566600.0,1505169.18,0.0,0.0,0.0,0.0,0.0,28.0,2357789.805,2807794.26,0.0,28.0,0.0,0.0,450004.4550000001,1.0,1.1908585973379422,5.0,3.0,2.0,2380113.0,2380113.0,82598.85,0.0,,,,,,,,,,29.0,732.5,627.5,0.0,0.0,0.0,0.09465,8.362051,0.6,0.0,Tier_2,Other,2,0.6961384581406395,53750.53,16052.57,8933.56,13733.42,19382.92,13451.91,9036.25,134341.16,17037.0,28621.84,19658.64,0.1092,373120.74,0.0,0.0,60343.46,185,0.4492,4933.5,34685.09,0.0,0.0,1,0,361.96,0.9167,32289.5,17773.59,-3734.25,1
386095,F,31.61122518822724,1,3.0,Married,Higher education,House / apartment,N,Y,270000.0,Working,4.996577686516085,Core staff,University,Cash loans,895500.0,26181.0,895500.0,16.0,6.0,10.0,1316814.525,149984.415,0.0,0.0,0.0,0.0,0.0,6.0,62996.895,62996.895,0.0,6.0,0.0,0.0,0.0,1.0,1.0,3.0,2.0,0.0,733167.0,733167.0,25285.185,0.0,,,,,,,,,,9.0,74.0,39.0,0.0,0.0,0.0,0.0969666666666666,0.5554978333333334,0.6666666666666666,0.0,Tier_3,Salaried,3,0.7074928917271697,116381.88,3036.83,20044.92,12761.97,20379.51,18417.97,21583.04,212606.12,26181.0,31212.88,17059.88,0.0632,73620.15,0.0,0.0,103443.08,113,0.4865,0.0,0.0,0.0,0.0,1,0,477.9,0.9167,21476.87,21512.13,-5066.94,3
177278,F,28.79945242984257,1,3.0,Married,Secondary / secondary special,With parents,N,Y,180000.0,Working,,Sales staff,Self-employed,Cash loans,1288350.0,41692.5,1125000.0,8.0,7.0,1.0,975184.47,436972.95,4112.55,0.0,0.0,0.0,0.0,19.0,777397.995,720884.8350000001,3.0,16.0,4.0,4.0,-56513.16,0.8421052631578947,0.9273047263261852,3.0,2.0,1.0,1135440.0,1135440.0,92898.18,9130.5,,,,,,,,,,20.0,186.0,91.5,0.0,0.0,0.0,0.231625,2.4276275000000003,0.6666666666666666,0.0,Tier_1,Salaried,3,0.7466888264592758,89988.98,1818.89,10951.67,5970.28,14761.49,10912.68,4571.15,138975.14,41692.5,0.0,0.0,0.0,0.0,0.0,0.0,64756.17,83,0.466,0.0,0.0,0.0,0.0,0,1,285.0,0.8333,-4888.79,19059.29,-33843.68,6
123309,F,52.01916495550992,0,1.0,Single / not married,Secondary / secondary special,House / apartment,N,N,270000.0,Working,6.275154004106776,Managers,Self-employed,Cash loans,1078200.0,31653.0,900000.0,8.0,4.0,4.0,2796012.0,1615269.735,0.0,0.0,0.0,0.0,0.0,10.0,150695.32499999998,150695.32499999998,0.0,10.0,0.0,0.0,0.0,1.0,1.0,2.0,2.0,0.0,124443.0,124443.0,25225.065,9000.0,,,,,,,,,,12.0,70.0,26.0,0.0,0.0,0.0,0.1172333333333333,5.9824805,1.0,0.0,Tier_3,Salaried,1,0.5291672162609752,85080.75,12939.72,0.0,12304.84,15145.17,11992.81,7171.47,144634.76,31653.0,93712.24,39706.2,0.1471,99875.2,0.0,0.0,57926.39,36,0.4005,0.0,0.0,0.0,0.0,0,0,0.0,0.0,97474.45,13925.1,79500.48,0
281891,F,62.80082135523614,0,2.0,Civil marriage,Secondary / secondary special,House / apartment,N,Y,67500.0,Pensioner,,,XNA,Cash loans,269550.0,11871.0,225000.0,3.0,0.0,3.0,371470.5,0.0,0.0,0.0,0.0,0.0,0.0,90.0,929470.545,885791.295,6.0,84.0,17.0,17.0,-43679.25,0.9333333333333332,0.9530063107056288,8.0,8.0,0.0,926491.5,926491.5,69380.37,29574.0,,,,,,,,,,97.0,908.1666666666666,549.6666666666666,1.0,9.0,9.0,0.1758666666666666,0.0,1.0,0.0,Tier_2,Other,2,0.7672666084646037,31916.9,544.23,0.0,2975.81,8207.15,5432.03,2090.74,51166.86,11871.0,4462.14,2444.5,0.0362,94466.89,0.0,0.0,14642.81,45,0.2862,0.0,0.0,0.0,0.0,0,0,0.0,0.0,6789.7,4295.67,1304.6,0
193870,F,30.81724845995893,0,1.0,Widow,Secondary / secondary special,House / apartment,N,Y,157500.0,Working,,,Other,Cash loans,717003.0,23260.5,598500.0,5.0,4.0,1.0,887646.78,395546.535,299860.965,0.0,0.0,0.0,0.0,25.0,113235.345,113235.345,0.0,25.0,0.0,0.0,0.0,1.0,1.0,4.0,3.0,1.0,350289.0,350289.0,18670.275,0.0,,,,,,,,,,27.0,259.0,158.5,0.0,0.0,0.0,0.1476857142857142,2.511406571428572,0.75,0.0,Tier_2,Salaried,1,0.5139475409962863,39622.95,1788.62,0.0,13587.7,9534.52,8321.83,9824.56,82680.18,23260.5,51559.32,20128.24,0.1278,64114.21,0.0,2763.42,52163.46,93,0.6309,4021.01,56432.33,0.0,0.0,0,0,0.0,0.0,54725.6,10628.38,38301.11,0
262674,M,35.233401779603014,0,2.0,Married,Higher education,House / apartment,Y,Y,234000.0,Working,3.23066392881588,Accountants,Industry: type 11,Cash loans,1223010.0,51948.0,1125000.0,15.0,4.0,11.0,5870065.5,0.0,0.0,0.0,0.0,0.0,0.0,107.0,9168044.805,9127281.915,2.0,105.0,8.0,8.0,-40762.89,0.9813084112149532,0.9955538077237834,7.0,5.0,2.0,2289348.0,1608663.0,84574.065,2.205,1467472.755,1930772.79,10620000.0,7627500.0,7202117.385000001,146430.7125,3.6623967416666665,0.0,0.0,53.0,654.5,404.1666666666667,0.0,0.0,0.0,0.222,0.0,0.7142857142857143,0.0,Tier_2,Salaried,3,0.701974948398271,110532.97,2839.98,0.0,9193.78,17875.78,8025.01,10411.26,158878.78,51948.0,23173.22,11383.27,0.0486,42813.46,0.0,0.0,74333.95,165,0.4679,2059.27,23131.39,0.0,0.0,1,0,484.54,0.9167,30539.61,12657.31,3862.42,0
334134,M,26.666666666666668,0,1.0,Single / not married,Secondary / secondary special,House / apartment,N,Y,94500.0,Commercial associate,5.401779603011636,,Business Entity Type 3,Cash loans,202500.0,9976.5,202500.0,6.0,3.0,3.0,2712321.0,2126659.5,0.0,0.0,0.0,0.0,0.0,32.0,303707.69999999995,236532.96,7.0,25.0,34.0,34.0,-67174.73999999999,0.78125,0.7788177909219951,4.0,4.0,0.0,219766.5,219766.5,31438.08,30600.0,,,,,,,,,,30.0,234.0,121.5,0.0,0.0,0.0,0.1055714285714285,22.50433333333333,1.0,0.0,Tier_3,Other,1,0.6326845135687283,36990.07,589.55,0.0,5167.26,6913.42,3696.72,3839.1,57196.12,9976.5,27327.38,15326.47,0.1622,305612.17,112513.32,817.17,27306.72,43,0.4774,0.0,0.0,0.0,0.0,1,0,139.36,0.9167,25798.09,15881.52,1942.03,0
324941,F,65.15537303216975,0,2.0,Married,Secondary / secondary special,House / apartment,N,Y,72000.0,Pensioner,,,XNA,Cash loans,284400.0,10345.5,225000.0,,,,,,,,,,,81.0,2797854.66,3157683.615,2.0,79.0,4.0,4.0,359828.955,0.9753086419753086,1.1286088802768617,13.0,7.0,4.0,2870658.0,2339010.75,117702.225,0.0,1492615.4625,1599821.685,2205000.0,399032.05500000005,92878.875,64081.08,4.738461785714286,0.0,0.0,63.0,1613.6666666666667,1301.5,0.0,0.0,0.0,0.1436875,,0.5384615384615384,,Tier_3,Other,2,0.6368212986219651,30433.56,431.4,0.0,4496.5,5992.84,2511.07,9068.75,52934.12,10345.5,8720.38,5295.83,0.0736,77519.77,0.0,0.0,22291.8,56,0.4211,1403.8,75682.89,0.0,0.0,0,0,0.0,0.0,5495.54,7811.66,-8400.94,2
392826,F,36.03559206023272,0,2.0,Married,Secondary / secondary special,House / apartment,Y,Y,270000.0,Commercial associate,6.639288158795345,Managers,Business Entity Type 3,Cash loans,852088.5,33921.0,688500.0,2.0,2.0,0.0,3985681.5,2017731.555,0.0,0.0,0.0,0.0,0.0,45.0,490810.95,464829.57,4.0,41.0,40.0,40.0,-25981.38,0.9111111111111112,0.9470643839547588,5.0,5.0,0.0,414522.0,321333.75,43415.145,18090.0,,,,,,,,,,54.0,396.1666666666667,240.47619047619048,0.0,0.0,0.0,0.1256333333333333,7.473079833333333,1.0,0.0,Tier_1,Other,2,0.696648171063981,108206.32,4778.72,0.0,14045.43,36927.77,14795.55,18490.37,197244.16,33921.0,38834.84,17661.38,0.0654,349621.55,0.0,0.0,124160.67,186,0.6295,0.0,0.0,2647.04,0.0,0,0,0.0,0.0,40917.18,40052.86,-24943.88,2
253662,F,21.3388090349076,1,3.0,Married,Secondary / secondary special,House / apartment,N,Y,112500.0,Working,,Cooking staff,Kindergarten,Revolving loans,180000.0,9000.0,180000.0,,,,,,,,,,,5.0,18753.3,18753.3,0.0,5.0,0.0,0.0,0.0,1.0,1.0,1.0,1.0,0.0,19021.5,19021.5,3750.66,0.0,,,,,,,,,,5.0,24.0,16.0,0.0,0.0,0.0,0.08,,1.0,,Tier_2,Salaried,3,0.6671690491759262,38555.78,1764.14,5009.57,3993.84,19273.47,6459.72,9704.17,84760.69,9000.0,18739.31,7588.82,0.0675,86784.89,0.0,0.0,51677.46,332,0.6097,2128.14,116796.5,0.0,0.0,0,0,0.0,0.0,16875.04,9226.74,1549.74,0
419355,M,40.936344969199176,0,2.0,Married,Secondary / secondary special,House / apartment,Y,Y,360000.0,State servant,5.787816563997263,Laborers,Business Entity Type 3,Cash loans,787500.0,30649.5,787500.0,9.0,5.0,4.0,3287018.79,1354719.15,0.0,0.0,0.0,0.0,0.0,149.0,4023944.73,3954196.08,4.0,145.0,8.0,8.0,-69748.65,0.9731543624161074,0.9826665984052916,16.0,7.0,3.0,2973852.0,1500996.0,141930.315,21321.0,5909785.5375,6128406.72,6075000.0,461656.35,463594.14,283941.8925,17.510475666666665,0.0,0.0,101.0,1280.3666666666668,828.9,0.0,0.0,0.0,0.0851375,3.76310875,0.4375,0.0,Tier_1,Salaried,1,0.6391446813759162,136218.87,12153.34,0.0,22580.76,19923.73,19159.79,13558.26,223594.75,30649.5,105755.75,31769.02,0.0882,1064261.91,0.0,0.0,75647.14,204,0.3383,0.0,0.0,0.0,0.0,0,0,0.0,0.0,97878.79,34619.98,46940.72,0
116703,F,29.09240246406571,1,3.0,Married,Higher education,House / apartment,Y,Y,202500.0,State servant,4.498288843258043,Laborers,Government,Cash loans,1113840.0,57001.5,900000.0,,,,,,,,,,,137.0,1011029.985,990231.255,5.0,132.0,7.0,7.0,-20798.73,0.9635036496350364,0.9794281769002132,16.0,7.0,5.0,5146870.5,2992587.75,167578.875,12001.5,468286.839,995275.08,706500.0,101250.0,146632.5,25805.88375,10.516342,0.0,0.0,48.0,576.1666666666666,388.3333333333333,0.0,0.0,0.0,0.2814888888888889,,0.4375,,Tier_1,Salaried,3,0.6911705916636752,89010.65,1484.49,7860.04,7898.33,25687.24,8021.28,13534.9,153496.93,57001.5,0.0,0.0,0.0,0.0,0.0,0.0,64224.58,104,0.4184,0.0,0.0,0.0,0.0,0,1,349.12,0.9167,-5354.56,13407.48,-29274.76,9
444218,F,45.9356605065024,0,2.0,Married,Higher education,Office apartment,N,Y,900000.0,Commercial associate,6.48870636550308,Managers,Industry: type 9,Cash loans,267102.0,30339.0,247500.0,22.0,3.0,19.0,51843073.5,240943.5,0.0,0.0,0.0,0.0,2.0,19.0,1815139.89,1795997.52,1.0,18.0,15.0,15.0,-19142.37,0.9473684210526316,0.989454052491789,8.0,6.0,1.0,2179570.5,1480588.5,196964.34,67423.5,,,,,,,,,,28.0,107.5,62.41666666666666,1.0,6.0,0.0,0.03371,0.267715,0.75,0.0,Tier_3,Other,2,0.5870865712546841,254082.58,7975.07,0.0,76789.78,81852.78,67408.94,37005.39,525114.54,30339.0,344546.46,195938.58,0.2177,3722284.49,709519.19,0.0,185283.05,383,0.3528,0.0,0.0,0.0,27503.31,1,0,1725.96,0.8333,349560.43,101489.62,178260.1,0
203081,F,38.16563997262149,1,2.0,Single / not married,Secondary / secondary special,Rented apartment,N,N,157500.0,Working,6.151950718685832,Laborers,Self-employed,Cash loans,239850.0,28462.5,225000.0,2.0,1.0,1.0,328432.5,151938.0,0.0,0.0,0.0,0.0,0.0,15.0,150917.355,138824.595,4.0,11.0,22.0,22.0,-12092.759999999998,0.7333333333333333,0.919871641005105,3.0,2.0,1.0,249102.0,249102.0,29886.615,25555.5,,,,,,,,,,14.0,66.0,31.5,0.0,0.0,0.0,0.1807142857142857,0.9646857142857144,0.6666666666666666,0.0,Tier_2,Salaried,3,0.6812347694863295,72592.72,5864.77,7068.35,3821.22,13438.39,4509.03,9887.9,117182.38,28462.5,11855.12,5988.79,0.038,48859.29,19116.77,986.14,58973.99,107,0.5033,0.0,0.0,0.0,0.0,0,0,0.0,0.0,12533.31,12336.39,-8668.21,2
114487,F,31.874058863791923,1,3.0,Married,Higher education,Office apartment,Y,N,166500.0,Commercial associate,,Core staff,Government,Cash loans,640080.0,29970.0,450000.0,11.0,8.0,3.0,2641784.49,317544.84,388904.625,562.5,10.0,1.0,0.0,6.0,85125.645,85125.645,0.0,6.0,0.0,0.0,0.0,1.0,1.0,3.0,1.0,1.0,69565.5,69565.5,14184.405,13500.0,,,,,,,,,,7.0,42.0,22.0,0.0,0.0,0.0,0.18,1.907176216216216,0.3333333333333333,0.0002129242571183,Tier_2,Other,3,0.6380786305364398,59016.04,5903.51,4738.16,7137.25,20875.0,8570.15,8680.38,114920.49,29970.0,21609.51,9981.27,0.0599,226322.45,0.0,0.0,56870.62,71,0.4949,0.0,0.0,0.0,0.0,0,0,0.0,0.0,27216.99,9551.23,9712.53,0
287875,M,28.16974674880219,0,1.0,Single / not married,Higher education,House / apartment,N,N,180000.0,Commercial associate,4.05201916495551,Sales staff,Trade: type 2,Cash loans,180000.0,17266.5,180000.0,2.0,0.0,2.0,135000.0,0.0,135000.0,0.0,0.0,0.0,1.0,121.0,896349.4650000001,893553.075,13.0,108.0,44.5,50.0,-2796.3899999999976,0.8925619834710744,0.9968802458090382,10.0,4.0,6.0,939015.0,690840.0,67733.37,0.0,305085.96,324838.71,997500.0,408390.57,426996.99,24728.76,3.7739924722222224,0.0,0.0,56.0,840.0,521.8333333333334,1.0,1.0,1.0,0.095925,0.0,0.4,0.0,Tier_3,Other,1,0.6070054998907037,71090.26,9395.9,0.0,3372.3,12265.07,8660.79,6082.98,110867.3,17266.5,51866.2,32548.72,0.1808,1029104.76,0.0,2335.56,54801.65,106,0.4943,0.0,0.0,0.0,0.0,0,0,0.0,0.0,47467.28,19753.64,11323.94,0
353894,F,47.84668035592061,0,2.0,Married,Higher education,House / apartment,N,N,225000.0,Commercial associate,,Managers,Business Entity Type 3,Cash loans,1762110.0,71770.5,1575000.0,7.0,3.0,4.0,2569419.0,375624.0,0.0,0.0,0.0,0.0,0.0,10.0,172400.985,172400.985,0.0,10.0,0.0,0.0,0.0,1.0,1.0,1.0,1.0,0.0,129807.0,129807.0,14549.445,13045.5,,,,,,,,,,11.0,130.0,75.0,0.0,0.0,0.0,0.31898,1.66944,1.0,0.0,Tier_1,Other,2,0.7283215169571451,92613.67,12970.12,0.0,12955.85,18391.88,6946.86,10161.04,154039.42,71770.5,0.0,0.0,0.0,0.0,0.0,0.0,92610.36,426,0.6012,0.0,0.0,0.0,0.0,1,0,197.38,0.8333,4967.63,30928.12,-56948.06,4
394397,F,54.95687885010267,0,2.0,Married,Secondary / secondary special,House / apartment,N,Y,135000.0,Working,11.720739219712526,Medicine staff,Medicine,Cash loans,1125000.0,33025.5,1125000.0,4.0,2.0,2.0,757980.0,76162.86,337.14,0.0,0.0,0.0,0.0,16.0,192185.55,192185.55,1.0,15.0,1.0,1.0,0.0,0.9375,1.0,2.0,1.0,0.0,177763.5,177763.5,12013.245,0.0,,,,,,,,,,16.0,208.0,124.5,0.0,0.0,0.0,0.2446333333333333,0.5641693333333333,0.5,0.0,Tier_1,Salaried,2,0.6990960018674613,57061.31,1735.74,0.0,8146.92,13096.82,5742.67,13319.91,99103.37,33025.5,2871.13,1376.13,0.0102,27234.23,0.0,0.0,33008.49,13,0.3331,0.0,0.0,0.0,0.0,0,0,0.0,0.0,-1818.91,13569.93,-24109.37,7
181352,M,60.57494866529774,0,1.0,Single / not married,Higher education,House / apartment,Y,Y,157500.0,Working,,Core staff,Business Entity Type 3,Cash loans,808650.0,26217.0,675000.0,5.0,3.0,2.0,7932204.0,5862609.0,0.0,0.0,0.0,0.0,0.0,29.0,450827.46,450827.46,1.0,28.0,1.0,1.0,0.0,0.9655172413793104,1.0,2.0,2.0,0.0,404892.0,404892.0,27764.64,1.98,,,,,,,,,,30.0,419.0,249.9,0.0,0.0,0.0,0.1664571428571428,37.22291428571429,1.0,0.0,Tier_2,Salaried,1,0.685799791920841,68024.66,2302.47,0.0,10500.56,13604.41,8669.9,15120.04,118222.04,26217.0,13060.96,7914.66,0.0503,320069.78,0.0,0.0,58170.16,126,0.492,1837.17,92830.62,0.0,969.34,0,0,0.0,0.0,12080.15,16006.01,-11169.37,2
352363,F,38.50513347022587,0,2.0,Civil marriage,Secondary / secondary special,House / apartment,Y,Y,157500.0,Working,20.16974674880219,Laborers,Other,Cash loans,675000.0,21906.0,675000.0,1.0,0.0,1.0,40866.75,0.0,0.0,0.0,0.0,0.0,0.0,47.0,547227.585,513800.775,4.0,43.0,22.0,22.0,-33426.81,0.9148936170212766,0.9389160727341624,2.0,2.0,0.0,310243.5,155121.75,11597.67,2812.2975,,,,,,,,,,47.0,550.0,265.0,1.0,1.0,1.0,0.1390857142857142,0.0,1.0,0.0,Tier_2,Salaried,2,0.7285390942502452,86273.81,2149.34,0.0,1936.26,11989.13,6770.39,12960.91,122079.84,21906.0,13514.16,3440.86,0.0218,44642.86,5873.51,0.0,32070.92,36,0.2627,554.3,12560.2,0.0,0.0,1,0,200.63,0.75,11953.34,14641.64,-13656.69,3
248338,M,48.930869267624914,1,3.0,Married,Secondary / secondary special,Municipal apartment,N,Y,180000.0,Working,14.102669404517451,Laborers,Business Entity Type 3,Cash loans,1236816.0,36292.5,1080000.0,1.0,1.0,0.0,630000.0,584788.5,0.0,0.0,0.0,0.0,0.0,144.0,2311425.855,2284091.505,16.0,128.0,82.0,84.0,-27334.35,0.8888888888888888,0.9881742475360517,13.0,4.0,4.0,3910981.5,2022988.5,111731.175,9000.0,5579758.48125,5670656.37,5940000.0,459000.0,613350.0,277868.175,20.665772152777777,7.0,0.0,63.0,1024.5,539.0833333333334,0.0,0.0,0.0,0.201625,3.248825,0.3076923076923077,0.0,Tier_2,Salaried,3,0.5781615386497653,68468.3,1013.43,16521.06,4915.38,10041.52,3109.38,11624.83,115693.9,36292.5,28013.6,12644.27,0.0702,50645.94,10269.72,0.0,45742.54,130,0.3954,0.0,0.0,0.0,1585.87,0,1,253.11,0.8333,29663.42,10080.48,15021.84,0
137038,M,38.90759753593429,0,2.0,Married,Secondary / secondary special,House / apartment,Y,N,126000.0,Working,10.373716632443532,Security staff,Security,Cash loans,808650.0,31333.5,675000.0,17.0,7.0,10.0,5448033.99,1951776.315,162000.0,0.0,0.0,0.0,1.0,141.0,1214319.735,1173901.185,6.0,135.0,26.0,26.0,-40418.55,0.9574468085106383,0.96671506784002,10.0,5.0,3.0,3922524.0,2846880.0,136551.7575,21645.0,3272516.0464285715,4071535.425,4373571.428571428,225000.0,563355.0,218998.83642857143,20.144495154166663,0.0,0.0,67.0,831.7857142857143,466.2738095238095,0.0,0.0,0.0,0.2486785714285714,15.490288214285714,0.5,0.0,Tier_3,Salaried,1,0.6018944360392416,52548.1,3949.21,0.0,7843.3,5465.32,3158.92,15126.77,88091.62,31333.5,6574.88,3426.74,0.0272,39422.72,0.0,0.0,50048.97,134,0.5681,824.93,22928.0,0.0,0.0,1,0,170.11,0.8333,8298.28,6726.27,-7584.73,1
184420,F,62.1492128678987,0,2.0,Married,Lower secondary,House / apartment,N,N,90000.0,Pensioner,,,XNA,Cash loans,450000.0,31450.5,450000.0,3.0,0.0,3.0,208564.47,0.0,0.0,0.0,0.0,0.0,0.0,43.0,1286426.745,1264039.47,3.0,40.0,4.0,4.0,-22387.275000000005,0.9302325581395348,0.9825973184349488,6.0,4.0,1.0,1243899.0,1243899.0,83281.545,0.0,0.0,0.0,990000.0,0.0,0.0,0.0,0.0,0.0,0.0,44.0,663.3333333333334,334.8333333333333,0.0,0.0,0.0,0.34945,0.0,0.6666666666666666,0.0,Tier_3,Other,2,0.7842415819595545,30976.33,2638.43,0.0,17734.5,8644.02,5528.88,5871.4,71393.56,31450.5,0.0,0.0,0.0,0.0,0.0,0.0,25938.57,38,0.3633,0.0,0.0,0.0,0.0,1,0,106.15,0.9167,-9967.36,9408.23,-26618.16,10
368735,F,23.318275154004105,0,1.0,Single / not married,Higher education,House / apartment,N,N,112500.0,State servant,,HR staff,Emergency,Cash loans,1546020.0,40914.0,1350000.0,1.0,0.0,1.0,77764.5,0.0,0.0,0.0,0.0,0.0,0.0,,,,,,,,,,,,,,,,,,,,,,,,,,,,,,,,,0.36368,0.0,,0.0,Tier_2,Salaried,1,0.5485157817720472,34494.78,10428.24,0.0,1368.17,4414.06,3781.94,7234.44,61721.63,40914.0,9864.37,4330.41,0.0385,83278.58,0.0,0.0,38978.1,59,0.6315,379.28,14969.85,0.0,0.0,0,0,0.0,0.0,7076.01,6681.93,-1526.36,2
265462,F,55.32375085557837,1,2.0,Widow,Lower secondary,House / apartment,N,N,135000.0,Working,4.046543463381246,Laborers,Other,Revolving loans,135000.0,6750.0,135000.0,3.0,3.0,0.0,203840.64,129446.64,0.0,0.0,0.0,0.0,0.0,14.0,87335.775,87335.775,0.0,14.0,0.0,0.0,0.0,1.0,1.0,3.0,2.0,0.0,349960.5,238126.5,6717.8925,0.0,,,,,,,,,,15.0,162.0,114.0,0.0,0.0,0.0,0.05,0.958864,0.6666666666666666,0.0,Tier_2,Salaried,3,0.756279902229891,50380.62,10776.01,9874.65,3602.11,14232.69,13231.71,6062.5,108160.29,6750.0,20089.71,14867.37,0.1101,209848.69,39482.96,2136.19,45824.74,85,0.4237,2980.05,119038.35,0.0,0.0,0,0,0.0,0.0,25089.99,11829.14,10808.89,0
407849,F,34.51882272416153,2,4.0,Married,Higher education,House / apartment,Y,N,135000.0,Working,9.88911704312115,,Other,Cash loans,485640.0,32346.0,450000.0,3.0,0.0,3.0,2500578.0,0.0,0.0,0.0,0.0,0.0,0.0,8.0,600276.375,945544.86,0.0,8.0,0.0,0.0,345268.485,1.0,1.5751825315464063,1.0,1.0,0.0,582633.0,582633.0,59731.515,62037.0,,,,,,,,,,6.0,65.0,50.0,0.0,0.0,0.0,0.2396,0.0,1.0,0.0,Tier_3,Salaried,5,0.6310802150329535,44160.03,12609.26,8868.5,4530.62,9493.55,5533.87,4877.68,90073.51,32346.0,12580.49,6242.78,0.0462,164694.65,53033.39,0.0,36323.89,41,0.4033,0.0,0.0,0.0,0.0,0,1,114.12,0.8333,11432.01,7856.83,-3375.16,1
139222,M,37.96577686516085,0,2.0,Married,Secondary / secondary special,House / apartment,Y,Y,270000.0,Commercial associate,,Drivers,Business Entity Type 3,Cash loans,291384.0,22878.0,270000.0,,,,,,,,,,,6.0,191551.095,191551.095,0.0,6.0,0.0,0.0,0.0,1.0,1.0,1.0,1.0,0.0,170590.5,170590.5,31934.52,135000.0,,,,,,,,,,7.0,42.0,21.0,0.0,0.0,0.0,0.0847333333333333,,1.0,,Tier_1,Other,2,0.6835813925459008,82168.55,5991.49,0.0,8527.83,37770.39,14343.59,15833.69,164635.54,22878.0,82486.46,53387.27,0.1977,1403186.14,224491.92,0.0,99986.44,227,0.6073,10006.04,408597.11,0.0,2673.72,0,0,0.0,0.0,74077.52,26245.47,26169.52,0
375380,F,35.39493497604381,1,3.0,Married,Secondary / secondary special,Municipal apartment,N,Y,202500.0,Working,3.449691991786448,Managers,Self-employed,Cash loans,187704.0,9256.5,148500.0,,,,,,,,,,,81.0,2028650.625,2387818.395,0.0,81.0,0.0,0.0,359167.77,1.0,1.1770476224805837,21.0,6.0,13.0,4781772.0,2300443.875,197774.46,12645.0,245415.33,284690.34,3825000.0,625030.74,596436.345,28272.9825,1.0907348,0.0,0.0,31.0,562.0,436.0,0.0,0.0,0.0,0.0457111111111111,,0.2857142857142857,,Tier_2,Salaried,3,0.6613195783565141,91577.67,1692.33,5898.51,16318.94,14944.03,3485.74,12313.83,146231.05,9256.5,47012.45,21324.73,0.1053,476482.67,0.0,0.0,78403.8,123,0.5362,0.0,0.0,0.0,0.0,0,0,0.0,0.0,44062.71,7262.24,26475.44,0
240955,F,43.4113620807666,0,1.0,Separated,Secondary / secondary special,House / apartment,N,Y,202500.0,Commercial associate,4.544832306639288,Laborers,Business Entity Type 3,Cash loans,797557.5,31036.5,688500.0,5.0,4.0,1.0,2321199.0,1054165.5,91280.7,0.0,0.0,0.0,0.0,88.0,2469189.15,2439414.225,3.0,85.0,9.0,9.0,-29774.925,0.9659090909090908,0.9879414159097532,10.0,8.0,1.0,2561593.5,1753866.0,187743.9825,52199.235,205679.8125,284641.65,3262500.0,224863.515,256738.905,17676.6525,0.9890148,0.0,0.0,58.0,532.8333333333334,323.3333333333333,0.0,0.0,0.0,0.1532666666666666,5.205755555555555,0.8,0.0,Tier_2,Other,1,0.7031601481875804,87804.28,3139.29,0.0,5421.07,20276.97,15858.29,16823.73,149323.63,31036.5,22139.87,13090.77,0.0646,474275.61,170428.0,0.0,76625.19,123,0.5131,0.0,0.0,1306.66,0.0,0,0,0.0,0.0,23435.71,20953.38,-6154.81,3
428441,M,30.35181382614648,2,4.0,Married,Secondary / secondary special,With parents,N,N,135000.0,Working,,,Military,Revolving loans,180000.0,9000.0,180000.0,4.0,2.0,2.0,3208079.43,1977763.5,0.0,0.0,0.0,0.0,0.0,18.0,174726.9,158672.88,7.0,11.0,75.0,95.0,-16054.02,0.6111111111111112,0.9081193565501364,2.0,2.0,0.0,104737.5,104737.5,23102.28,6750.0,,,,,,,,,,18.0,92.0,41.5,3.0,37.0,37.0,0.0666666666666666,14.6501,1.0,0.0,Tier_3,Salaried,4,0.7508318217397932,71439.99,7198.81,5798.59,3280.78,9032.11,4612.01,6916.41,108278.7,9000.0,17721.3,11724.23,0.0868,490429.54,0.0,0.0,49151.3,221,0.4539,2162.11,95929.99,0.0,0.0,0,0,0.0,0.0,13812.17,12117.24,-5024.83,3
205926,M,23.572895277207397,0,1.0,Single / not married,Higher education,Rented apartment,N,N,171000.0,Commercial associate,,,Business Entity Type 3,Cash loans,285453.0,15615.0,193500.0,2.0,2.0,0.0,225000.0,229405.5,0.0,0.0,0.0,0.0,0.0,12.0,158993.505,158993.505,0.0,12.0,0.0,0.0,0.0,1.0,1.0,2.0,2.0,0.0,148675.5,148675.5,26499.015,16519.5,,,,,,,,,,13.0,66.0,36.0,0.0,0.0,0.0,0.0913157894736842,1.3415526315789474,1.0,0.0,Tier_3,Other,1,0.5373251973924548,61955.13,7627.94,0.0,5899.24,8184.98,5002.81,14882.83,103552.93,15615.0,51832.07,29356.98,0.1717,744816.63,0.0,5003.61,33906.54,84,0.3274,7971.43,388596.36,0.0,0.0,0,1,265.97,1.0,49184.97,20803.51,9775.23,0
160765,F,30.50513347022587,0,1.0,Single / not married,Higher education,House / apartment,N,N,112500.0,Commercial associate,4.0629705681040384,,Business Entity Type 2,Cash loans,450000.0,11871.0,450000.0,4.0,1.0,3.0,6534711.0,5511721.5,0.0,0.0,0.0,0.0,0.0,,,,,,,,,,,,,,,,,,,,,,,,,,,,,,,,,0.10552,48.99308,,0.0,Tier_1,Other,1,0.644225361714221,37737.22,10538.42,0.0,9822.44,4624.52,6944.75,7023.29,76690.64,11871.0,23938.36,11278.57,0.1003,23331.85,0.0,1016.91,28044.05,63,0.3657,0.0,0.0,849.3,0.0,0,0,0.0,0.0,28766.61,14857.98,1349.53,0
401176,M,28.142368240930868,0,1.0,Single / not married,Higher education,House / apartment,N,Y,112500.0,State servant,3.471594798083504,Core staff,Government,Cash loans,360000.0,18976.5,360000.0,3.0,2.0,1.0,930118.5,436675.5,0.0,0.0,0.0,0.0,0.0,18.0,244095.12,162767.205,6.0,12.0,30.0,37.0,-81327.91500000001,0.6666666666666666,0.6668187590149283,2.0,1.0,1.0,358785.0,358785.0,24823.215,0.0,,,,,,,,,,13.0,156.0,78.0,0.0,0.0,0.0,0.16868,3.88156,0.5,0.0,Tier_1,Salaried,1,0.689549151966892,44634.34,1609.75,0.0,6592.92,9007.24,5535.05,16266.8,83646.1,18976.5,9877.4,5197.14,0.0462,167713.47,39786.5,902.31,36988.75,106,0.4422,733.58,35227.65,0.0,0.0,0,0,0.0,0.0,9963.49,10738.01,-12524.03,2
204904,F,48.33127994524298,0,2.0,Married,Secondary / secondary special,House / apartment,Y,N,67500.0,Working,15.31006160164271,,Business Entity Type 3,Cash loans,180000.0,17397.0,180000.0,1.0,1.0,0.0,392400.0,320193.0,0.0,0.0,0.0,0.0,0.0,,,,,,,,,,,,,,,,,,,,,,,,,,,,,,,,,0.2577333333333333,4.7436,,0.0,Tier_3,Salaried,2,0.691056500573987,27141.54,4169.4,0.0,3271.27,5587.18,3812.13,6333.61,50315.13,17397.0,0.0,0.0,0.0,0.0,0.0,0.0,23320.59,17,0.4635,0.0,0.0,0.0,0.0,1,0,99.42,1.0,3266.65,4835.0,-3420.21,3
245139,F,61.95482546201232,0,1.0,Separated,Secondary / secondary special,House / apartment,N,N,103500.0,Pensioner,,,XNA,Cash loans,135000.0,12816.0,135000.0,2.0,0.0,2.0,164615.66999999998,0.0,0.0,0.0,0.0,0.0,0.0,,,,,,,,,,,,,,,,,,,,,,,,,,,,,,,,,0.1238260869565217,0.0,,0.0,Tier_2,Other,1,0.6086471321203658,39528.24,2833.7,0.0,2211.28,9631.36,2691.22,6725.19,63620.99,12816.0,27063.01,9795.79,0.0946,438970.38,0.0,1400.08,32975.02,117,0.5183,0.0,0.0,0.0,0.0,1,0,140.27,0.8333,25614.78,12447.7,6767.17,0
196164,F,58.68035592060232,0,2.0,Married,Secondary / secondary special,House / apartment,N,N,112500.0,Pensioner,,,XNA,Cash loans,519633.0,49468.5,481500.0,5.0,1.0,4.0,462698.19,127894.5,0.0,0.0,0.0,0.0,0.0,45.0,351269.01,350699.085,0.0,45.0,0.0,0.0,-569.925,1.0,0.9983775255323548,3.0,3.0,0.0,362713.5,194314.5,15859.8675,2700.0,137949.4125,181031.175,1890000.0,220500.0,241418.88,12307.095,0.6704858333333333,0.0,0.0,20.0,165.0,85.0,0.0,0.0,0.0,0.43972,1.13684,1.0,0.0,Tier_2,Other,1,0.5364500951855756,27399.6,6360.81,0.0,4577.93,13010.48,4625.72,7553.1,63527.64,49468.5,0.0,0.0,0.0,0.0,0.0,0.0,47418.56,184,0.7464,0.0,0.0,0.0,0.0,0,0,0.0,0.0,119.21,13099.09,-18472.51,7
251086,M,39.06365503080082,0,2.0,Civil marriage,Secondary / secondary special,House / apartment,N,Y,135000.0,Working,5.727583846680356,,Business Entity Type 2,Cash loans,714915.0,34524.0,639000.0,2.0,2.0,0.0,586350.0,483390.0,0.0,0.0,0.0,0.0,0.0,25.0,182489.49,175299.435,5.0,20.0,9.0,9.0,-7190.055,0.8,0.9606001693576984,6.0,3.0,1.0,604849.5,572604.75,34894.125,12780.0,,,,,,,,,,26.0,264.0,136.66666666666666,0.0,0.0,0.0,0.2557333333333333,3.5806666666666667,0.5,0.0,Tier_2,Salaried,2,0.6862853867453806,53282.23,2090.54,0.0,10091.14,11936.53,6205.44,8273.52,91879.4,34524.0,8596.6,3921.67,0.029,68473.11,0.0,0.0,43670.23,73,0.4753,0.0,0.0,0.0,0.0,0,0,0.0,0.0,9767.51,8629.17,-6008.25,1
310962,M,57.02395619438741,0,2.0,Married,Secondary / secondary special,House / apartment,N,Y,162000.0,Pensioner,,,XNA,Cash loans,314100.0,19111.5,225000.0,1.0,0.0,1.0,26905.5,0.0,0.0,0.0,0.0,0.0,0.0,26.0,248202.9,248202.9,0.0,26.0,0.0,0.0,0.0,1.0,1.0,14.0,3.0,8.0,388647.0,273182.25,20926.1925,29529.0,128829.1725,148120.335,720000.0,157855.5,104654.79,3636.0,0.9708205,0.0,0.0,7.0,40.0,32.0,0.0,0.0,0.0,0.1179722222222222,0.0,0.2142857142857142,0.0,Tier_1,Other,3,0.7019277914254397,54546.08,4241.46,0.0,8378.35,32567.74,8205.87,12021.76,119961.26,19111.5,22927.24,11165.3,0.0689,561847.63,0.0,0.0,41298.31,82,0.3443,0.0,0.0,0.0,0.0,0,0,0.0,0.0,25347.81,15243.82,-9217.67,1
369470,M,56.24640657084189,0,2.0,Married,Secondary / secondary special,House / apartment,N,Y,135000.0,Working,13.08145106091718,Laborers,Business Entity Type 3,Cash loans,543735.0,26289.0,486000.0,,,,,,,,,,,6.0,86023.35,86023.35,0.0,6.0,0.0,0.0,0.0,1.0,1.0,1.0,1.0,0.0,75213.0,75213.0,14337.495,7938.0,,,,,,,,,,7.0,42.0,21.0,0.0,0.0,0.0,0.1947333333333333,,1.0,,Tier_3,Salaried,3,0.6359989190129589,55691.57,477.43,0.0,4202.7,10337.23,6429.77,16293.23,93431.93,26289.0,15279.07,8723.45,0.0646,284870.53,0.0,0.0,32983.18,94,0.353,0.0,0.0,0.0,0.0,0,1,272.92,1.0,17491.76,8176.64,5093.32,0
261764,M,46.06981519507187,0,1.0,Single / not married,Secondary / secondary special,House / apartment,N,Y,315000.0,Working,3.685147159479808,Security staff,Security,Cash loans,225000.0,7195.5,225000.0,22.0,8.0,14.0,6734222.145,629477.145,333000.0,0.0,0.0,0.0,0.0,52.0,3232127.565,3232127.565,1.0,51.0,1.0,1.0,0.0,0.9807692307692308,1.0,19.0,3.0,9.0,11412720.0,4921510.5,170838.8325,0.0,21868.74,21868.74,7897500.0,75705.255,68979.96,2250.0,0.3877382,0.0,0.0,33.0,1061.0,775.0,0.0,0.0,0.0,0.0228428571428571,1.998340142857143,0.1578947368421052,0.0,Tier_3,Salaried,1,0.6164207853978629,130644.73,5607.69,0.0,10965.46,19926.37,13707.79,12658.55,193510.59,7195.5,114293.91,67024.69,0.2128,751216.82,0.0,0.0,67792.61,88,0.3503,0.0,0.0,0.0,8948.81,0,0,0.0,0.0,105467.89,22982.49,76069.14,0
327755,F,41.31416837782341,1,2.0,Separated,Secondary / secondary special,House / apartment,N,Y,135000.0,Working,,Core staff,Restaurant,Cash loans,332842.5,16317.0,234000.0,3.0,1.0,2.0,134084.88,15381.0,0.0,0.0,0.0,0.0,0.0,6.0,32131.89,32131.89,0.0,6.0,0.0,0.0,0.0,1.0,1.0,1.0,1.0,0.0,26491.5,26491.5,5358.69,6291.0,,,,,,,,,,8.0,48.0,21.0,0.0,0.0,0.0,0.1208666666666666,0.1139333333333333,1.0,0.0,Tier_3,Salaried,2,0.5676013922228956,57339.22,1057.62,2929.52,3657.44,4112.32,7530.07,4406.14,81032.33,16317.0,37650.67,19716.79,0.1461,36664.87,0.0,0.0,40340.28,145,0.4978,0.0,0.0,2043.84,2553.52,1,1,475.74,0.9167,39672.25,8152.11,28681.86,0
123231,M,58.40383299110199,0,2.0,Married,Secondary / secondary special,House / apartment,N,Y,112500.0,Commercial associate,,Laborers,Business Entity Type 3,Cash loans,302341.5,21172.5,261000.0,9.0,2.0,7.0,1989376.56,846859.5,0.0,0.0,0.0,0.0,0.0,54.0,782151.39,782151.39,1.0,53.0,1.0,1.0,0.0,0.9814814814814816,1.0,5.0,4.0,1.0,1020060.0,1020060.0,74769.48,0.0,0.0,0.0,2340000.0,0.0,0.0,0.0,0.0,0.0,0.0,57.0,715.5,378.1666666666667,0.0,0.0,0.0,0.1882,7.52764,0.8,0.0,Tier_1,Other,2,0.6582340181377081,31495.53,2887.13,0.0,4328.71,12667.78,15047.5,5774.53,72201.18,21172.5,19126.32,11040.46,0.0981,38965.78,0.0,0.0,31579.68,35,0.4374,3102.78,45075.69,0.0,0.0,0,0,0.0,0.0,14599.18,12426.56,-5160.32,3
151659,M,59.84394250513347,0,2.0,Married,Secondary / secondary special,House / apartment,Y,Y,94500.0,Pensioner,,,XNA,Cash loans,808650.0,26217.0,675000.0,,,,,,,,,,,8.0,79001.55,79001.55,0.0,8.0,0.0,0.0,0.0,1.0,1.0,3.0,3.0,0.0,132975.0,132975.0,19253.79,0.0,0.0,0.0,607500.0,0.0,0.0,0.0,0.0,0.0,0.0,9.0,48.0,30.0,0.0,0.0,0.0,0.2774285714285714,,1.0,,Tier_2,Other,2,0.7715677997910171,31786.07,2629.04,0.0,5577.36,13331.2,13224.67,2208.48,68756.82,26217.0,0.0,0.0,0.0,0.0,0.0,0.0,31839.45,45,0.4631,0.0,0.0,0.0,0.0,0,0,0.0,0.0,-1968.16,10304.66,-24362.43,8
341759,M,32.772073921971256,1,3.0,Civil marriage,Secondary / secondary special,House / apartment,Y,Y,67500.0,Working,4.706365503080082,Laborers,Self-employed,Cash loans,199152.0,10296.0,135000.0,6.0,4.0,2.0,235606.5,88550.73000000001,7708.77,0.0,0.0,0.0,0.0,49.0,476351.91,278984.385,17.0,32.0,411.0,458.0,-197367.525,0.6530612244897959,0.5856686603817753,10.0,4.0,6.0,457069.5,457069.5,64826.775,57357.0,,,,,,,,,,39.0,259.0,120.5,9.0,318.0,3.0,0.1525333333333333,1.3118626666666668,0.4,0.0,Tier_2,Salaried,3,0.827152371008049,34917.44,747.07,3276.88,2912.23,7413.98,6565.19,2875.77,58708.56,10296.0,0.0,0.0,0.0,0.0,0.0,0.0,32223.27,74,0.5489,0.0,0.0,0.0,0.0,1,1,225.91,0.8333,-2015.23,8113.7,-21314.67,6
109170,F,32.82683093771389,1,3.0,Married,Secondary / secondary special,With parents,Y,Y,157500.0,Working,10.381930184804927,,Security Ministries,Cash loans,1635120.0,56965.5,1350000.0,8.0,4.0,4.0,3946911.75,2087829.0,0.0,0.0,0.0,0.0,0.0,21.0,146772.495,119017.125,6.0,15.0,58.0,58.0,-27755.37,0.7142857142857143,0.8108952907014356,3.0,2.0,1.0,97164.0,97164.0,18635.4,2250.0,,,,,,,,,,17.0,130.66666666666666,73.66666666666667,0.0,0.0,0.0,0.3616857142857143,13.256057142857143,0.6666666666666666,0.0,Tier_1,Salaried,4,0.6202957118886739,49600.51,3364.66,11121.73,7921.23,12194.27,13494.17,10697.04,108393.61,56965.5,0.0,0.0,0.0,0.0,0.0,0.0,33333.11,36,0.3075,0.0,0.0,0.0,0.0,0,0,0.0,0.0,-9732.81,9576.96,-26741.92,10
282032,F,47.98631074606434,0,2.0,Married,Secondary / secondary special,House / apartment,N,Y,112500.0,Commercial associate,3.1950718685831623,Laborers,University,Cash loans,595903.5,25375.5,481500.0,6.0,1.0,5.0,288509.58,72.0,13500.0,0.0,0.0,0.0,0.0,41.0,1514300.22,2380165.65,4.0,37.0,6.0,6.0,865865.4299999999,0.902439024390244,1.5717924481315864,6.0,4.0,0.0,1967476.5,1967476.5,84616.38,17100.0,,,,,,,,,,40.0,607.6666666666666,434.1666666666667,1.0,1.0,1.0,0.22556,0.00064,0.6666666666666666,0.0,Tier_1,Other,2,0.6664672951793731,43467.2,2319.08,0.0,10070.02,7353.32,4738.4,5483.66,73431.68,25375.5,13692.82,6787.37,0.0603,156817.48,48703.03,0.0,16803.17,11,0.2288,0.0,0.0,646.93,0.0,1,0,99.07,0.8333,7112.28,11658.56,-24356.51,2
364075,F,54.954140999315534,0,2.0,Married,Secondary / secondary special,House / apartment,N,Y,67500.0,State servant,5.114305270362765,Laborers,Agriculture,Cash loans,327024.0,15903.0,270000.0,6.0,4.0,2.0,346453.92,153115.91999999998,0.0,0.0,0.0,0.0,0.0,34.0,279139.545,244757.07,5.0,29.0,24.0,24.0,-34382.475,0.8529411764705882,0.8768269289827783,5.0,2.0,3.0,609183.0,609183.0,42097.275,6934.5,,,,,,,,,,32.0,370.0,182.16666666666663,0.0,0.0,0.0,0.2356,2.268384,0.4,0.0,Tier_1,Salaried,2,0.802121769735923,34221.07,1295.19,0.0,4700.65,4235.56,2963.9,2251.43,49667.8,15903.0,1929.2,747.1,0.0111,34689.65,0.0,0.0,24964.7,85,0.5026,0.0,0.0,0.0,0.0,0,0,0.0,0.0,2026.06,5223.99,-6852.89,4
272214,F,49.30595482546201,0,2.0,Married,Secondary / secondary special,House / apartment,N,Y,135000.0,Working,4.093086926762491,Core staff,Self-employed,Revolving loans,337500.0,16875.0,337500.0,,,,,,,,,,,9.0,227469.465,227469.465,0.0,9.0,0.0,0.0,0.0,1.0,1.0,1.0,1.0,0.0,489150.0,489150.0,25274.385,0.0,,,,,,,,,,9.0,192.0,160.0,0.0,0.0,0.0,0.125,,1.0,,Tier_2,Salaried,2,0.6767332993824063,42261.24,907.07,0.0,10787.25,15829.77,10332.47,10769.84,90887.64,16875.0,27237.36,16369.29,0.1213,777184.81,0.0,0.0,52008.13,103,0.5722,0.0,0.0,0.0,0.0,1,0,128.0,0.8333,23715.56,10613.06,4244.72,0
398259,M,35.403148528405204,2,4.0,Married,Secondary / secondary special,House / apartment,N,Y,67500.0,Working,,Cooking staff,Business Entity Type 3,Cash loans,284400.0,22599.0,225000.0,,,,,,,,,,,47.0,332661.28500000003,324677.835,4.0,43.0,8.0,8.0,-7983.45,0.9148936170212766,0.9760012650705656,6.0,6.0,0.0,279895.5,279895.5,46261.17,5187.15,,,,,,,,,,51.0,369.0,186.0,1.0,3.0,3.0,0.3348,,1.0,,Tier_3,Salaried,5,0.6331858865460057,26859.81,409.8,4117.26,3456.1,4188.21,3708.87,4576.05,47316.1,22599.0,0.0,0.0,0.0,0.0,0.0,0.0,16583.88,29,0.3505,0.0,0.0,0.0,0.0,1,1,262.61,1.0,-2752.93,5337.19,-9582.85,8
420901,M,44.74743326488706,2,4.0,Married,Secondary / secondary special,House / apartment,N,Y,202500.0,Working,4.919917864476386,Laborers,Industry: type 5,Cash loans,729792.0,37390.5,630000.0,5.0,2.0,3.0,1942078.5,1102014.0,0.0,0.0,0.0,0.0,0.0,24.0,328205.745,328205.745,1.0,23.0,1.0,1.0,0.0,0.9583333333333334,1.0,3.0,3.0,0.0,312043.5,312043.5,29423.025,15466.5,0.0,0.0,2025000.0,0.0,0.0,0.0,0.0,0.0,0.0,26.0,204.66666666666663,87.5,0.0,0.0,0.0,0.1846444444444444,5.442044444444444,1.0,0.0,Tier_2,Salaried,4,0.681885241939023,70840.53,2314.39,16933.68,12155.78,25875.11,9962.27,26415.1,164496.86,37390.5,612.64,272.0,0.0013,10947.93,0.0,35.61,54902.63,241,0.3338,0.0,0.0,0.0,0.0,0,1,285.85,1.0,2517.48,17490.11,-26714.27,5
330329,F,28.95003422313484,1,3.0,Civil marriage,Secondary / secondary special,House / apartment,N,Y,67500.0,Working,,Laborers,Housing,Cash loans,152820.0,15241.5,135000.0,1.0,0.0,1.0,16348.5,0.0,0.0,0.0,0.0,0.0,0.0,25.0,163475.415,163475.415,0.0,25.0,0.0,0.0,0.0,1.0,1.0,6.0,5.0,0.0,212908.5,212908.5,33903.315,2070.0,,,,,,,,,,31.0,178.5,98.16666666666669,0.0,0.0,0.0,0.2258,0.0,0.8333333333333334,0.0,Tier_3,Salaried,3,0.6707826921581099,31484.69,682.22,1094.31,4411.82,5368.52,2236.26,4307.23,49585.05,15241.5,2673.45,1104.95,0.0164,12035.17,0.0,0.0,28657.6,56,0.5779,160.46,7363.68,79.33,64.67,0,0,0.0,0.0,890.98,5724.55,-9843.25,5
127235,F,30.151950718685832,0,2.0,Married,Secondary / secondary special,Office apartment,N,Y,67500.0,Working,,Sales staff,Self-employed,Cash loans,135000.0,14539.5,135000.0,9.0,4.0,5.0,1035509.22,187717.5,405000.0,0.0,0.0,0.0,0.0,21.0,141209.46,141209.46,0.0,21.0,0.0,0.0,0.0,1.0,1.0,12.0,4.0,5.0,6110545.5,5310713.25,228972.2625,11292.75,,,,,,,,,,25.0,146.16666666666666,87.66666666666667,0.0,0.0,0.0,0.2154,2.781,0.3333333333333333,0.0,Tier_3,Salaried,3,0.6883129890056047,31369.53,577.34,0.0,5478.76,3357.88,2543.94,4259.71,47587.16,14539.5,5373.34,2662.28,0.0394,121532.44,0.0,0.0,17075.07,25,0.3588,0.0,0.0,0.0,0.0,0,0,0.0,0.0,3600.14,5198.35,-4515.22,3
333105,F,53.223819301848046,0,2.0,Married,Secondary / secondary special,House / apartment,N,Y,67500.0,State servant,3.2826830937713893,,Transport: type 1,Revolving loans,202500.0,10125.0,202500.0,5.0,2.0,3.0,506905.65,171981.0,0.0,0.0,0.0,0.0,0.0,18.0,225964.755,225964.755,0.0,18.0,0.0,0.0,0.0,1.0,1.0,4.0,2.0,0.0,212670.0,212670.0,18101.205,10665.0,,,,,,,,,,19.0,253.5,184.5,0.0,0.0,0.0,0.15,2.5478666666666667,0.5,0.0,Tier_2,Salaried,3,0.6787747099895902,25184.69,1110.94,0.0,3697.68,7360.66,4976.25,2295.86,44626.08,10125.0,12748.92,9622.99,0.1426,102418.83,0.0,870.93,20625.74,62,0.4622,0.0,0.0,1552.78,0.0,0,0,0.0,0.0,10671.25,3723.15,5322.91,0
351850,M,53.13073237508556,0,2.0,Married,Secondary / secondary special,House / apartment,Y,Y,225000.0,Working,6.778918548939083,Drivers,Self-employed,Revolving loans,270000.0,13500.0,270000.0,5.0,3.0,2.0,4162626.0,4525408.44,46048.5,0.0,0.0,0.0,0.0,3.0,112301.46,112301.46,0.0,3.0,0.0,0.0,0.0,1.0,1.0,3.0,1.0,1.0,724095.0,724095.0,32036.67,14841.0,,,,,,,,,,5.0,30.0,22.5,0.0,0.0,0.0,0.06,20.1129264,0.3333333333333333,0.0,Tier_1,Salaried,2,0.5983496946576078,80750.75,3593.21,0.0,9814.64,23108.7,9168.16,10705.73,137141.19,13500.0,74358.81,43406.56,0.1929,661520.72,0.0,0.0,70138.54,180,0.5114,11754.84,530196.82,2793.89,0.0,0,1,483.24,0.8333,65245.4,17963.15,36724.4,0
340136,F,21.730321697467488,0,1.0,Single / not married,Incomplete higher,House / apartment,N,N,103500.0,Commercial associate,,Accountants,Business Entity Type 3,Revolving loans,180000.0,9000.0,180000.0,2.0,1.0,1.0,143298.36,90672.21,0.0,0.0,0.0,0.0,0.0,7.0,21447.495,28899.72,2.0,5.0,4.0,4.0,7452.224999999999,0.7142857142857143,1.3474636548464052,2.0,1.0,0.0,28768.5,28768.5,2899.305,2857.5,,,,,,,,,,5.0,60.0,50.0,0.0,0.0,0.0,0.0869565217391304,0.8760600000000001,0.5,0.0,Tier_1,Other,1,0.7598797491689344,48077.0,9155.39,0.0,8304.08,6259.49,3442.48,3408.95,78647.39,9000.0,15852.61,8724.56,0.0843,189013.88,0.0,505.75,34605.6,127,0.44,0.0,0.0,0.0,0.0,0,0,0.0,0.0,14772.84,8779.6,-5741.03,1
291578,F,38.03148528405202,1,3.0,Married,Secondary / secondary special,House / apartment,N,Y,360000.0,Working,,Core staff,Self-employed,Cash loans,1174005.0,78903.0,1125000.0,,,,,,,,,,,22.0,1815257.385,1815257.385,0.0,22.0,0.0,0.0,0.0,1.0,1.0,4.0,2.0,0.0,1659685.5,1659685.5,162089.09999999998,0.0,,,,,,,,,,23.0,262.0,165.33333333333334,0.0,0.0,0.0,0.219175,,0.5,,Tier_2,Salaried,3,0.6351497153569201,162129.63,4048.51,11759.01,18842.23,18910.74,12963.78,20783.65,249437.55,78903.0,31659.45,13322.77,0.037,156518.32,0.0,0.0,113854.7,328,0.4564,1407.8,59371.23,0.0,0.0,1,1,701.2,0.9167,27914.55,24538.15,-37744.64,1
185650,M,40.167008898015055,0,1.0,Single / not married,Secondary / secondary special,House / apartment,N,Y,135000.0,State servant,5.549623545516769,Managers,Self-employed,Cash loans,358443.0,17563.5,252000.0,3.0,3.0,0.0,1491975.0,379692.0,0.0,0.0,0.0,0.0,0.0,45.0,585782.01,585782.01,2.0,43.0,4.0,4.0,0.0,0.9555555555555556,1.0,8.0,3.0,0.0,310257.0,297585.0,16298.19,4072.5,,,,,,,,,,47.0,1272.8333333333333,923.1666666666666,0.0,0.0,0.0,0.1301,2.8125333333333336,0.375,0.0,Tier_2,Salaried,2,0.6092863084789617,58287.69,814.26,0.0,4165.63,9239.76,4319.46,11080.06,87906.86,17563.5,29529.64,18078.45,0.1339,568320.38,132310.05,0.0,40579.98,63,0.4616,0.0,0.0,0.0,0.0,1,0,160.72,0.9167,31298.56,9529.79,14708.67,0
240132,M,57.097878165639976,0,2.0,Civil marriage,Secondary / secondary special,House / apartment,Y,Y,180000.0,Pensioner,,,XNA,Cash loans,1127074.5,37377.0,922500.0,,,,,,,,,,,12.0,103216.32,103216.32,0.0,12.0,0.0,0.0,0.0,1.0,1.0,2.0,1.0,0.0,85351.5,85351.5,8601.705,0.0,,,,,,,,,,12.0,108.0,69.16666666666667,0.0,0.0,0.0,0.20765,,0.5,,Tier_1,Other,2,0.6298417497552555,74889.37,4821.19,0.0,5045.16,16415.05,6680.63,9447.86,117299.26,37377.0,25323.74,10776.43,0.0599,195704.34,0.0,0.0,64079.44,146,0.5463,0.0,0.0,1024.52,0.0,1,0,260.1,1.0,24389.95,21049.41,-12334.56,2
395055,F,62.483230663928815,0,2.0,Married,Secondary / secondary special,House / apartment,N,Y,112500.0,Pensioner,,,XNA,Cash loans,459000.0,20218.5,459000.0,2.0,1.0,1.0,161797.95,0.0,0.0,0.0,0.0,0.0,0.0,30.0,305877.42,152938.71000000002,18.0,12.0,1759.0,1776.0,-152938.71,0.4,0.5000000000000001,1.0,1.0,0.0,120784.5,120784.5,11414.115,13423.5,,,,,,,,,,70.0,333.6666666666667,69.5,64.0,15668.0,2.0,0.17972,0.0,1.0,0.0,Tier_1,Other,2,0.6991379167536019,47681.06,2929.99,0.0,7058.38,10134.5,6008.3,9693.05,83505.28,20218.5,8776.22,3494.53,0.0311,25024.12,5097.89,0.0,29440.42,42,0.3526,0.0,0.0,0.0,0.0,0,0,0.0,0.0,12201.81,15861.32,-14369.56,3
189414,F,67.16495550992471,0,1.0,Widow,Secondary / secondary special,House / apartment,N,Y,157500.0,Pensioner,,,XNA,Cash loans,225000.0,22383.0,225000.0,4.0,0.0,4.0,558063.0449999999,0.0,0.0,0.0,0.0,0.0,0.0,16.0,183022.155,183022.155,0.0,16.0,0.0,0.0,0.0,1.0,1.0,5.0,3.0,0.0,411565.5,205782.75,24256.89,0.0,,,,,,,,,,17.0,246.0,138.5,0.0,0.0,0.0,0.1421142857142857,0.0,0.6,0.0,Tier_3,Other,1,0.6523527359703706,67398.35,2750.74,0.0,3194.84,18368.55,5298.31,13020.04,110030.83,22383.0,25086.17,10216.94,0.0649,423413.51,0.0,0.0,43794.52,324,0.398,2796.0,158847.91,0.0,0.0,0,0,0.0,0.0,25577.44,17496.06,-12808.36,2
398736,F,64.49281314168378,0,1.0,Single / not married,Secondary / secondary special,House / apartment,N,Y,99000.0,Pensioner,,,XNA,Cash loans,390960.0,20092.5,337500.0,2.0,1.0,1.0,112797.0,26145.0,0.0,0.0,0.0,0.0,0.0,22.0,332036.1,286758.45,3.0,19.0,17.0,17.0,-45277.65,0.8636363636363636,0.8636363636363638,3.0,1.0,0.0,292095.0,292095.0,15092.55,0.0,,,,,,,,,,19.0,336.0,239.5,0.0,0.0,0.0,0.2029545454545454,0.2640909090909091,0.3333333333333333,0.0,Tier_2,Other,1,0.7218009165981218,45363.39,1621.57,0.0,7471.21,10422.01,3708.49,3543.35,72130.02,20092.5,6777.48,3369.0,0.034,98172.05,12249.41,0.0,43413.41,80,0.6019,0.0,0.0,0.0,0.0,0,0,0.0,0.0,11694.36,10775.98,-1096.42,1
326447,M,30.87200547570157,0,2.0,Civil marriage,Secondary / secondary special,House / apartment,N,Y,450000.0,State servant,10.261464750171116,,Security Ministries,Cash loans,808650.0,29709.0,675000.0,13.0,5.0,7.0,27854694.0,10986907.5,0.0,0.0,0.0,0.0,0.0,53.0,1005141.6,995476.275,7.0,46.0,42.0,45.0,-9665.325000000004,0.8679245283018868,0.9903841160290252,4.0,4.0,0.0,1119181.5,640257.75,48757.7925,43110.0,8654700.255,8920708.92,10710000.0,967498.875,592315.515,399176.4225,11.313333666666669,0.0,0.0,16.0,144.0,78.66666666666667,1.0,5.0,5.0,0.06602,24.41535,1.0,0.0,Tier_1,Salaried,3,0.6864936576836624,161015.26,4514.51,0.0,25784.51,44477.93,18496.59,9521.13,263809.93,29709.0,156481.07,64763.28,0.1439,1131730.69,0.0,0.0,142797.95,176,0.5413,0.0,0.0,0.0,0.0,1,0,636.26,0.75,141106.02,28367.17,91388.89,0
284441,F,62.54346338124572,0,2.0,Married,Secondary / secondary special,House / apartment,N,Y,67500.0,Pensioner,,,XNA,Cash loans,94500.0,4131.0,94500.0,1.0,0.0,1.0,45859.5,0.0,0.0,0.0,0.0,0.0,0.0,22.0,123725.52,120124.305,1.0,21.0,13.0,13.0,-3601.215,0.9545454545454546,0.9708935149353182,3.0,3.0,0.0,114529.5,114529.5,17219.34,12375.0,,,,,,,,,,25.0,170.66666666666666,105.66666666666669,0.0,0.0,0.0,0.0612,0.0,1.0,0.0,Tier_2,Other,2,0.5841659085319425,24427.58,650.84,0.0,3521.18,3709.75,3763.01,2727.52,38799.88,4131.0,24569.12,11718.98,0.1736,276905.85,0.0,0.0,15870.8,108,0.409,0.0,0.0,0.0,1010.92,0,0,0.0,0.0,25088.45,6984.26,11336.13,0
114093,F,41.14442162902122,1,3.0,Married,Secondary / secondary special,House / apartment,N,N,450000.0,Commercial associate,5.004791238877481,Accountants,Transport: type 4,Cash loans,900000.0,26446.5,900000.0,1.0,1.0,0.0,630000.0,42556.5,586713.15,0.0,0.0,0.0,0.0,59.0,1281756.96,1114895.385,9.0,50.0,121.0,121.0,-166861.575,0.847457627118644,0.8698180854816657,3.0,3.0,0.0,821146.5,821146.5,55623.51,22500.0,1644486.165,1644486.165,4950000.0,490500.0,574351.965,94360.32,3.6544137,0.0,0.0,32.0,432.0,198.5,7.0,50.0,20.0,0.05877,0.09457,1.0,0.0,Tier_3,Other,3,0.7545178928736088,239323.16,10651.83,13032.0,19013.48,41588.43,15924.16,43547.41,383080.47,26446.5,40473.03,22593.86,0.0502,768472.04,138632.94,0.0,163841.17,426,0.4277,5089.79,151985.87,0.0,0.0,1,0,478.55,1.0,13293.13,40924.67,-57392.16,4
154144,M,51.12936344969199,0,2.0,Married,Secondary / secondary special,House / apartment,Y,Y,135000.0,Pensioner,,,XNA,Cash loans,780363.0,33192.0,697500.0,5.0,2.0,3.0,6231600.0,4144374.0,0.0,0.0,0.0,0.0,0.0,113.0,565185.105,565185.105,2.0,111.0,21.0,21.0,0.0,0.9823008849557522,1.0,3.0,3.0,0.0,426600.0,426600.0,51291.630000000005,10305.0,991820.706,2350212.615,5613750.0,202500.0,325957.5,79101.6225,5.510115033333333,2.0,2.0,18.0,115.5,56.5,0.0,0.0,0.0,0.2458666666666666,30.699066666666667,1.0,0.0,Tier_3,Other,1,0.7141209927629187,53011.6,1299.75,0.0,17278.76,10705.26,6751.22,10426.47,99473.06,33192.0,2334.94,742.64,0.0055,12896.16,0.0,37.48,54268.63,136,0.5456,0.0,0.0,0.0,0.0,1,0,228.95,0.75,4468.61,10273.92,-12326.8,4
201349,M,40.62149212867899,0,2.0,Married,Secondary / secondary special,House / apartment,Y,N,261000.0,Working,20.098562628336754,Managers,Military,Cash loans,276277.5,21825.0,238500.0,6.0,3.0,3.0,2880000.0,96358.5,45000.0,0.0,0.0,0.0,1.0,29.0,524350.035,524350.035,0.0,29.0,0.0,0.0,0.0,1.0,1.0,5.0,2.0,1.0,754722.0,614819.25,30876.9975,49072.5,,,,,,,,,,30.0,690.0,481.3333333333333,0.0,0.0,0.0,0.0836206896551724,0.3691896551724138,0.4,0.0,Tier_2,Salaried,2,0.7204566296362939,89811.71,23460.11,0.0,9651.96,37864.68,18009.54,15655.95,194453.95,21825.0,44721.05,25961.68,0.0995,629790.6,115188.88,0.0,100925.79,409,0.519,0.0,0.0,0.0,0.0,1,0,291.03,1.0,44248.82,9936.33,26324.04,0
298612,F,41.2621492128679,0,2.0,Married,Secondary / secondary special,House / apartment,N,Y,126000.0,Pensioner,,,XNA,Cash loans,495985.5,24255.0,409500.0,10.0,3.0,7.0,1809679.5,726151.5,0.0,0.0,0.0,0.0,0.0,181.0,823048.425,794850.165,7.0,174.0,27.0,27.0,-28198.26,0.9613259668508288,0.965739245537102,5.0,4.0,1.0,715882.5,715882.5,32652.675,15232.5,2184104.919214286,2886543.45,2866821.4285714286,281250.0,404293.5,121033.94785714286,27.689158484285716,4.0,4.0,56.0,1392.0,938.0333333333332,1.0,1.0,1.0,0.1925,5.763107142857143,0.8,0.0,Tier_1,Other,2,0.6780710417102502,51132.1,3304.94,0.0,3447.11,13920.7,7446.6,6701.64,85953.09,24255.0,15791.91,8210.04,0.0652,63684.02,0.0,0.0,39362.01,24,0.4579,0.0,0.0,0.0,924.83,0,0,0.0,0.0,7974.7,8350.01,-6337.74,1
156457,F,45.70020533880904,1,3.0,Married,Secondary / secondary special,House / apartment,N,Y,45000.0,State servant,10.012320328542094,Cooking staff,Kindergarten,Cash loans,265851.0,14418.0,229500.0,12.0,6.0,6.0,1312924.59,500179.095,0.0,0.0,0.0,0.0,0.0,125.0,1751456.25,1837228.005,30.0,95.0,79.83333333333333,109.0,85771.75500000006,0.76,1.0489716799948614,11.0,9.0,2.0,1272748.5,1272748.5,96573.465,9751.5,,,,,,,,,,119.0,1344.5833333333333,861.85,3.0,10.0,10.0,0.3204,11.115091,0.8181818181818182,0.0,Tier_3,Salaried,4,0.7418381595708389,17456.95,944.9,3265.84,3976.86,4230.7,3507.47,2279.18,35661.9,14418.0,0.0,0.0,0.0,0.0,0.0,0.0,14041.48,53,0.3937,0.0,0.0,0.0,0.0,1,1,63.83,1.0,-5772.41,4221.05,-11365.28,11
215440,M,42.62833675564682,1,3.0,Married,Secondary / secondary special,House / apartment,N,Y,112500.0,Working,,Drivers,Self-employed,Cash loans,152820.0,18265.5,135000.0,2.0,2.0,0.0,180000.0,68503.5,45000.0,0.0,0.0,0.0,0.0,10.0,322678.665,322678.665,0.0,10.0,0.0,0.0,0.0,1.0,1.0,6.0,3.0,0.0,348417.0,144208.5,21822.975,12127.5,75061.845,75061.845,540000.0,130500.0,68829.48,2572.02,0.41701025,0.0,0.0,7.0,33.0,22.0,0.0,0.0,0.0,0.16236,0.60892,0.5,0.0,Tier_2,Salaried,3,0.6271736814469723,40763.05,1418.72,7271.81,6419.32,11267.8,3416.34,3852.67,74409.71,18265.5,19824.79,12037.79,0.107,71581.58,0.0,836.58,26189.51,155,0.352,0.0,0.0,1819.1,1629.61,1,0,210.05,1.0,17929.0,10205.93,2325.01,0
310457,F,51.39493497604381,0,1.0,Single / not married,Incomplete higher,House / apartment,N,Y,157500.0,Pensioner,,,XNA,Cash loans,252000.0,12253.5,252000.0,4.0,2.0,1.0,4030569.0,2175660.0,0.0,0.0,0.0,0.0,0.0,31.0,633587.58,488126.115,6.0,25.0,253.0,253.0,-145461.465,0.8064516129032258,0.7704161672487331,3.0,3.0,0.0,349101.0,349101.0,66681.18,77042.43,,,,,,,,,,35.0,180.66666666666663,68.16666666666667,10.0,365.0,0.0,0.0778,13.813714285714283,1.0,0.0,Tier_1,Other,1,0.6603643551168382,51739.94,2707.78,0.0,3957.47,22738.62,6456.82,9652.23,97252.86,12253.5,47993.64,21765.26,0.1382,165033.96,0.0,2703.66,69746.23,100,0.7172,0.0,0.0,0.0,0.0,0,0,0.0,0.0,48649.85,14425.05,30888.7,0
133432,M,40.83504449007529,0,2.0,Married,Secondary / secondary special,House / apartment,N,Y,157500.0,Working,3.885010266940452,Laborers,Business Entity Type 2,Cash loans,1321902.0,42772.5,1035000.0,11.0,5.0,6.0,7803967.41,1966293.0,0.0,0.0,0.0,0.0,0.0,43.0,3736731.015,4268977.695,1.0,42.0,8.0,8.0,532246.68,0.9767441860465116,1.1424364445456343,9.0,8.0,1.0,3462030.0,2937300.75,147896.595,4500.0,,,,,,,,,,51.0,793.8333333333334,663.6666666666666,0.0,0.0,0.0,0.2715714285714286,12.4844,0.8888888888888888,0.0,Tier_2,Salaried,1,0.6040814216603853,61335.11,3099.7,0.0,5660.7,11013.14,5856.39,12606.68,99571.72,42772.5,15155.78,7711.59,0.049,27077.46,0.0,0.0,52716.33,177,0.5294,0.0,0.0,0.0,0.0,0,0,0.0,0.0,14927.28,11476.38,260.35,0
445758,F,50.888432580424364,0,1.0,Widow,Secondary / secondary special,House / apartment,N,Y,216000.0,Working,14.461327857631758,,Business Entity Type 2,Cash loans,835164.0,42772.5,733500.0,6.0,2.0,4.0,1965996.0,1447236.0,0.0,0.0,0.0,0.0,0.0,46.0,1762946.145,1745495.01,2.0,44.0,3.0,3.0,-17451.135,0.9565217391304348,0.9901011525227278,6.0,4.0,1.0,2003391.0,2003391.0,110362.32,9000.0,,,,,,,,,,48.0,820.5,553.6666666666666,0.0,0.0,0.0,0.1980208333333333,6.700166666666667,0.6666666666666666,0.0,Tier_3,Salaried,2,0.5998370049196489,86731.1,1246.0,0.0,13365.76,11645.31,9613.56,16408.07,139009.8,42772.5,34217.7,20832.89,0.0964,353570.77,38693.75,0.0,59041.13,104,0.4247,0.0,0.0,0.0,0.0,1,0,425.95,1.0,27890.81,14182.37,8856.72,0
348723,F,58.04243668720055,0,2.0,Married,Secondary / secondary special,House / apartment,N,Y,112500.0,Pensioner,,,XNA,Cash loans,808650.0,23773.5,675000.0,4.0,3.0,1.0,1238409.0,334093.5,0.0,0.0,0.0,0.0,0.0,41.0,711422.19,711422.19,1.0,40.0,4.0,4.0,0.0,0.975609756097561,1.0,3.0,3.0,0.0,495549.0,495549.0,33784.92,7465.5,,,,,,,,,,47.0,644.1666666666666,327.5,1.0,1.0,1.0,0.21132,2.96972,1.0,0.0,Tier_2,Other,2,0.672383744812403,41622.58,2448.15,0.0,5256.93,8426.69,5525.9,18516.18,81796.43,23773.5,6930.07,3064.4,0.0272,107780.11,0.0,233.75,30431.26,67,0.372,440.67,14979.14,0.0,443.75,1,1,183.58,1.0,5864.94,10875.5,-16773.02,3
121212,M,34.32443531827516,0,1.0,Single / not married,Secondary / secondary special,House / apartment,N,N,112500.0,Working,,Laborers,Self-employed,Cash loans,495000.0,19179.0,495000.0,1.0,0.0,1.0,23710.5,0.0,0.0,0.0,0.0,0.0,0.0,25.0,175256.685,164803.275,5.0,20.0,22.0,22.0,-10453.41,0.8,0.9403537160365666,5.0,2.0,1.0,191097.0,146097.0,14953.41,0.0,867888.9,867888.9,900000.0,180900.0,24787.485,28591.065,6.9400205,0.0,0.0,13.0,120.0,64.0,0.0,0.0,0.0,0.17048,0.0,0.4,0.0,Tier_3,Salaried,1,0.5397336015090843,31260.43,3860.2,0.0,8011.64,7027.16,5216.85,10798.74,66175.02,19179.0,27145.98,12582.29,0.1118,236434.56,0.0,0.0,24863.42,69,0.3757,0.0,0.0,0.0,0.0,0,0,0.0,0.0,26347.23,8935.76,12006.33,0
270568,F,41.3388090349076,0,2.0,Married,Secondary / secondary special,House / apartment,N,Y,135000.0,State servant,10.576317590691309,Core staff,Kindergarten,Cash loans,536917.5,22878.0,463500.0,1.0,1.0,0.0,81652.5,0.0,0.0,0.0,0.0,0.0,0.0,2.0,50092.785,50092.785,0.0,2.0,0.0,0.0,0.0,1.0,1.0,,,,,,,,,,,,,,,,,5.0,20.0,3.0,0.0,0.0,0.0,0.1694666666666666,0.0,,0.0,Tier_1,Salaried,3,0.6999183205663971,62214.17,3820.18,0.0,4661.18,13281.88,6671.44,4459.78,95108.63,22878.0,17013.37,8362.05,0.0619,122890.58,0.0,0.0,44067.51,77,0.4633,1734.2,32450.54,0.0,0.0,1,0,260.21,0.75,15444.13,10140.22,-4777.68,1
112621,F,42.25051334702259,1,3.0,Married,Higher education,House / apartment,Y,Y,63000.0,Working,2.967830253251198,Core staff,Kindergarten,Cash loans,239850.0,28593.0,225000.0,6.0,2.0,4.0,924480.0,319234.5,0.0,0.0,0.0,0.0,0.0,10.0,118973.115,118973.115,0.0,10.0,0.0,0.0,0.0,1.0,1.0,3.0,2.0,1.0,190881.0,190881.0,36612.45,0.0,,,,,,,,,,12.0,50.0,25.666666666666664,0.0,0.0,0.0,0.4538571428571428,5.067214285714286,0.6666666666666666,0.0,Tier_2,Salaried,4,0.7447808049870281,24634.68,676.25,10435.44,3294.98,5168.11,2711.73,3106.64,50027.83,28593.0,0.0,0.0,0.0,0.0,0.0,0.0,15553.06,17,0.3109,0.0,0.0,0.0,0.0,1,0,139.68,0.9167,-16398.15,5280.02,-25401.37,12
280984,M,67.10746064339493,0,2.0,Married,Secondary / secondary special,House / apartment,N,Y,67500.0,Pensioner,,,XNA,Cash loans,157500.0,15471.0,157500.0,1.0,1.0,0.0,344250.0,323053.65,21196.35,0.0,0.0,0.0,0.0,9.0,71610.075,71610.075,0.0,9.0,0.0,0.0,0.0,1.0,1.0,1.0,1.0,0.0,80910.0,80910.0,7956.675,0.0,,,,,,,,,,9.0,108.0,72.0,0.0,0.0,0.0,0.2292,4.78598,1.0,0.0,Tier_2,Other,2,0.7249152600938701,30725.09,1411.9,0.0,3855.04,4707.89,4790.61,3817.87,49308.4,15471.0,2720.6,2038.24,0.0302,73883.09,0.0,0.0,33553.69,64,0.6805,0.0,0.0,0.0,0.0,0,0,0.0,0.0,2333.46,8527.46,-11815.85,5
261859,F,48.93360711841205,0,2.0,Married,Secondary / secondary special,House / apartment,N,Y,76500.0,Working,9.826146475017111,Laborers,Business Entity Type 3,Cash loans,239850.0,23494.5,225000.0,6.0,1.0,5.0,1050895.53,199696.5,0.0,0.0,0.0,0.0,0.0,118.0,312570.585,312570.585,1.0,117.0,10.0,10.0,0.0,0.9915254237288136,1.0,3.0,3.0,0.0,192811.5,192811.5,24943.14,5265.9,403447.12425,762805.62,1096500.0,117000.0,157995.0,28567.38,7.29518,0.0,0.0,21.0,166.0,62.0,0.0,0.0,0.0,0.3071176470588235,2.610411764705882,1.0,0.0,Tier_3,Salaried,1,0.6599426331734769,25156.09,789.88,0.0,8152.69,7985.14,4401.49,6647.28,53132.57,23494.5,0.0,0.0,0.0,0.0,0.0,0.0,19601.64,31,0.3689,0.0,0.0,0.0,0.0,1,0,106.61,1.0,-2191.01,7058.04,-13560.19,7
173058,F,45.42915811088296,0,2.0,Married,Secondary / secondary special,House / apartment,N,Y,247500.0,Working,24.93908281998631,,Transport: type 1,Cash loans,963927.0,34753.5,747000.0,2.0,1.0,1.0,2097000.0,773194.5,0.0,0.0,0.0,0.0,0.0,10.0,31984.875,31984.875,0.0,10.0,0.0,0.0,0.0,1.0,1.0,2.0,2.0,0.0,83925.0,83925.0,9363.87,12735.0,,,,,,,,,,11.0,100.0,49.5,0.0,0.0,0.0,0.1404181818181818,3.124018181818182,1.0,0.0,Tier_3,Salaried,2,0.5326116816209315,97828.67,1912.38,0.0,5806.65,15227.5,6271.55,25269.47,152316.22,34753.5,60430.28,31676.59,0.128,571892.76,133749.34,0.0,51323.75,212,0.337,0.0,0.0,0.0,0.0,1,0,598.58,0.9167,54645.36,22495.56,20807.09,0
199315,F,36.48186173853525,2,4.0,Married,Higher education,House / apartment,N,N,315000.0,Working,6.661190965092403,Managers,Business Entity Type 3,Cash loans,1498500.0,41206.5,1498500.0,,,,,,,,,,,109.0,1816611.3,1381314.87,34.0,75.0,131.0,192.0,-435296.43,0.6880733944954128,0.7603799833238954,8.0,7.0,0.0,1236681.405,1066014.405,121134.96,54037.755,,,,,,,,,,87.0,889.5,506.1666666666667,1.0,5.0,5.0,0.1308142857142857,,0.875,,Tier_2,Salaried,4,0.6783892030905394,96351.61,35645.82,24253.74,20357.39,21480.71,15603.33,34930.75,248623.35,41206.5,25170.15,14260.75,0.0453,280372.11,0.0,0.0,96674.2,216,0.3888,3360.29,166162.93,0.0,0.0,1,1,834.0,1.0,23516.26,23985.02,-22447.39,1
118392,M,35.78918548939083,0,2.0,Married,Higher education,House / apartment,N,Y,202500.0,Working,10.888432580424366,High skill tech staff,Government,Cash loans,684000.0,28980.0,684000.0,,,,,,,,,,,27.0,108021.465,108021.465,0.0,27.0,0.0,0.0,0.0,1.0,1.0,4.0,3.0,0.0,324036.0,324036.0,23857.155,0.45,175596.75,175596.75,2430000.0,53100.0,32625.0,13500.0,0.6503583333333333,0.0,0.0,13.0,66.5,33.0,0.0,0.0,0.0,0.1431111111111111,,0.75,,Tier_2,Salaried,2,0.4884394460021759,54956.13,1005.49,0.0,10574.32,11522.06,6638.97,15641.45,100338.42,28980.0,73181.58,34949.91,0.1726,1346509.73,0.0,0.0,48400.11,97,0.4824,0.0,0.0,0.0,0.0,0,0,0.0,0.0,71157.23,11167.58,51683.11,0
271114,M,30.55167693360712,0,2.0,Married,Higher education,House / apartment,N,Y,135000.0,State servant,,,Military,Cash loans,269550.0,13761.0,225000.0,13.0,5.0,8.0,5598540.72,2536560.0,6358.14,0.0,0.0,0.0,0.0,8.0,264416.985,264416.985,1.0,7.0,2.0,2.0,0.0,0.875,1.0,2.0,2.0,0.0,241564.5,241564.5,19345.365,0.0,,,,,,,,,,10.0,139.5,117.0,0.0,0.0,0.0,0.1019333333333333,18.78933333333333,1.0,0.0,Tier_2,Salaried,3,0.6661023697491679,43491.46,2382.42,0.0,6548.5,22997.21,7996.28,3204.55,86620.42,13761.0,34618.58,15347.17,0.1137,281529.43,0.0,0.0,37707.7,152,0.4353,0.0,0.0,1008.15,1947.96,0,0,0.0,0.0,35494.23,9803.61,24176.16,0
448648,F,29.869952087611225,0,2.0,Married,Higher education,With parents,N,N,121500.0,Working,,,Business Entity Type 2,Cash loans,360000.0,23134.5,360000.0,,,,,,,,,,,12.0,371970.0,512963.595,0.0,12.0,0.0,0.0,140993.595,1.0,1.379045608516816,3.0,2.0,0.0,343138.5,171569.25,26012.925,10930.5,,,,,,,,,,11.0,69.0,46.5,0.0,0.0,0.0,0.1904074074074074,,0.6666666666666666,,Tier_1,Salaried,1,0.614862306766211,42191.89,7978.66,0.0,2441.07,10661.33,4382.57,12040.94,79696.46,23134.5,18669.04,11793.47,0.0971,98334.93,0.0,0.0,45560.87,140,0.5717,0.0,0.0,1869.69,0.0,0,0,0.0,0.0,21479.1,8040.44,9349.8,0
301630,F,29.965776865160848,1,3.0,Married,Higher education,House / apartment,Y,N,112500.0,Commercial associate,2.97056810403833,Accountants,Business Entity Type 3,Cash loans,679500.0,22212.0,679500.0,10.0,4.0,6.0,4383436.86,180887.175,540.135,0.0,0.0,0.0,1.0,14.0,129630.06,129630.06,0.0,14.0,0.0,0.0,0.0,1.0,1.0,1.0,1.0,0.0,204444.0,204444.0,9259.29,0.0,,,,,,,,,,14.0,288.0,217.5,0.0,0.0,0.0,0.19744,1.607886,1.0,0.0,Tier_2,Other,3,0.8148331521052252,39871.14,9328.38,7612.6,21623.93,7291.69,5940.99,2813.53,94482.26,22212.0,0.0,0.0,0.0,0.0,0.0,0.0,36423.37,130,0.3855,0.0,0.0,0.0,0.0,0,0,0.0,0.0,467.94,19171.95,-30001.8,5
228523,F,52.41889117043121,0,2.0,Married,Secondary / secondary special,House / apartment,N,N,450000.0,Working,18.833675564681723,Managers,Business Entity Type 3,Cash loans,1125000.0,60070.5,1125000.0,12.0,3.0,9.0,8305451.1,3086649.0,0.0,0.0,0.0,0.0,0.0,37.0,1084288.545,1044809.91,6.0,31.0,7.0,7.0,-39478.635,0.8378378378378378,0.9635902867534214,3.0,3.0,0.0,938970.0,533749.5,49556.025,0.0,,,,,,,,,,39.0,372.0,194.33333333333331,0.0,0.0,0.0,0.13349,6.85922,1.0,0.0,Tier_1,Salaried,3,0.6700602539517025,171655.77,40368.46,0.0,16458.1,39431.39,13729.6,60247.74,341891.06,60070.5,48038.44,18172.55,0.0404,574937.04,0.0,0.0,166391.21,111,0.4867,0.0,0.0,0.0,1744.08,0,1,320.17,0.8333,56971.1,39751.69,-14759.37,2
308858,M,53.79329226557152,0,2.0,Married,Secondary / secondary special,House / apartment,Y,N,180000.0,Working,30.5927446954141,High skill tech staff,Business Entity Type 3,Cash loans,755190.0,31995.0,675000.0,,,,,,,,,,,17.0,51632.82,41402.655,4.0,13.0,79.0,79.0,-10230.164999999995,0.7647058823529411,0.8018670101691133,3.0,2.0,1.0,110349.0,110349.0,10170.855,5949.0,0.0,0.0,688500.0,0.0,0.0,0.0,0.0,0.0,0.0,15.0,123.0,44.5,3.0,6.0,1.0,0.17775,,0.6666666666666666,,Tier_2,Salaried,2,0.6756960133997121,76536.85,9604.71,0.0,11302.85,12454.46,6623.27,17029.84,133551.98,31995.0,14453.02,6867.32,0.0382,134755.36,0.0,0.0,54868.05,232,0.4108,0.0,0.0,0.0,570.22,0,0,0.0,0.0,18836.03,14461.17,-15704.54,1
307949,F,31.34839151266256,2,4.0,Married,Higher education,House / apartment,N,Y,112500.0,Working,5.916495550992471,High skill tech staff,Business Entity Type 1,Cash loans,183384.0,19458.0,162000.0,11.0,6.0,5.0,1621503.09,462258.0,179792.64,0.0,0.0,0.0,0.0,62.0,812090.4299999999,790550.0549999999,7.0,55.0,22.0,22.0,-21540.375,0.8870967741935484,0.9734753985464402,9.0,7.0,1.0,985545.0,899568.0,89069.64749999999,19755.0,,,,,,,,,,63.0,451.9,264.1333333333333,1.0,6.0,6.0,0.17296,4.10896,0.7777777777777778,0.0,Tier_1,Salaried,4,0.7217324549542974,36018.4,2260.9,6795.29,10065.27,21854.94,4200.1,4054.82,85249.72,19458.0,7792.28,5633.71,0.0501,196675.04,73705.48,0.0,32615.9,90,0.3826,644.69,25814.08,0.0,0.0,0,0,0.0,0.0,8136.53,7659.27,-3626.92,2
191487,M,36.55852156057495,2,4.0,Married,Secondary / secondary special,House / apartment,N,Y,135000.0,Commercial associate,,,Business Entity Type 2,Cash loans,314055.0,16164.0,238500.0,10.0,3.0,7.0,907529.085,290712.24,135000.0,0.0,0.0,0.0,0.0,53.0,518572.845,497310.66,4.0,49.0,13.0,13.0,-21262.185,0.9245283018867924,0.9589986533135956,2.0,2.0,0.0,267930.0,267930.0,15582.915,0.0,4398544.5075,4813954.695,5625000.0,663741.0,415125.0,218634.165,12.543119831578949,0.0,0.0,11.0,46.0,22.5,1.0,2.0,2.0,0.1197333333333333,2.153424,1.0,0.0,Tier_3,Other,4,0.6158520291545928,46672.08,1366.95,3011.02,13857.04,11279.45,6953.48,10157.4,93297.42,16164.0,25538.58,11687.62,0.0866,426222.59,0.0,0.0,28191.85,56,0.3022,0.0,0.0,0.0,0.0,1,1,342.95,0.9167,15652.58,19218.91,-14612.89,3
391654,M,43.07186858316222,2,4.0,Married,Higher education,House / apartment,Y,N,135000.0,Commercial associate,14.182067077344286,Managers,Other,Revolving loans,382500.0,19125.0,382500.0,,,,,,,,,,,1.0,28477.26,28477.26,0.0,1.0,0.0,0.0,0.0,1.0,1.0,1.0,1.0,0.0,26842.5,26842.5,5474.25,22477.5,,,,,,,,,,3.0,31.0,6.0,0.0,0.0,0.0,0.1416666666666666,,1.0,,Tier_3,Other,5,0.5699784451745368,46488.72,9851.67,9004.56,2731.88,3848.58,5021.68,7723.12,84670.21,19125.0,31204.79,16750.94,0.1241,126508.85,19408.07,0.0,26349.13,39,0.3112,0.0,0.0,881.22,0.0,1,1,199.38,0.75,20638.72,10924.42,-156.02,1
237008,F,59.03080082135524,0,1.0,Single / not married,Higher education,House / apartment,N,Y,157500.0,Pensioner,,,XNA,Cash loans,1236816.0,36292.5,1080000.0,1.0,0.0,1.0,169146.0,0.0,0.0,0.0,0.0,0.0,0.0,13.0,54118.35,54118.35,0.0,13.0,0.0,0.0,0.0,1.0,1.0,1.0,1.0,0.0,92407.5,92407.5,4162.95,0.0,,,,,,,,,,13.0,288.0,221.0,0.0,0.0,0.0,0.2304285714285714,0.0,1.0,0.0,Tier_2,Other,1,0.6226063635812371,54148.85,3678.55,0.0,11240.8,12168.51,10538.14,10781.36,102556.21,36292.5,18651.29,9030.39,0.0573,412719.78,0.0,0.0,52960.81,530,0.5164,1323.93,7254.68,0.0,0.0,0,0,0.0,0.0,13449.19,17555.8,-8124.95,4
354746,M,33.15811088295688,0,2.0,Married,Higher education,House / apartment,Y,Y,315000.0,Working,7.698836413415469,High skill tech staff,Transport: type 4,Cash loans,640080.0,31261.5,450000.0,1.0,0.0,1.0,142762.5,0.0,0.0,0.0,0.0,0.0,0.0,32.0,2148822.0,1568340.405,11.0,21.0,54.5,69.0,-580481.595,0.65625,0.7298605491753156,4.0,2.0,1.0,1088824.5,1088824.5,116246.79,37795.5,,,,,,,,,,25.0,294.0,156.16666666666666,0.0,0.0,0.0,0.0992428571428571,0.0,0.5,0.0,Tier_1,Salaried,1,0.6269534421656359,113936.15,2998.7,0.0,34437.16,22259.02,12682.16,16191.14,202504.33,31261.5,81234.17,42489.02,0.1349,1232922.53,0.0,5876.23,102430.3,162,0.5058,0.0,0.0,0.0,0.0,0,0,0.0,0.0,76360.63,12575.59,51270.22,0
420012,M,30.65845311430527,1,3.0,Married,Secondary / secondary special,House / apartment,N,Y,225000.0,Commercial associate,,Laborers,Construction,Cash loans,690048.0,26869.5,576000.0,3.0,2.0,1.0,99230.67,21348.0,0.0,0.0,0.0,0.0,0.0,43.0,484923.285,479511.405,4.0,39.0,205.0,206.0,-5411.88,0.9069767441860463,0.9888397192557994,11.0,7.0,1.0,791208.0,660777.75,111609.72,6930.0,530993.61,530993.61,630000.0,137205.09,13496.13,16516.62,4.9972433333333335,0.0,0.0,43.0,244.0,114.0,0.0,0.0,0.0,0.11942,0.09488,0.6363636363636364,0.0,Tier_2,Other,4,0.6835231565676787,98092.26,2488.84,9640.08,3083.37,25737.82,14750.34,8041.21,161833.92,26869.5,36296.58,20605.2,0.0916,241485.64,0.0,0.0,67217.65,293,0.4153,4736.01,238393.64,1820.11,1923.18,1,0,398.42,0.9167,41920.3,19874.59,18190.48,0
186589,F,57.35523613963039,0,1.0,Widow,Secondary / secondary special,House / apartment,N,Y,135000.0,Pensioner,,,XNA,Cash loans,641173.5,21316.5,553500.0,8.0,2.0,6.0,2497500.0,1015245.0,0.0,0.0,0.0,0.0,1.0,32.0,1012611.33,999003.285,3.0,29.0,4.0,4.0,-13608.045,0.90625,0.9865614332006338,3.0,3.0,0.0,1181133.0,1181133.0,68649.795,0.0,0.0,0.0,7425000.0,0.0,0.0,0.0,0.0,0.0,0.0,33.0,507.5,272.0,0.0,0.0,0.0,0.1579,7.520333333333333,1.0,0.0,Tier_1,Other,2,0.6158088010529509,46800.19,4270.44,0.0,4772.64,11728.69,10256.9,8581.22,86410.08,21316.5,27273.42,12660.18,0.0938,492978.01,117712.8,0.0,50725.0,142,0.587,0.0,0.0,0.0,0.0,0,0,0.0,0.0,26465.12,13176.15,-4069.71,1
170090,M,31.98631074606434,1,3.0,Married,Lower secondary,With parents,N,Y,112500.0,Working,,Low-skill Laborers,Business Entity Type 3,Revolving loans,135000.0,6750.0,135000.0,6.0,1.0,5.0,407930.175,0.0,0.0,0.0,0.0,0.0,0.0,25.0,470701.35,576815.85,0.0,25.0,0.0,0.0,106114.5,1.0,1.225439123979568,2.0,2.0,0.0,363825.0,363825.0,42102.630000000005,0.0,,,,,,,,,,23.0,231.0,113.0,0.0,0.0,0.0,0.06,0.0,1.0,0.0,Tier_3,Salaried,2,0.4,27559.57,880.73,5680.22,2528.11,5610.47,2740.89,14852.65,59852.64,6750.0,45897.36,22168.06,0.197,529759.51,0.0,0.0,27480.21,87,0.4591,4070.64,114597.31,0.0,2028.42,1,0,184.24,0.75,48225.15,9203.12,33178.27,0
138248,F,57.782340862423,0,2.0,Married,Secondary / secondary special,House / apartment,N,N,144000.0,Working,24.577686516084874,,Industry: type 5,Cash loans,691020.0,19935.0,495000.0,5.0,3.0,2.0,2439450.0,680476.5,0.0,0.0,0.0,0.0,0.0,51.0,1022200.245,1022200.245,0.0,51.0,0.0,0.0,0.0,1.0,1.0,6.0,6.0,0.0,1113484.5,1113484.5,89346.24,36099.0,0.0,0.0,4050000.0,0.0,0.0,0.0,0.0,0.0,0.0,55.0,602.0,385.6666666666667,0.0,0.0,0.0,0.1384375,4.72553125,1.0,0.0,Tier_3,Salaried,2,0.5530926133709988,46828.98,6988.2,0.0,8081.86,7240.46,5621.11,10059.02,84819.63,19935.0,39245.37,19222.28,0.1335,823913.3,0.0,0.0,40907.91,45,0.4823,4456.93,53001.17,0.0,0.0,0,0,0.0,0.0,38028.07,9860.62,20273.52,0
284335,F,59.56194387405886,0,1.0,Separated,Higher education,House / apartment,N,Y,225000.0,State servant,15.416837782340862,,Hotel,Cash loans,104256.0,10683.0,90000.0,5.0,1.0,4.0,3040450.2,1453936.5,0.0,0.0,0.0,0.0,0.0,12.0,205148.835,205148.835,0.0,12.0,0.0,0.0,0.0,1.0,1.0,1.0,1.0,0.0,175495.5,175495.5,17110.8,18000.0,,,,,,,,,,12.0,144.0,78.0,0.0,0.0,0.0,0.04748,6.46194,1.0,0.0,Tier_3,Salaried,1,0.5563552690434217,77884.82,2114.97,0.0,10537.53,14460.67,6637.37,6381.38,118016.74,10683.0,96300.26,38730.71,0.1721,1271864.53,0.0,0.0,56341.36,139,0.4774,0.0,0.0,0.0,0.0,0,0,0.0,0.0,96689.69,10465.37,81684.97,0
157795,F,27.786447638603697,0,2.0,Married,Incomplete higher,House / apartment,N,Y,112500.0,Working,,Core staff,Bank,Cash loans,225000.0,11488.5,225000.0,5.0,3.0,2.0,551094.84,110731.5,95964.84,0.0,0.0,0.0,0.0,22.0,132576.975,132576.975,0.0,22.0,0.0,0.0,0.0,1.0,1.0,3.0,1.0,2.0,323046.0,323046.0,14529.825,0.0,,,,,,,,,,23.0,358.93333333333334,188.8,0.0,0.0,0.0,0.10212,0.98428,0.3333333333333333,0.0,Tier_1,Salaried,2,0.6935282713206335,53007.2,2547.47,0.0,7999.28,7532.13,3735.07,5076.68,79897.83,11488.5,21113.67,14617.6,0.1299,405559.7,138395.64,1377.94,55944.11,193,0.7002,3020.83,67090.01,0.0,0.0,0,0,0.0,0.0,21875.53,9758.74,-697.34,1
165424,F,43.05817932922656,0,2.0,Married,Secondary / secondary special,House / apartment,N,Y,90000.0,Working,,Cleaning staff,Cleaning,Cash loans,198666.0,18571.5,175500.0,1.0,1.0,0.0,15660.0,0.0,0.0,0.0,0.0,0.0,2.0,,,,,,,,,,,,,,,,,,,,,,,,,,,,,,,,,0.20635,0.0,,0.0,Tier_3,Salaried,2,0.6065260474376665,28409.49,1413.17,0.0,7614.14,7786.22,4495.3,3557.46,53275.78,18571.5,18152.72,4998.18,0.0555,170564.73,0.0,0.0,26193.17,29,0.4917,0.0,0.0,0.0,576.82,1,0,167.73,0.8333,15500.5,7938.86,1740.89,0
271859,M,40.42984257357974,1,3.0,Married,Secondary / secondary special,House / apartment,N,N,166500.0,Commercial associate,4.120465434633813,Drivers,Trade: type 7,Cash loans,545040.0,26640.0,450000.0,7.0,1.0,6.0,739930.5,0.0,0.0,0.0,0.0,0.0,0.0,24.0,140290.83000000002,140290.83000000002,1.0,23.0,1.0,1.0,0.0,0.9583333333333334,1.0,4.0,1.0,2.0,553945.5,409648.5,25311.6225,0.0,,,,,,,,,,25.0,432.0,218.66666666666663,0.0,0.0,0.0,0.16,0.0,0.25,0.0,Tier_1,Other,3,0.746323981385823,75484.26,12687.27,13777.86,6005.28,10834.22,5474.05,1114.52,125377.46,26640.0,14482.54,7875.43,0.0473,188890.29,0.0,0.0,46414.75,132,0.3702,0.0,0.0,0.0,550.71,1,0,269.66,0.9167,16999.61,17444.55,-8526.98,3
187521,F,57.002053388090346,0,1.0,Widow,Secondary / secondary special,House / apartment,N,Y,175500.0,Pensioner,,,XNA,Revolving loans,292500.0,14625.0,292500.0,1.0,0.0,1.0,22115.79,0.0,0.0,0.0,0.0,0.0,0.0,29.0,852949.755,744275.115,5.0,24.0,24.0,24.0,-108674.64,0.8275862068965517,0.8725896345441825,5.0,3.0,1.0,794349.0,409869.0,31024.62,0.0,,,,,,,,,,28.0,438.0,300.5,0.0,0.0,0.0,0.0833333333333333,0.0,0.6,0.0,Tier_1,Other,1,0.6790398505375439,60357.73,3031.3,0.0,22872.72,18403.54,7151.66,6633.72,118450.67,14625.0,42424.33,24001.7,0.1368,1161554.72,0.0,0.0,61072.5,92,0.5156,3837.19,248245.24,3969.54,2638.98,1,1,829.47,0.8333,42170.98,15481.2,18890.92,0
454408,M,38.08624229979466,2,4.0,Married,Higher education,House / apartment,N,Y,184500.0,Working,12.876112251882272,,Security Ministries,Cash loans,78192.0,8338.5,67500.0,1.0,0.0,1.0,112545.0,0.0,0.0,0.0,0.0,0.0,0.0,,,,,,,,,,,1.0,0.0,0.0,112545.0,112545.0,0.0,0.0,,,,,,,,,,5.0,5.0,0.0,0.0,0.0,0.0,0.0451951219512195,0.0,0.0,0.0,Tier_1,Salaried,4,0.7893658724174618,68734.15,2968.42,14319.3,30004.36,19380.95,10230.82,11466.97,157104.97,8338.5,19056.53,9503.11,0.0515,227365.86,0.0,0.0,86540.63,202,0.5508,933.8,10808.81,0.0,0.0,0,0,0.0,0.0,14286.94,13830.3,-11074.9,2
102693,F,27.991786447638603,0,1.0,Single / not married,Higher education,House / apartment,N,Y,171000.0,Working,5.675564681724846,Laborers,Self-employed,Cash loans,402214.5,31905.0,328500.0,7.0,1.0,6.0,986854.5,0.0,0.0,0.0,0.0,0.0,0.0,13.0,309871.71,309871.71,0.0,13.0,0.0,0.0,0.0,1.0,1.0,3.0,2.0,1.0,342855.0,342855.0,43329.87,34623.0,,,,,,,,,,14.0,152.0,108.5,0.0,0.0,0.0,0.186578947368421,0.0,0.6666666666666666,0.0,Tier_2,Salaried,1,0.5750754003491422,60076.8,4459.77,0.0,6102.33,18142.87,4278.59,20425.42,113485.78,31905.0,25609.22,8376.31,0.049,347781.04,138640.43,0.0,48846.79,108,0.4304,0.0,0.0,0.0,0.0,0,0,0.0,0.0,32260.34,11848.06,6767.95,0
276115,F,25.87542778918549,2,4.0,Married,Secondary / secondary special,Municipal apartment,N,Y,103500.0,Working,7.041752224503765,Sales staff,Self-employed,Revolving loans,337500.0,16875.0,337500.0,2.0,1.0,1.0,258205.32,33690.06,0.0,0.0,0.0,0.0,0.0,44.0,572866.425,554058.045,2.0,42.0,25.0,25.0,-18808.38,0.9545454545454546,0.967167948444526,7.0,4.0,3.0,1095525.0,464527.125,41979.5775,0.0,,,,,,,,,,44.0,565.3333333333334,365.3333333333333,0.0,0.0,0.0,0.1630434782608695,0.3255078260869565,0.5714285714285714,0.0,Tier_1,Salaried,3,0.6943566811293918,56976.12,897.7,2316.7,2299.15,5701.35,3674.9,7642.12,79508.04,16875.0,7116.96,3396.76,0.0328,70142.14,12152.64,0.0,54462.73,82,0.685,0.0,0.0,0.0,0.0,0,0,0.0,0.0,6613.66,8771.11,-9918.47,2
374751,M,38.08624229979466,0,2.0,Civil marriage,Secondary / secondary special,House / apartment,N,Y,157500.0,Working,,Drivers,Self-employed,Cash loans,432841.5,29056.5,391500.0,1.0,0.0,1.0,28813.5,0.0,0.0,0.0,0.0,0.0,0.0,9.0,275919.615,275919.615,0.0,9.0,0.0,0.0,0.0,1.0,1.0,2.0,1.0,0.0,258322.5,258322.5,30657.735,0.0,,,,,,,,,,9.0,108.0,72.0,0.0,0.0,0.0,0.1844857142857142,0.0,0.5,0.0,Tier_2,Salaried,2,0.6462123791690334,77578.79,966.06,0.0,5891.86,9389.15,4908.47,8061.47,106795.8,29056.5,21647.7,13400.38,0.0851,416420.38,0.0,1014.5,41129.66,101,0.3851,0.0,0.0,0.0,0.0,1,0,238.43,0.6667,19149.72,11738.31,2004.6,0
283603,F,45.31964407939768,0,2.0,Married,Secondary / secondary special,House / apartment,N,Y,103500.0,Commercial associate,,Cooking staff,Business Entity Type 3,Cash loans,862560.0,25348.5,720000.0,6.0,3.0,3.0,604719.0,0.0,0.0,0.0,0.0,0.0,0.0,159.0,1907914.995,1652541.3,31.0,128.0,76.83333333333333,124.0,-255373.695,0.8050314465408805,0.8661503810865536,10.0,8.0,2.0,1357857.0,708933.0,58027.425,2835.0,5508639.585,6138676.08,6547500.0,386100.0,249101.73,289544.9325,18.562261772727272,0.0,0.0,89.0,1259.1666666666667,639.4,1.0,1.0,1.0,0.2449130434782608,0.0,0.8,0.0,Tier_3,Other,2,0.5409381980990925,35403.79,961.41,0.0,3404.9,3864.47,3925.68,6860.49,54420.74,25348.5,23730.76,15569.09,0.1504,742754.06,0.0,0.0,31209.54,38,0.5735,0.0,0.0,0.0,1842.66,0,1,226.9,0.8333,20000.25,8791.13,1368.96,0
347002,M,28.8870636550308,1,3.0,Civil marriage,Secondary / secondary special,House / apartment,N,N,171000.0,Working,,Laborers,Transport: type 4,Cash loans,573408.0,36810.0,495000.0,2.0,2.0,0.0,80086.5,29178.0,0.0,0.0,0.0,0.0,0.0,43.0,1467703.125,1580262.66,1.0,42.0,1.0,1.0,112559.535,0.9767441860465116,1.0766909418415254,7.0,3.0,2.0,1546938.0,1461618.0,139696.965,3.33,,,,,,,,,,45.0,495.0,264.5,0.0,0.0,0.0,0.2152631578947368,0.1706315789473684,0.4285714285714285,0.0,Tier_1,Salaried,3,0.7398075403771305,82570.35,9641.1,5174.33,11692.09,11542.49,5886.74,9951.38,136458.48,36810.0,0.0,0.0,0.0,0.0,0.0,0.0,104905.29,192,0.7688,0.0,0.0,0.0,0.0,0,0,0.0,0.0,-4338.81,13419.41,-22638.91,7
336229,F,47.31279945242984,0,2.0,Married,Secondary / secondary special,House / apartment,N,Y,171000.0,Working,9.645448323066391,Cooking staff,School,Cash loans,1138909.5,45297.0,976500.0,1.0,0.0,1.0,53055.0,0.0,0.0,0.0,0.0,0.0,0.0,71.0,1359780.525,952861.815,22.0,49.0,65.0,81.0,-406918.71,0.6901408450704225,0.7007467730867818,7.0,6.0,0.0,816669.0,543827.25,55696.185,90783.0,0.0,0.0,360000.0,0.0,0.0,0.0,0.0,0.0,0.0,56.0,603.0,320.1666666666667,3.0,5.0,5.0,0.2648947368421052,0.0,0.8571428571428571,0.0,Tier_3,Salaried,3,0.5340965521744346,58524.9,832.24,0.0,11151.78,7988.82,4638.04,6903.94,90039.72,45297.0,35663.28,20209.54,0.1182,136835.76,20465.52,0.0,48771.01,45,0.5417,0.0,0.0,0.0,0.0,0,0,0.0,0.0,33901.68,14972.4,8011.96,0
152037,F,31.564681724846,1,3.0,Civil marriage,Higher education,House / apartment,N,Y,99000.0,Working,3.356605065023956,Core staff,Kindergarten,Revolving loans,337500.0,16875.0,337500.0,1.0,1.0,0.0,450000.0,225751.5,0.0,0.0,0.0,0.0,0.0,44.0,352068.48000000004,370680.84,0.0,44.0,0.0,0.0,18612.36,1.0,1.0528657379382556,3.0,3.0,0.0,370035.0,370035.0,24224.76,0.0,,,,,,,,,,44.0,579.6,368.1,0.0,0.0,0.0,0.1704545454545454,2.2803181818181817,1.0,0.0,Tier_3,Salaried,2,0.6759874520755929,43297.58,605.09,8903.11,5599.89,5554.02,2963.06,9053.45,75976.2,16875.0,6148.8,3299.0,0.0333,108365.07,0.0,453.34,37399.87,121,0.4923,0.0,0.0,0.0,0.0,1,0,113.27,1.0,4142.8,10760.21,-10597.34,4
399687,M,54.60369609856263,0,2.0,Married,Secondary / secondary special,House / apartment,N,N,99000.0,Pensioner,,,XNA,Cash loans,781920.0,34443.0,675000.0,2.0,2.0,0.0,234810.0,88029.0,63004.5,0.0,0.0,0.0,0.0,12.0,48608.325,48608.325,0.0,12.0,0.0,0.0,0.0,1.0,1.0,1.0,1.0,0.0,43398.0,43398.0,4050.765,0.0,,,,,,,,,,13.0,120.0,65.5,0.0,0.0,0.0,0.3479090909090909,0.8891818181818182,1.0,0.0,Tier_1,Other,2,0.7251755042543511,39533.45,8667.58,0.0,12551.6,5860.71,2756.81,4374.2,73744.35,34443.0,0.0,0.0,0.0,0.0,0.0,0.0,34589.02,137,0.469,0.0,0.0,0.0,0.0,1,1,171.04,0.9167,-5350.9,8170.07,-18459.36,8
300819,M,37.634496919917865,0,2.0,Civil marriage,Secondary / secondary special,House / apartment,Y,Y,270000.0,Commercial associate,,,Self-employed,Cash loans,729792.0,44775.0,630000.0,5.0,2.0,3.0,1435860.0,0.0,0.0,0.0,0.0,0.0,0.0,27.0,798426.045,798426.045,0.0,27.0,0.0,0.0,0.0,1.0,1.0,3.0,2.0,0.0,353326.5,353326.5,25011.54,8095.5,1825295.175,1825295.175,2160000.0,833107.5,662841.405,86073.705,6.7603525,0.0,0.0,9.0,68.0,38.0,0.0,0.0,0.0,0.1658333333333333,0.0,0.6666666666666666,0.0,Tier_1,Other,2,0.7114258944543672,88079.27,3883.43,0.0,25692.97,26760.34,17020.17,9773.9,171210.08,44775.0,54014.92,34425.33,0.1275,1236376.74,0.0,0.0,98691.93,43,0.5764,0.0,0.0,0.0,2897.2,1,0,352.71,1.0,62690.52,24541.72,33703.82,0
221038,F,35.676933607118414,0,1.0,Separated,Secondary / secondary special,House / apartment,N,Y,135000.0,State servant,8.895277207392198,Accountants,Bank,Cash loans,454500.0,21996.0,454500.0,3.0,2.0,1.0,410870.205,276514.02,0.0,0.0,0.0,0.0,0.0,61.0,703890.585,672121.035,8.0,53.0,11.0,18.0,-31769.550000000003,0.8688524590163934,0.954865783579134,9.0,7.0,0.0,922252.5,850995.0,68568.4125,36216.0,,,,,,,,,,65.0,528.7666666666667,265.06666666666666,0.0,0.0,0.0,0.1629333333333333,2.048252,0.7777777777777778,0.0,Tier_2,Salaried,2,0.5655353795469185,44521.09,2477.46,0.0,6869.03,7904.97,5702.42,15950.02,83424.99,21996.0,29579.01,15057.23,0.1115,63077.98,0.0,0.0,42277.5,66,0.5068,0.0,0.0,0.0,1005.38,1,0,315.54,0.9167,30614.85,8072.02,19182.95,0
259089,F,30.811772758384667,1,2.0,Single / not married,Higher education,House / apartment,Y,N,103810.5,Commercial associate,,,Construction,Cash loans,942300.0,27135.0,675000.0,2.0,1.0,1.0,732119.22,635139.0,0.0,0.0,0.0,0.0,0.0,,,,,,,,,,,,,,,,,,,,,,,,,,,,,,,,,0.2613897438120421,6.118253933850622,,0.0,Tier_1,Other,2,0.7399134185281084,47832.18,9810.14,5222.78,2803.36,6425.47,4716.86,3022.08,79832.87,27135.0,0.0,0.0,0.0,0.0,0.0,0.0,39803.98,100,0.4986,0.0,0.0,0.0,0.0,1,0,179.89,1.0,1557.14,7897.48,-10220.45,4
173063,M,46.809034907597535,0,2.0,Married,Secondary / secondary special,House / apartment,Y,Y,108000.0,Working,3.260780287474333,Laborers,Trade: type 7,Cash loans,269550.0,16416.0,225000.0,4.0,0.0,4.0,1828693.215,0.0,0.0,0.0,0.0,0.0,0.0,117.0,3717459.18,3600578.205,6.0,111.0,13.5,17.0,-116880.975,0.9487179487179488,0.9685589082917648,9.0,7.0,2.0,2659675.5,2517414.75,119829.285,10444.5,6090041.385,6435646.11,7353000.0,1482979.5,1456022.385,304471.03500000003,16.95549759047619,0.0,0.0,70.0,1102.0,780.5,0.0,0.0,0.0,0.152,0.0,0.7777777777777778,0.0,Tier_2,Salaried,1,0.6221675646125951,39039.46,1057.71,0.0,5303.87,9847.21,5339.9,4927.17,65515.32,16416.0,26068.68,11736.12,0.1087,415327.24,0.0,0.0,29608.81,47,0.4519,0.0,0.0,0.0,0.0,0,0,0.0,0.0,26175.87,9369.42,6577.65,0
416009,M,28.290212183436,2,4.0,Married,Secondary / secondary special,House / apartment,Y,Y,180000.0,Working,,Drivers,Self-employed,Cash loans,254700.0,30357.0,225000.0,6.0,3.0,3.0,932884.65,541039.5,0.0,0.0,0.0,0.0,0.0,13.0,88014.19499999999,81248.17499999999,1.0,12.0,4.0,4.0,-6766.02,0.9230769230769232,0.9231258094219916,1.0,1.0,0.0,70650.0,70650.0,6771.105,15975.0,,,,,,,,,,13.0,132.0,76.0,0.0,0.0,0.0,0.16865,3.005775,1.0,0.0,Tier_2,Salaried,4,0.7160964871239434,91220.52,2730.31,7076.85,7639.05,13902.0,6328.63,17530.25,146427.61,30357.0,3215.39,1920.64,0.0107,26894.78,0.0,220.9,59907.49,135,0.4091,0.0,0.0,0.0,0.0,1,1,436.02,0.9167,5237.4,16392.21,-19483.52,6
282258,F,36.31211498973306,1,3.0,Married,Secondary / secondary special,With parents,N,N,157500.0,Working,,Sales staff,Trade: type 7,Cash loans,261648.0,17163.0,207000.0,5.0,4.0,1.0,1775695.5,973570.5,0.0,0.0,0.0,0.0,0.0,31.0,1349390.385,2154890.385,0.0,31.0,0.0,0.0,805500.0,1.0,1.5969362231671749,4.0,3.0,0.0,1735065.0,1735065.0,92576.655,8073.0,,,,,,,,,,31.0,569.6666666666666,406.8333333333333,0.0,0.0,0.0,0.1089714285714285,6.1814,0.75,0.0,Tier_1,Salaried,3,0.7166647926323007,63693.93,15558.33,7780.07,7877.81,9558.11,8406.47,15063.58,127938.3,17163.0,12398.7,5442.64,0.0346,133998.63,13793.77,0.0,38414.94,50,0.3003,0.0,0.0,0.0,0.0,1,0,264.59,0.8333,4226.45,11251.42,-15655.74,5
254841,M,27.72347707049966,0,2.0,Married,Higher education,House / apartment,N,Y,225000.0,Working,6.190280629705681,Laborers,Construction,Cash loans,956574.0,43357.5,855000.0,,,,,,,,,,,42.0,516315.105,471436.965,6.0,36.0,15.0,18.0,-44878.14,0.8571428571428571,0.9130799398169844,8.0,5.0,2.0,1049382.0,901167.75,69335.5725,40225.5,1881179.2575,1882111.725,1890000.0,309763.935,88655.265,80658.855,6.967330583333333,0.0,0.0,23.0,165.0,105.0,0.0,0.0,0.0,0.1927,,0.625,,Tier_2,Salaried,2,0.7013874915039005,93121.42,3266.79,0.0,10963.37,18599.15,13580.48,13552.38,153083.59,43357.5,28558.91,17589.06,0.0782,214350.42,0.0,0.0,59561.29,176,0.3891,0.0,0.0,0.0,0.0,0,0,0.0,0.0,26802.71,14288.63,-13372.23,1
216417,F,25.39630390143737,0,2.0,Married,Secondary / secondary special,With parents,N,Y,90000.0,Working,,Laborers,Self-employed,Cash loans,327024.0,25965.0,270000.0,1.0,1.0,0.0,18000.0,18360.0,0.0,0.0,0.0,0.0,0.0,36.0,218922.03,216549.9,2.0,34.0,3.0,3.0,-2372.130000000001,0.9444444444444444,0.9891644984289614,6.0,3.0,1.0,585927.0,537304.5,44103.87,16596.0,1114592.355,1137689.325,1181250.0,186209.19,44395.515,47337.255,9.766566671428572,0.0,0.0,12.0,87.0,51.0,0.0,0.0,0.0,0.2885,0.204,0.5,0.0,Tier_2,Salaried,2,0.8077508464927647,49596.33,1074.41,0.0,3939.77,7434.02,4030.13,9401.37,75476.03,25965.0,0.0,0.0,0.0,0.0,0.0,0.0,52828.54,158,0.6999,0.0,0.0,0.0,0.0,0,1,173.81,0.75,-13649.02,9348.07,-30800.47,11
120709,F,54.8145106091718,2,4.0,Married,Higher education,House / apartment,Y,Y,252000.0,Working,,Laborers,Construction,Cash loans,981162.0,31779.0,819000.0,6.0,2.0,4.0,1332000.0,115911.0,0.0,0.0,0.0,0.0,0.0,7.0,141725.745,141725.745,0.0,7.0,0.0,0.0,0.0,1.0,1.0,8.0,3.0,1.0,869953.5,734953.5,46901.34,0.0,0.0,0.0,360000.0,0.0,0.0,0.0,0.0,0.0,0.0,9.0,132.0,117.0,0.0,0.0,0.0,0.1261071428571428,0.4599642857142857,0.375,0.0,Tier_3,Salaried,4,0.572847049692288,81323.23,2006.82,22915.79,9648.85,13668.92,14793.86,22511.69,166869.16,31779.0,53351.84,26167.77,0.1038,290507.46,0.0,0.0,93828.26,280,0.5623,0.0,0.0,0.0,0.0,0,0,0.0,0.0,46998.71,17737.65,11224.16,0
348133,F,38.35728952772074,0,2.0,Married,Secondary / secondary special,House / apartment,N,Y,225000.0,Working,,Laborers,Business Entity Type 3,Cash loans,726381.0,57519.0,657000.0,8.0,3.0,5.0,2924928.0,1040607.0,0.0,0.0,0.0,0.0,0.0,110.0,2355996.915,2612496.915,13.0,97.0,155.0,155.0,256500.0,0.8818181818181818,1.1088711103002442,12.0,5.0,4.0,3368412.0,1765593.0,101007.18,38403.9,2351510.112375,3751393.815,4336500.0,306184.5,509895.0,127271.73535714284,14.714500949404762,12.0,12.0,20.0,224.0,180.0,0.0,0.0,0.0,0.25564,4.62492,0.4166666666666667,0.0,Tier_2,Salaried,2,0.6904079029561176,88281.75,3860.22,0.0,7211.88,19593.64,21328.76,25610.63,165886.88,57519.0,1594.12,747.2,0.0033,15044.54,0.0,0.0,82524.0,134,0.4975,0.0,0.0,0.0,87.24,0,0,0.0,0.0,2207.48,21797.77,-32398.07,5
115233,F,61.69199178644764,0,2.0,Married,Secondary / secondary special,House / apartment,Y,Y,225000.0,Working,10.338124572210814,Sales staff,Self-employed,Cash loans,835380.0,40320.0,675000.0,10.0,3.0,7.0,1897168.5,262676.475,0.0,0.0,0.0,0.0,0.0,210.0,4758067.35,4204568.205,41.0,169.0,129.58333333333334,207.0,-553499.145,0.8047619047619048,0.8836714354200977,7.0,5.0,2.0,2498818.5,2498818.5,124889.13,0.0,4411759.0125,5510775.825,6327053.571428572,698568.75,1017540.0,285208.15928571427,26.172462904336736,15.0,15.0,96.0,1322.9,799.0,26.0,4090.0,32.0,0.1792,1.1674509999999998,0.7142857142857143,0.0,Tier_3,Salaried,2,0.66483636790217,101407.32,2196.46,0.0,8383.8,17835.83,11309.3,15742.38,156875.09,40320.0,27804.91,13442.98,0.0597,686808.05,0.0,0.0,61767.06,353,0.3937,2506.81,100436.49,0.0,0.0,0,1,317.09,1.0,24619.27,17888.77,-3360.15,2
221816,F,42.13826146475017,0,2.0,Married,Higher education,House / apartment,N,Y,144000.0,Working,,Sales staff,Industry: type 12,Cash loans,1223010.0,48501.0,1125000.0,6.0,2.0,4.0,10914120.0,201712.5,0.0,0.0,0.0,0.0,0.0,9.0,197615.34,197615.34,0.0,9.0,0.0,0.0,0.0,1.0,1.0,2.0,2.0,0.0,1073907.0,1073907.0,66479.13,17761.5,,,,,,,,,,10.0,89.0,48.0,0.0,0.0,0.0,0.3368125,1.40078125,1.0,0.0,Tier_1,Salaried,2,0.7140252880599595,66875.81,2529.36,0.0,5122.29,16444.71,6086.11,12055.85,109114.13,48501.0,0.0,0.0,0.0,0.0,0.0,0.0,45266.75,61,0.4149,0.0,0.0,0.0,0.0,1,0,353.53,1.0,-11201.69,12263.66,-36986.26,9
159614,F,45.21013004791239,1,3.0,Married,Higher education,House / apartment,N,Y,135000.0,Working,,Sales staff,Trade: type 3,Cash loans,582804.0,23868.0,463500.0,8.0,3.0,4.0,1689507.0,282006.0,0.0,0.0,0.0,0.0,0.0,,,,,,,,,,,,,,,,,,,,,,,,,,,,,,,,,0.1768,2.0889333333333333,,0.0,Tier_3,Salaried,3,0.5017655239134069,40786.73,1258.1,9995.89,1472.35,6602.85,7622.42,19287.62,87025.96,23868.0,24106.04,10650.32,0.0789,180874.13,0.0,0.0,46767.63,82,0.5374,0.0,0.0,0.0,0.0,0,0,0.0,0.0,25680.25,9829.1,8990.89,0
454828,F,47.419575633128,1,3.0,Married,Secondary / secondary special,House / apartment,N,Y,157500.0,State servant,10.880219028062973,Medicine staff,Medicine,Revolving loans,450000.0,22500.0,450000.0,8.0,1.0,7.0,1728570.15,706789.665,0.0,0.0,0.0,0.0,0.0,10.0,104761.71,104761.71,0.0,10.0,0.0,0.0,0.0,1.0,1.0,4.0,2.0,0.0,364284.0,364284.0,19692.585,3555.0,,,,,,,,,,12.0,184.0,158.5,0.0,0.0,0.0,0.1428571428571428,4.487553428571429,0.5,0.0,Tier_1,Salaried,4,0.7364387377564382,65857.68,2560.63,12670.75,9577.47,12948.36,12374.21,8825.37,124814.47,22500.0,10185.53,3655.51,0.0232,44133.3,0.0,0.0,70649.37,72,0.566,0.0,0.0,0.0,504.54,1,0,301.65,1.0,4907.01,14752.29,-27029.77,4
424710,F,59.90691307323751,0,2.0,Married,Higher education,House / apartment,N,Y,180000.0,Pensioner,,,XNA,Cash loans,503266.5,49905.0,463500.0,9.0,1.0,8.0,6940045.665,5827995.0,0.0,0.0,0.0,0.0,0.0,6.0,13393.8,13393.8,0.0,6.0,0.0,0.0,0.0,1.0,1.0,3.0,1.0,2.0,4287460.5,4287460.5,122274.54,2961.0,,,,,,,,,,8.0,42.0,20.5,0.0,0.0,0.0,0.27725,32.37775,0.3333333333333333,0.0,Tier_2,Other,2,0.5966370808005583,54220.46,3259.17,0.0,16563.4,17228.16,11317.92,11696.55,114285.66,49905.0,15809.34,7054.1,0.0392,44549.78,0.0,939.09,63018.16,85,0.5514,0.0,0.0,0.0,0.0,0,1,128.08,1.0,13427.91,17990.45,-10399.48,2
339926,F,35.709787816563995,1,2.0,Widow,Secondary / secondary special,House / apartment,Y,Y,157500.0,Working,8.991101984941821,Laborers,Self-employed,Cash loans,163008.0,16249.5,144000.0,5.0,1.0,4.0,705358.575,116288.37,0.0,0.0,0.0,0.0,0.0,9.0,141895.125,141895.125,1.0,8.0,6.0,6.0,0.0,0.8888888888888888,1.0,4.0,3.0,0.0,230265.675,186685.0875,35044.380000000005,12321.0,,,,,,,,,,11.0,56.0,41.5,0.0,0.0,0.0,0.1031714285714285,0.7383388571428571,0.75,0.0,Tier_3,Salaried,1,0.6580234257358408,62579.58,1870.78,8664.45,11302.92,10371.12,8849.83,12496.37,116135.05,16249.5,25115.45,10174.29,0.0646,205945.88,0.0,0.0,46754.08,66,0.4026,2245.25,74655.21,0.0,0.0,1,0,125.65,0.75,21420.44,9365.69,6477.38,0
104274,M,34.26420260095825,0,2.0,Married,Secondary / secondary special,House / apartment,N,N,135000.0,Working,,Laborers,Industry: type 11,Cash loans,450000.0,27193.5,450000.0,3.0,1.0,2.0,365148.81,216364.5,0.0,0.0,0.0,0.0,0.0,30.0,230319.45,144724.32,10.0,20.0,662.0,687.0,-85595.12999999998,0.6666666666666666,0.6283634317466459,5.0,2.0,2.0,273951.0,216603.0,14845.7025,15489.0,,,,,,,,,,37.0,230.0,86.25,0.0,0.0,0.0,0.2014333333333333,1.6027,0.4,0.0,Tier_2,Salaried,2,0.5623655629514909,28868.95,6247.77,0.0,13347.47,13273.42,6181.62,7167.22,75086.45,27193.5,32720.05,15383.54,0.114,377504.84,60690.08,2485.31,51800.07,208,0.6899,0.0,0.0,0.0,0.0,0,0,0.0,0.0,27449.71,7363.39,15749.4,0
182338,M,31.279945242984255,0,2.0,Civil marriage,Higher education,With parents,Y,N,225000.0,Working,,Accountants,Business Entity Type 3,Cash loans,444420.0,23400.0,337500.0,,,,,,,,,,,6.0,127262.205,161885.20500000002,0.0,6.0,0.0,0.0,34623.0,1.0,1.2720603497322711,1.0,1.0,0.0,113197.5,113197.5,11408.04,11376.0,,,,,,,,,,6.0,65.0,50.0,0.0,0.0,0.0,0.104,,1.0,,Tier_3,Salaried,2,0.6046998087235941,68833.24,15511.88,0.0,16209.06,14511.39,10052.96,17450.0,142568.53,23400.0,59031.47,43427.62,0.193,1140809.44,0.0,7658.05,39076.72,99,0.2741,0.0,0.0,0.0,0.0,1,0,207.67,0.8333,54308.19,14844.58,30745.04,0
436772,M,59.4715947980835,0,1.0,Single / not married,Secondary / secondary special,Municipal apartment,Y,Y,157500.0,Commercial associate,3.57015742642026,Laborers,Housing,Cash loans,276903.0,25524.0,247500.0,2.0,1.0,1.0,1309500.0,0.0,0.0,0.0,0.0,0.0,0.0,1.0,17594.325,17594.325,0.0,1.0,0.0,0.0,0.0,1.0,1.0,2.0,1.0,0.0,16587.0,16587.0,3382.74,1750.5,,,,,,,,,,2.0,3.5,3.0,0.0,0.0,0.0,0.1620571428571428,0.0,0.5,0.0,Tier_2,Other,2,0.64627532708213,61623.87,1032.52,0.0,4840.98,20831.49,3155.59,9008.57,100493.02,25524.0,31482.98,16433.44,0.1043,283815.15,0.0,0.0,43392.28,141,0.4318,0.0,0.0,2107.82,2455.01,1,0,174.19,0.9167,39655.67,18066.74,12225.75,0
173562,F,27.64955509924709,1,3.0,Married,Secondary / secondary special,House / apartment,N,Y,67500.0,Working,4.323066392881588,Accountants,Electricity,Cash loans,675000.0,21775.5,675000.0,7.0,4.0,3.0,851089.5,553081.5,0.0,0.0,0.0,0.0,0.0,7.0,104151.24,104151.24,0.0,7.0,0.0,0.0,0.0,1.0,1.0,2.0,1.0,0.0,173695.5,173695.5,8869.77,0.0,,,,,,,,,,8.0,79.0,53.5,0.0,0.0,0.0,0.3226,8.1938,0.5,0.0,Tier_3,Salaried,3,0.7973016062462043,36393.48,571.86,5003.41,1548.58,7535.66,2764.86,2134.58,55952.43,21775.5,0.0,0.0,0.0,0.0,0.0,0.0,15941.55,16,0.2849,0.0,0.0,0.0,0.0,1,1,217.28,0.8333,-6551.92,6080.66,-12132.94,10
186053,F,31.854893908282,2,4.0,Married,Higher education,House / apartment,Y,N,81000.0,Working,,Core staff,Bank,Cash loans,269550.0,13761.0,225000.0,15.0,7.0,8.0,3491244.0,1623451.5,0.0,0.0,0.0,0.0,0.0,26.0,639255.15,639255.15,0.0,26.0,0.0,0.0,0.0,1.0,1.0,6.0,5.0,0.0,876888.0,566012.25,27993.78,0.0,0.0,0.0,495000.0,0.0,0.0,0.0,0.0,0.0,0.0,29.0,475.5,374.5,0.0,0.0,0.0,0.1698888888888889,20.04261111111111,0.8333333333333334,0.0,Tier_1,Salaried,4,0.8469833463347343,25217.04,14581.87,4671.01,10392.74,8580.44,5162.56,3304.17,71909.83,13761.0,0.0,0.0,0.0,0.0,0.0,0.0,31631.66,39,0.4399,0.0,0.0,0.0,0.0,1,0,94.47,1.0,-9497.46,6968.92,-23994.48,11
383377,M,27.93702943189596,0,2.0,Married,Incomplete higher,House / apartment,Y,Y,193500.0,Working,,Laborers,Industry: type 10,Cash loans,900000.0,48825.0,900000.0,3.0,2.0,1.0,690840.0,283378.5,0.0,0.0,0.0,0.0,0.0,9.0,92547.27,92547.27,0.0,9.0,0.0,0.0,0.0,1.0,1.0,1.0,1.0,0.0,80730.0,80730.0,9283.95,0.0,,,,,,,,,,10.0,89.5,49.0,0.0,0.0,0.0,0.2523255813953488,1.4644883720930233,1.0,0.0,Tier_3,Salaried,2,0.5146964663683498,58281.51,2923.43,0.0,10605.31,12850.23,7045.17,17817.35,109523.0,48825.0,35152.0,10885.87,0.0563,176796.83,0.0,0.0,38648.85,70,0.3529,0.0,0.0,551.16,0.0,0,1,246.01,0.8333,34888.7,16856.32,2797.71,0
259221,F,40.42436687200548,2,3.0,Single / not married,Secondary / secondary special,House / apartment,Y,Y,157500.0,Commercial associate,12.969199178644764,High skill tech staff,Other,Cash loans,993082.5,39514.5,913500.0,6.0,2.0,4.0,1596103.65,101097.0,0.0,0.0,0.0,0.0,0.0,53.0,731496.285,731496.285,0.0,53.0,0.0,0.0,0.0,1.0,1.0,9.0,5.0,0.0,642901.5,585843.75,72791.595,39946.5,645644.79,848913.345,6075000.0,480904.47,438675.975,26301.4125,2.02410395,0.0,0.0,20.0,159.0,82.0,0.0,0.0,0.0,0.2508857142857142,0.6418857142857143,0.5555555555555556,0.0,Tier_3,Other,3,0.7516140699770821,64603.73,1667.01,15610.68,13623.52,13473.25,9401.03,9384.49,127763.71,39514.5,0.0,0.0,0.0,0.0,0.0,0.0,64775.9,91,0.507,0.0,0.0,0.0,0.0,0,1,255.26,0.8333,-11880.82,14634.95,-33358.08,10
350750,F,49.80971937029432,0,2.0,Married,Secondary / secondary special,House / apartment,N,Y,166500.0,Working,4.629705681040384,High skill tech staff,Business Entity Type 3,Cash loans,1024740.0,52452.0,900000.0,5.0,1.0,4.0,1278469.575,297445.5,0.0,0.0,0.0,0.0,0.0,12.0,196991.685,187672.05,2.0,10.0,27.0,27.0,-9319.635000000002,0.8333333333333334,0.9526902112645008,2.0,2.0,0.0,172804.5,172804.5,44602.92,22927.5,,,,,,,,,,13.0,63.0,29.5,2.0,23.0,23.0,0.315027027027027,1.7864594594594594,1.0,0.0,Tier_1,Salaried,2,0.7096236869977853,53162.66,5752.5,0.0,9097.16,24466.86,10274.64,15859.8,118613.62,52452.0,0.0,0.0,0.0,0.0,0.0,0.0,62095.02,51,0.5235,0.0,0.0,0.0,0.0,0,0,0.0,0.0,-8203.47,8046.71,-28255.22,11
207023,F,56.3066392881588,0,2.0,Married,Secondary / secondary special,House / apartment,N,Y,81000.0,Pensioner,,,XNA,Cash loans,312768.0,24691.5,270000.0,15.0,3.0,12.0,3625492.5,436169.115,0.0,0.0,0.0,0.0,0.0,161.0,950388.165,920964.96,12.0,149.0,728.0,728.0,-29423.205,0.9254658385093169,0.9690408550068592,7.0,4.0,3.0,3324096.0,2332620.0,106396.2675,17721.0,1782800.14125,3351623.85,5472000.0,141750.0,481626.09,142677.8355,9.904445229166669,4240.0,4.0,68.0,702.0,352.0833333333333,2.0,4.0,1.0,0.3048333333333333,5.3848038888888885,0.5714285714285714,0.0,Tier_2,Other,2,0.7906091448805661,38457.09,2986.65,0.0,3047.61,6415.41,6758.24,2365.05,60030.05,24691.5,0.0,0.0,0.0,0.0,0.0,0.0,23329.67,62,0.3886,0.0,0.0,0.0,0.0,0,0,0.0,0.0,-8760.34,8831.21,-23965.54,10
414923,F,28.41615331964408,3,5.0,Married,Secondary / secondary special,House / apartment,Y,Y,247500.0,Commercial associate,6.480492813141684,Laborers,Business Entity Type 3,Cash loans,684706.5,31855.5,612000.0,14.0,5.0,9.0,2185504.11,837000.0,0.0,0.0,0.0,0.0,0.0,30.0,315550.665,315550.665,0.0,30.0,0.0,0.0,0.0,1.0,1.0,3.0,3.0,0.0,233568.0,140469.75,20226.8925,6750.0,,,,,,,,,,35.0,270.0,137.33333333333334,0.0,0.0,0.0,0.1287090909090909,3.381818181818182,1.0,0.0,Tier_2,Other,4,0.6018804782736076,100325.36,1888.17,9600.56,9683.88,11988.97,15478.47,52143.89,201109.3,31855.5,14535.2,5518.68,0.0223,125864.12,0.0,0.0,39357.23,65,0.1957,0.0,0.0,0.0,0.0,0,0,0.0,0.0,5712.88,22848.7,-28641.14,7
270128,F,43.24161533196441,0,2.0,Married,Secondary / secondary special,House / apartment,Y,N,202500.0,Working,,,Trade: type 7,Cash loans,900000.0,29034.0,900000.0,10.0,3.0,7.0,5194866.15,2955397.5,0.0,0.0,0.0,0.0,0.0,12.0,201997.53000000003,201997.53000000003,1.0,11.0,1.0,1.0,0.0,0.9166666666666666,1.0,1.0,1.0,0.0,180355.5,180355.5,16834.365,0.0,,,,,,,,,,13.0,132.0,66.0,0.0,0.0,0.0,0.1433777777777777,14.594555555555557,1.0,0.0,Tier_2,Salaried,2,0.7487115865974567,77198.5,29924.06,0.0,8860.98,16245.5,6718.82,8046.29,146994.15,29034.0,26471.85,14125.21,0.0698,511649.19,0.0,0.0,97238.5,240,0.6615,0.0,0.0,0.0,0.0,1,0,269.73,0.9167,33252.6,10288.41,8748.05,0
227133,M,28.539356605065024,0,2.0,Married,Secondary / secondary special,House / apartment,Y,N,180000.0,Working,4.01368925393566,Sales staff,Self-employed,Cash loans,910890.0,33592.5,652500.0,8.0,4.0,4.0,2527200.0,1703529.0,0.0,0.0,0.0,0.0,0.0,54.0,162438.435,157284.9,1.0,53.0,2.0,2.0,-5153.535,0.9814814814814816,0.9682739186695564,6.0,4.0,2.0,316674.0,283612.5,19262.475,5215.5,,,,,,,,,,58.0,710.1666666666666,402.6666666666667,0.0,0.0,0.0,0.186625,9.46405,0.6666666666666666,0.0,Tier_2,Salaried,1,0.6219036204279182,64144.91,6177.69,0.0,5689.46,15385.93,10701.72,17458.25,119557.96,33592.5,26849.54,11323.82,0.0629,430226.8,0.0,0.0,42294.68,116,0.3538,0.0,0.0,0.0,0.0,1,0,129.72,0.8333,21545.72,13360.0,-4319.13,2
349796,M,49.7741273100616,1,3.0,Married,Secondary / secondary special,House / apartment,Y,N,112500.0,Commercial associate,11.638603696098563,,Business Entity Type 1,Cash loans,1546020.0,45202.5,1350000.0,2.0,2.0,0.0,748125.0,0.0,0.0,0.0,0.0,0.0,0.0,63.0,612135.855,500831.46,13.0,50.0,330.0,621.0,-111304.39500000002,0.7936507936507936,0.8181704370184296,5.0,5.0,0.0,428769.0,428769.0,55573.74,23031.0,,,,,,,,,,72.0,505.73333333333335,223.81666666666663,19.0,1735.0,23.0,0.4018,0.0,1.0,0.0,Tier_3,Other,3,0.6420215293556493,44303.65,4910.24,4595.96,1555.28,10994.33,5867.96,6375.48,78602.9,45202.5,0.0,0.0,0.0,0.0,0.0,0.0,45322.21,84,0.5766,0.0,0.0,0.0,0.0,1,1,451.12,0.75,-20180.25,11059.5,-37338.48,12
213429,F,39.83846680355921,0,1.0,Single / not married,Secondary / secondary special,Rented apartment,N,N,112500.0,Working,,,Business Entity Type 3,Cash loans,482593.5,32382.0,436500.0,1.0,0.0,1.0,450000.0,0.0,0.0,0.0,0.0,0.0,0.0,16.0,196827.21,149610.78,9.0,7.0,257.0,257.0,-47216.43,0.4375,0.7601122832559583,3.0,2.0,1.0,481936.5,481936.5,94841.325,1795.5,,,,,,,,,,11.0,54.0,29.0,2.0,22.0,22.0,0.28784,0.0,0.6666666666666666,0.0,Tier_1,Salaried,1,0.6779259248559507,26969.31,12239.34,0.0,11014.52,10949.66,5763.15,9395.04,76331.02,32382.0,3786.98,1502.05,0.0134,31715.05,9868.06,0.0,34969.5,116,0.4581,0.0,0.0,0.0,0.0,0,1,179.11,0.8333,1931.38,9600.8,-14030.68,5
194736,F,36.94729637234771,1,3.0,Married,Secondary / secondary special,House / apartment,Y,Y,202500.0,Commercial associate,2.8829568788501025,Private service staff,Services,Cash loans,1546020.0,45333.0,1350000.0,,,,,,,,,,,16.0,254281.185,254281.185,0.0,16.0,0.0,0.0,0.0,1.0,1.0,2.0,2.0,0.0,221913.0,221913.0,36296.235,9162.0,,,,,,,,,,18.0,146.0,71.5,0.0,0.0,0.0,0.2238666666666666,,1.0,,Tier_3,Other,4,0.5481903270853216,71379.74,1460.47,6076.62,11645.93,11163.78,9281.99,16512.19,127520.72,45333.0,29646.28,15033.97,0.0742,231875.98,0.0,0.0,39684.49,53,0.3112,3313.82,51040.57,0.0,0.0,0,0,0.0,0.0,34265.17,19990.5,896.24,0
345742,F,59.19507186858316,0,1.0,Widow,Secondary / secondary special,House / apartment,N,Y,81000.0,Pensioner,,,XNA,Cash loans,254700.0,14620.5,225000.0,6.0,1.0,5.0,396504.0,0.0,0.0,0.0,0.0,0.0,0.0,24.0,67235.265,48344.085,18.0,6.0,248.0,283.0,-18891.18,0.25,0.7190286972171523,1.0,1.0,0.0,14638.5,14638.5,3115.89,1548.0,,,,,,,,,,20.0,192.0,87.0,9.0,96.0,23.0,0.1805,0.0,1.0,0.0,Tier_1,Other,2,0.7406504986085491,36842.05,1356.76,0.0,5235.6,7784.52,3399.98,6230.14,60849.05,14620.5,5530.45,2542.04,0.0314,24144.65,9173.26,0.0,21554.83,27,0.3542,0.0,0.0,271.15,354.67,1,0,126.75,1.0,5506.06,8780.43,-15917.67,1
187741,F,37.08418891170431,0,2.0,Married,Secondary / secondary special,House / apartment,N,N,180000.0,Commercial associate,3.14031485284052,,Business Entity Type 3,Cash loans,1113840.0,57001.5,900000.0,2.0,1.0,1.0,612000.0,558072.0,994.77,0.0,0.0,0.0,0.0,20.0,146257.515,146257.515,0.0,20.0,0.0,0.0,0.0,1.0,1.0,4.0,3.0,0.0,560169.0,294237.0,19628.4825,3150.0,0.0,0.0,5782500.0,0.0,0.0,0.0,0.0,0.0,0.0,21.0,178.0,92.0,0.0,0.0,0.0,0.316675,3.1004,0.75,0.0,Tier_2,Other,3,0.6875660975659671,60551.89,25634.26,0.0,5034.09,16333.05,9114.65,5888.5,122556.44,57001.5,442.06,267.4,0.0015,7526.58,0.0,22.25,67703.89,357,0.5524,0.0,0.0,0.0,0.0,0,0,0.0,0.0,1421.95,24084.44,-46623.4,5
235030,F,52.83504449007529,0,2.0,Married,Secondary / secondary special,House / apartment,N,Y,99000.0,Commercial associate,13.177275838466803,Accountants,Electricity,Cash loans,270000.0,15075.0,270000.0,6.0,3.0,3.0,1160113.5,771934.5,0.0,0.0,0.0,0.0,0.0,43.0,314820.45,285613.335,3.0,40.0,7.0,7.0,-29207.115,0.9302325581395348,0.907226118887766,7.0,5.0,2.0,314113.5,213667.5,24348.915,24948.0,,,,,,,,,,46.0,383.8333333333333,198.08333333333331,0.0,0.0,0.0,0.1522727272727272,7.797318181818182,0.7142857142857143,0.0,Tier_1,Other,2,0.8344548269930058,39997.72,3135.19,0.0,7131.39,10668.3,11820.57,3987.77,76740.94,15075.0,7184.06,1906.34,0.0193,6431.41,0.0,0.0,31500.89,17,0.4105,0.0,0.0,0.0,0.0,1,1,346.68,0.8333,10679.23,8069.08,-7935.4,1
234263,M,44.284736481861735,0,2.0,Married,Secondary / secondary special,House / apartment,Y,Y,360000.0,Commercial associate,6.98425735797399,Laborers,Construction,Cash loans,715095.0,65718.0,675000.0,1.0,1.0,0.0,180000.0,161616.375,18383.625,0.0,0.0,0.0,0.0,23.0,1172984.76,1172984.76,0.0,23.0,0.0,0.0,0.0,1.0,1.0,4.0,2.0,2.0,2527101.0,2527101.0,156660.39,0.0,,,,,,,,,,24.0,363.0,221.5,0.0,0.0,0.0,0.18255,0.448934375,0.5,0.0,Tier_1,Other,1,0.631368103749973,101762.1,15877.76,0.0,28787.67,42218.05,25778.95,11517.71,225942.24,65718.0,68339.76,22911.71,0.0636,412350.48,0.0,0.0,128388.61,293,0.5682,0.0,0.0,0.0,0.0,0,1,371.81,1.0,69526.41,46438.61,-1820.2,1
139536,F,26.8145106091718,1,2.0,Single / not married,Secondary / secondary special,House / apartment,N,Y,135000.0,Commercial associate,6.406570841889117,Managers,Postal,Cash loans,1264428.0,37098.0,990000.0,2.0,1.0,1.0,141025.5,9558.0,107437.95,0.0,0.0,0.0,0.0,51.0,396864.99,309334.95,12.0,39.0,157.0,175.0,-87530.04,0.7647058823529411,0.7794463049008178,8.0,4.0,2.0,678267.0,678267.0,62257.995,10575.0,46570.5,46570.5,135000.0,45000.0,0.0,0.0,0.3449666666666666,0.0,0.0,43.0,448.6666666666667,231.16666666666663,10.0,29.0,29.0,0.2748,0.0708,0.5,0.0,Tier_3,Other,3,0.5889434625804064,55767.73,853.58,3375.86,9400.61,4987.06,5122.53,10028.2,89535.57,37098.0,8366.43,6044.93,0.0448,187140.09,0.0,0.0,29745.92,43,0.3322,0.0,0.0,0.0,0.0,0,1,110.21,1.0,14558.88,13250.8,-15238.81,1
164039,F,32.24093086926762,1,3.0,Married,Secondary / secondary special,House / apartment,Y,Y,90000.0,Working,4.219028062970568,Cleaning staff,Business Entity Type 3,Cash loans,384048.0,18810.0,270000.0,4.0,3.0,1.0,807390.0,227182.5,1255.5,0.0,0.0,0.0,0.0,22.0,156670.875,156670.875,1.0,21.0,1.0,1.0,0.0,0.9545454545454546,1.0,6.0,2.0,0.0,260775.0,260775.0,16539.525,0.0,1147821.975,1149458.22,1260000.0,186750.0,67500.0,56799.27,6.376788749999999,0.0,0.0,10.0,92.0,58.5,0.0,0.0,0.0,0.209,2.52425,0.3333333333333333,0.0,Tier_2,Salaried,3,0.8461312351078457,46818.41,2673.76,4301.54,7164.3,9284.69,5909.11,6598.06,82749.87,18810.0,0.0,0.0,0.0,0.0,0.0,0.0,38077.97,76,0.4602,0.0,0.0,0.0,0.0,1,1,275.39,0.9167,-11547.92,9873.89,-34143.71,12
290938,M,38.85557837097878,1,3.0,Married,Secondary / secondary special,House / apartment,Y,N,157500.0,Commercial associate,2.910335386721424,Sales staff,Business Entity Type 3,Cash loans,640080.0,29970.0,450000.0,7.0,1.0,6.0,1018444.5,0.0,0.0,0.0,0.0,0.0,0.0,30.0,347513.085,337689.675,7.0,23.0,32.0,32.0,-9823.41,0.7666666666666667,0.9717322586572532,12.0,4.0,8.0,2197489.5,1413863.25,109696.4475,7033.5,,,,,,,,,,25.0,215.33333333333331,135.5,0.0,0.0,0.0,0.1902857142857142,0.0,0.3333333333333333,0.0,Tier_2,Other,4,0.683328943836629,65646.55,10342.1,6010.27,5898.42,12700.58,7026.4,15604.42,123228.74,29970.0,4301.26,2456.71,0.0156,13257.15,0.0,423.75,96875.96,65,0.7861,0.0,0.0,0.0,0.0,0,0,0.0,0.0,-687.57,19030.06,-24004.34,7
230051,M,27.578370978781656,1,3.0,Married,Incomplete higher,House / apartment,N,Y,54000.0,Working,4.424366872005476,Security staff,Government,Cash loans,373311.0,22689.0,283500.0,,,,,,,,,,,12.0,51518.16,51518.16,0.0,12.0,0.0,0.0,0.0,1.0,1.0,1.0,1.0,0.0,60844.5,60844.5,4293.18,0.0,,,,,,,,,,11.0,162.0,118.0,0.0,0.0,0.0,0.4201666666666667,,1.0,,Tier_1,Salaried,3,0.8207192489762555,23499.9,526.1,4256.28,3863.9,8205.57,3967.09,4542.3,48861.14,22689.0,0.0,0.0,0.0,0.0,0.0,0.0,20178.22,22,0.413,0.0,0.0,0.0,0.0,0,1,121.47,0.75,-17176.97,3263.8,-21275.94,12
299092,M,64.96646132785763,0,2.0,Married,Higher education,House / apartment,Y,N,184500.0,Pensioner,,,XNA,Cash loans,536917.5,16407.0,463500.0,6.0,4.0,2.0,2182500.0,980271.0,0.0,0.0,0.0,0.0,0.0,,,,,,,,,,,,,,,,,,,,,,,,,,,,,,,,,0.0889268292682926,5.313121951219512,,0.0,Tier_1,Other,2,0.683550542094401,74081.66,17883.13,0.0,3936.92,10563.77,11212.59,8597.15,126275.22,16407.0,41817.78,25013.13,0.1356,129577.51,0.0,0.0,60872.78,174,0.4821,0.0,0.0,4173.52,0.0,0,0,0.0,0.0,42898.95,15253.35,14002.48,0
274668,M,26.855578370978783,0,2.0,Civil marriage,Secondary / secondary special,House / apartment,Y,N,135000.0,Commercial associate,4.454483230663929,Laborers,Advertising,Revolving loans,180000.0,9000.0,180000.0,4.0,1.0,3.0,614344.5,0.0,499500.0,0.0,0.0,0.0,0.0,39.0,208522.89,179191.08,6.0,33.0,18.0,18.0,-29331.81,0.8461538461538461,0.8593352988729439,5.0,2.0,2.0,438322.5,374024.25,25466.805,2430.0,,,,,,,,,,35.0,504.0,295.0,0.0,0.0,0.0,0.0666666666666666,0.0,0.4,0.0,Tier_3,Other,2,0.602008246393721,42645.48,10724.74,0.0,9494.87,6517.97,5494.01,10691.75,85568.82,9000.0,40431.18,27150.02,0.2011,707383.31,0.0,0.0,49816.87,80,0.5822,0.0,0.0,0.0,0.0,0,0,0.0,0.0,39575.45,17650.68,15206.33,0
206991,F,41.96577686516085,0,2.0,Married,Secondary / secondary special,House / apartment,N,Y,99000.0,Working,3.490759753593429,Sales staff,Self-employed,Cash loans,50940.0,5616.0,45000.0,6.0,1.0,5.0,334780.38,0.0,0.0,0.0,0.0,0.0,0.0,30.0,243094.995,237525.255,2.0,28.0,7.0,7.0,-5569.74,0.9333333333333332,0.9770882160696068,5.0,3.0,1.0,320472.0,320472.0,24876.54,11655.0,,,,,,,,,,30.0,337.3333333333333,205.5,0.0,0.0,0.0,0.0567272727272727,0.0,0.6,0.0,Tier_2,Salaried,2,0.7494810997987074,48819.68,1346.44,0.0,4456.11,10700.52,4361.4,2995.59,72679.74,5616.0,20704.26,12620.71,0.1275,382777.68,0.0,2217.99,33212.01,71,0.457,0.0,0.0,0.0,0.0,1,0,245.99,0.8333,23265.47,7370.1,6755.13,0
168987,F,32.8104038329911,1,3.0,Civil marriage,Higher education,House / apartment,N,Y,157500.0,Commercial associate,4.01368925393566,Sales staff,Business Entity Type 3,Cash loans,254700.0,13315.5,225000.0,3.0,1.0,2.0,285318.0,0.0,0.0,0.0,0.0,0.0,0.0,,,,,,,,,,,,,,,,,,,,,,,,,,,,,,,,,0.0845428571428571,0.0,,0.0,Tier_1,Other,3,0.756480196973648,69664.22,2688.22,8505.53,19396.83,11569.09,7321.75,12099.38,131245.02,13315.5,12939.48,2773.28,0.0176,23086.22,0.0,0.0,91456.01,141,0.6968,0.0,0.0,0.0,0.0,0,1,191.04,0.9167,13262.83,21062.31,-26643.27,2
333711,F,63.14031485284052,0,2.0,Married,Secondary / secondary special,House / apartment,N,Y,78750.0,Working,,Security staff,Business Entity Type 3,Cash loans,284400.0,16011.0,225000.0,5.0,1.0,4.0,2139391.395,1293111.0,0.0,0.0,0.0,0.0,0.0,114.0,555101.1,554614.11,2.0,112.0,23.0,23.0,-486.99,0.9824561403508772,0.9991227003513414,1.0,1.0,0.0,135000.0,135000.0,6750.0,0.0,2086815.90225,3425469.975,4297500.0,322200.0,515880.0,126442.95,15.457895572222222,2.0,1.0,11.0,132.0,36.0,0.0,0.0,0.0,0.2033142857142857,16.420457142857142,1.0,0.0,Tier_2,Salaried,3,0.7734721528216252,41471.62,946.47,0.0,2754.93,6078.16,4119.01,8007.59,63377.78,16011.0,0.0,0.0,0.0,0.0,0.0,0.0,29187.41,168,0.4605,0.0,0.0,0.0,0.0,0,0,0.0,0.0,-384.43,5262.66,-10484.97,6
382422,F,58.50513347022587,0,2.0,Married,Secondary / secondary special,House / apartment,N,Y,103500.0,Pensioner,,,XNA,Cash loans,117000.0,8478.0,117000.0,13.0,3.0,10.0,2764363.5,0.0,67500.0,0.0,0.0,0.0,0.0,25.0,896751.405,1298579.175,1.0,24.0,19.0,19.0,401827.77,0.96,1.4480927130523984,10.0,2.0,2.0,2545641.0,2240671.5,102961.035,2565.0,,,,,,,,,,24.0,609.0,496.0,1.0,8.0,0.0,0.0819130434782608,0.0,0.2,0.0,Tier_1,Other,2,0.7057245282798397,45063.02,882.65,0.0,7404.01,8210.29,4977.18,12674.75,79211.9,8478.0,15810.1,7057.7,0.0682,98472.78,0.0,0.0,35139.23,132,0.4436,0.0,0.0,0.0,837.12,0,0,0.0,0.0,14170.73,11972.89,-10008.44,1
221134,M,45.56331279945243,0,1.0,Single / not married,Secondary / secondary special,House / apartment,N,Y,90000.0,Pensioner,,,XNA,Cash loans,454500.0,14791.5,454500.0,5.0,4.0,1.0,1696455.0,644463.0,432653.715,0.0,0.0,0.0,0.0,98.0,45172.035,45172.035,0.0,98.0,0.0,0.0,0.0,1.0,1.0,3.0,2.0,0.0,768330.0,768330.0,26114.265,0.0,9982.2375,29901.870000000003,731250.0,28710.0,30060.0,1717.395,0.2214953333333333,0.0,0.0,,,,,,,0.16435,7.1607,0.6666666666666666,0.0,Tier_3,Other,1,0.6308868793668705,39527.9,1074.17,0.0,4650.12,5707.58,3043.3,11399.81,65402.88,14791.5,9805.62,3296.47,0.0366,86234.35,28748.97,0.0,22600.97,160,0.3456,918.76,31127.09,175.81,0.0,0,0,0.0,0.0,12517.32,7932.73,1368.21,0
257722,F,62.67214236824093,0,1.0,Widow,Secondary / secondary special,Municipal apartment,N,Y,126000.0,Pensioner,,,XNA,Cash loans,518562.0,22099.5,463500.0,12.0,4.0,8.0,2128247.235,24313.005,180000.0,0.0,0.0,0.0,0.0,10.0,233348.85,233348.85,0.0,10.0,0.0,0.0,0.0,1.0,1.0,10.0,1.0,2.0,1251810.0,1251810.0,63211.32,0.0,,,,,,,,,,11.0,118.0,71.0,0.0,0.0,0.0,0.1753928571428571,0.1929603571428571,0.1,0.0,Tier_3,Other,1,0.6118304361332882,56661.33,1134.9,0.0,3168.53,6693.17,5166.49,19141.13,91965.55,22099.5,11934.95,7722.88,0.0613,231690.98,0.0,0.0,36220.03,45,0.3938,1952.23,13735.26,0.0,0.0,1,0,195.11,1.0,10917.91,18416.5,-23047.59,3
189312,F,63.082819986310746,0,1.0,Separated,Secondary / secondary special,House / apartment,N,Y,202500.0,Pensioner,,,XNA,Cash loans,874152.0,46701.0,810000.0,5.0,2.0,3.0,3301785.0,2399409.0,0.0,0.0,0.0,0.0,0.0,40.0,552653.64,552653.64,0.0,40.0,0.0,0.0,0.0,1.0,1.0,4.0,4.0,0.0,502015.5,502015.5,53131.86,8820.0,,,,,,,,,,44.0,369.3333333333333,189.33333333333331,0.0,0.0,0.0,0.2306222222222222,11.848933333333331,1.0,0.0,Tier_2,Other,1,0.6605912922723852,67170.94,6195.78,0.0,10086.67,25225.5,13454.21,24411.86,146544.96,46701.0,9254.04,5512.54,0.0272,13788.98,3554.22,709.69,76495.88,138,0.522,0.0,0.0,0.0,0.0,0,1,458.49,0.9167,7851.02,13572.52,-10955.59,3
363162,F,40.08213552361397,2,3.0,Separated,Higher education,House / apartment,Y,Y,225000.0,Commercial associate,16.2217659137577,,Security Ministries,Cash loans,1205451.0,39969.0,1080000.0,20.0,5.0,15.0,4733227.26,383319.0,0.0,0.0,0.0,0.0,0.0,116.0,481770.49500000005,481770.49500000005,0.0,116.0,0.0,0.0,0.0,1.0,1.0,5.0,4.0,0.0,440595.0,313512.0,40115.205,21786.75,73791.39,156146.535,1732200.0,48559.5,53932.5,7250.46,1.3665072222222223,0.0,0.0,34.0,402.0,216.66666666666663,0.0,0.0,0.0,0.17764,1.70364,0.8,0.0,Tier_2,Other,4,0.7037324221227553,98672.97,2242.4,9156.54,9307.45,21394.16,17566.27,29700.52,188040.31,39969.0,0.0,0.0,0.0,0.0,0.0,0.0,68668.84,45,0.3652,0.0,0.0,0.0,0.0,1,0,180.22,0.9167,-9151.39,32124.12,-62715.41,9
169356,F,44.72279260780287,0,2.0,Married,Secondary / secondary special,House / apartment,N,Y,202500.0,Commercial associate,2.8993839835728954,Cooking staff,Business Entity Type 3,Cash loans,675000.0,21775.5,675000.0,7.0,3.0,4.0,2839818.24,684260.505,44898.93,0.0,0.0,0.0,0.0,12.0,59203.530000000006,54407.97,2.0,10.0,4.0,4.0,-4795.560000000001,0.8333333333333334,0.918998748892169,2.0,2.0,0.0,45454.5,45454.5,10013.490000000002,49500.0,,,,,,,,,,12.0,69.0,38.0,0.0,0.0,0.0,0.1075333333333333,3.379064222222222,1.0,0.0,Tier_1,Other,1,0.7502408765640193,88773.83,3956.33,0.0,15094.9,22389.57,11426.38,6004.41,147645.42,21775.5,33079.08,10260.64,0.0507,76665.22,17695.42,0.0,60682.44,48,0.411,0.0,0.0,1594.3,829.25,1,1,931.67,0.9167,38249.01,16260.98,-112.39,1
327535,M,28.520191649555095,0,2.0,Married,Incomplete higher,House / apartment,Y,Y,112500.0,Working,,Drivers,Government,Cash loans,225000.0,24363.0,225000.0,9.0,3.0,6.0,1133938.53,2861.82,0.0,0.0,0.0,0.0,0.0,22.0,138584.25,138584.25,0.0,22.0,0.0,0.0,0.0,1.0,1.0,3.0,2.0,0.0,118578.15,59289.075,6387.3675,0.0,,,,,,,,,,23.0,212.0,106.5,0.0,0.0,0.0,0.21656,0.0254384,0.6666666666666666,0.0,Tier_1,Salaried,1,0.6516521665844116,52458.72,802.51,0.0,3678.92,5138.83,4919.65,6164.34,73162.97,24363.0,14974.03,7173.56,0.0638,188704.38,26395.58,0.0,34338.21,60,0.4693,0.0,0.0,0.0,0.0,0,0,0.0,0.0,16034.46,8849.19,1854.09,0
451887,M,41.90828199863108,0,2.0,Married,Higher education,House / apartment,N,N,157500.0,State servant,14.154688569472963,Core staff,Government,Cash loans,450000.0,22977.0,450000.0,7.0,5.0,2.0,2684689.92,1705723.065,8044.515,0.0,0.0,0.0,0.0,34.0,1698241.185,1850375.61,3.0,31.0,7.0,7.0,152134.425,0.9117647058823528,1.0895835210827252,14.0,4.0,3.0,2933505.0,2037803.25,101926.9125,4050.0,,,,,,,,,,35.0,971.0,848.3333333333334,0.0,0.0,0.0,0.1458857142857142,10.829987714285714,0.2857142857142857,0.0,Tier_2,Salaried,2,0.5422427558355811,50938.71,7722.7,0.0,5800.23,10551.51,3801.3,15916.23,94730.68,22977.0,39792.32,15245.66,0.0968,82480.75,0.0,0.0,53357.09,92,0.5633,0.0,0.0,0.0,0.0,0,0,0.0,0.0,35330.37,13300.27,4652.69,0
419309,F,55.54277891854894,0,2.0,Married,Secondary / secondary special,House / apartment,N,Y,130500.0,Working,30.38193018480493,Laborers,Business Entity Type 2,Cash loans,900000.0,38263.5,900000.0,1.0,1.0,0.0,221175.0,0.0,0.0,0.0,0.0,0.0,0.0,78.0,1566322.695,1560950.055,4.0,74.0,3.5,5.0,-5372.640000000001,0.9487179487179488,0.9965699022192868,8.0,7.0,0.0,1966212.0,1630838.25,102158.595,0.0,0.0,0.0,8790000.0,0.0,0.0,0.0,0.0,0.0,0.0,82.0,856.8333333333334,498.5,0.0,0.0,0.0,0.2932068965517241,0.0,0.875,0.0,Tier_1,Salaried,2,0.6453008222652208,48338.67,3014.48,0.0,7357.75,11411.7,6506.63,9649.48,86278.71,38263.5,5957.79,2901.62,0.0222,107595.48,0.0,0.0,36440.74,39,0.4224,322.77,21075.21,0.0,0.0,0,0,0.0,0.0,7289.28,10534.31,-7269.9,4
307013,F,23.82751540041068,0,1.0,Single / not married,Higher education,House / apartment,N,Y,180000.0,Commercial associate,,Managers,Business Entity Type 1,Revolving loans,270000.0,13500.0,270000.0,1.0,1.0,0.0,22500.0,18034.605,4465.395,0.0,0.0,0.0,0.0,6.0,34793.82,34793.82,0.0,6.0,0.0,0.0,0.0,1.0,1.0,1.0,1.0,0.0,41976.0,41976.0,5798.97,4500.0,,,,,,,,,,7.0,40.0,30.5,0.0,0.0,0.0,0.075,0.10019225,1.0,0.0,Tier_2,Other,2,0.6583674140606588,65501.11,4407.98,0.0,12727.95,17931.62,10141.14,9277.42,119987.22,13500.0,46512.78,22958.16,0.1275,475160.47,0.0,0.0,55293.53,221,0.4608,0.0,0.0,0.0,0.0,1,0,280.17,0.9167,42269.06,24214.83,9543.19,0
288493,F,24.643394934976044,1,2.0,Single / not married,Secondary / secondary special,House / apartment,N,N,90000.0,Working,6.444900752908967,Sales staff,Business Entity Type 3,Cash loans,204768.0,16308.0,162000.0,1.0,1.0,0.0,225000.0,26307.0,198691.155,0.0,0.0,0.0,0.0,70.0,1986609.69,1609337.025,11.0,59.0,39.0,49.0,-377272.665,0.8428571428571429,0.8100922053793063,7.0,7.0,0.0,1217101.5,1056217.5,88510.2525,13360.5,,,,,,,,,,66.0,688.0,434.3333333333333,4.0,7.0,7.0,0.1812,0.2923,1.0,0.0,Tier_1,Salaried,2,0.791280509883964,36660.86,4483.96,8718.42,7994.89,8588.33,4768.78,4288.94,75504.18,16308.0,0.0,0.0,0.0,0.0,0.0,0.0,45009.84,59,0.5961,0.0,0.0,0.0,0.0,0,0,0.0,0.0,2385.35,4907.35,-6742.89,4
101935,F,31.89322381930185,0,2.0,Married,Secondary / secondary special,House / apartment,N,N,247500.0,Commercial associate,4.4435318275154,Waiters/barmen staff,Self-employed,Cash loans,454500.0,46701.0,454500.0,5.0,3.0,2.0,545363.9099999999,24241.05,20758.95,0.0,0.0,0.0,0.0,60.0,1371198.285,1362463.245,2.0,58.0,18.0,18.0,-8735.040000000003,0.9666666666666668,0.9936296303054376,19.0,11.0,7.0,1230907.5,606312.75,79110.6075,20844.0,,,,,,,,,,72.0,421.0,275.65,0.0,0.0,0.0,0.1886909090909091,0.0979436363636363,0.5789473684210527,0.0,Tier_1,Other,1,0.6789422952482248,102513.14,22909.61,0.0,7791.54,14856.4,9622.19,33354.18,191047.06,46701.0,9751.94,5476.0,0.0221,231966.32,0.0,437.62,70061.45,111,0.3667,0.0,0.0,0.0,0.0,0,1,224.22,1.0,7854.66,27435.47,-35450.7,5
192837,F,49.38809034907597,0,2.0,Married,Secondary / secondary special,House / apartment,N,N,121500.0,Working,5.938398357289528,,Business Entity Type 3,Cash loans,269550.0,20281.5,225000.0,6.0,2.0,4.0,1182483.0,363037.5,0.0,0.0,0.0,0.0,0.0,32.0,221885.595,221885.595,0.0,32.0,0.0,0.0,0.0,1.0,1.0,6.0,2.0,2.0,303237.0,303237.0,29993.355,0.0,,,,,,,,,,33.0,376.0,171.76666666666668,0.0,0.0,0.0,0.1669259259259259,2.987962962962963,0.3333333333333333,0.0,Tier_3,Salaried,2,0.59528253313593,50307.41,3672.75,0.0,4911.28,5634.83,3316.63,26021.31,93864.21,20281.5,7354.29,3363.58,0.0277,14031.66,3167.23,0.0,38674.15,78,0.412,0.0,0.0,0.0,0.0,0,1,154.92,0.9167,4907.39,11335.61,-19450.16,5
179360,M,36.96098562628337,1,3.0,Married,Higher education,House / apartment,Y,N,145480.5,State servant,3.79192334017796,High skill tech staff,Other,Cash loans,742500.0,20416.5,742500.0,2.0,1.0,1.0,183442.5,0.0,0.0,0.0,0.0,0.0,0.0,31.0,773991.81,976491.81,0.0,31.0,0.0,0.0,202500.0,1.0,1.2616306753943558,11.0,5.0,5.0,2954880.0,1737033.75,141400.8225,0.0,0.0,0.0,1215000.0,71950.5,82334.43,1388.52,0.0,0.0,0.0,21.0,217.0,157.5,0.0,0.0,0.0,0.1403383958674874,0.0,0.4545454545454545,0.0,Tier_2,Salaried,2,0.5409062373158003,46344.9,5287.48,10855.52,5601.41,4830.47,5771.53,7013.3,85704.61,20416.5,39359.39,15313.24,0.1053,402331.3,0.0,0.0,27870.45,137,0.3252,0.0,0.0,0.0,0.0,1,0,247.1,0.8333,36771.47,9553.35,22054.84,0
301852,F,32.602327173169066,1,3.0,Married,Secondary / secondary special,With parents,Y,Y,90000.0,Commercial associate,,Realty agents,Realtor,Cash loans,305640.0,31446.0,270000.0,7.0,4.0,3.0,968269.5,262561.5,198000.0,0.0,0.0,0.0,0.0,42.0,110554.56,117304.56,1.0,41.0,11.0,11.0,6750.0,0.9761904761904762,1.0610558261911585,3.0,2.0,1.0,205830.0,205830.0,12796.245,12996.0,,,,,,,,,,40.0,744.0,454.5,0.0,0.0,0.0,0.3494,2.91735,0.6666666666666666,0.0,Tier_1,Other,3,0.8202540292806382,40120.88,1564.79,5972.03,4530.34,16335.6,5299.23,3151.12,76973.99,31446.0,0.0,0.0,0.0,0.0,0.0,0.0,50432.43,74,0.6552,0.0,0.0,0.0,0.0,1,0,179.93,0.8333,-20792.59,14539.07,-50183.55,11
158421,F,55.66324435318276,0,1.0,Single / not married,Secondary / secondary special,House / apartment,N,Y,63000.0,Pensioner,,,XNA,Cash loans,508495.5,21672.0,454500.0,3.0,0.0,3.0,116998.02,0.0,0.0,0.0,0.0,0.0,0.0,9.0,96743.025,96743.025,0.0,9.0,0.0,0.0,0.0,1.0,1.0,2.0,1.0,0.0,83034.0,83034.0,8165.565,0.0,,,,,,,,,,10.0,105.0,67.0,0.0,0.0,0.0,0.344,0.0,0.5,0.0,Tier_1,Other,1,0.732987224530418,26540.8,1432.67,0.0,3965.61,5025.87,4228.29,3379.07,44572.31,21672.0,0.0,0.0,0.0,0.0,0.0,0.0,28098.63,131,0.6304,0.0,0.0,0.0,0.0,0,0,0.0,0.0,-3185.99,7252.04,-21180.38,8
322433,F,44.89801505817933,0,2.0,Married,Secondary / secondary special,House / apartment,N,N,76500.0,Working,8.125941136208077,Sales staff,Other,Cash loans,225000.0,22383.0,225000.0,7.0,1.0,6.0,608717.34,85887.0,0.0,0.0,0.0,0.0,0.0,27.0,333862.785,333862.785,0.0,27.0,0.0,0.0,0.0,1.0,1.0,4.0,4.0,0.0,333063.0,166531.5,20112.7275,10829.25,0.0,0.0,1980000.0,0.0,0.0,0.0,0.0,0.0,0.0,30.0,253.5,136.5,0.0,0.0,0.0,0.2925882352941176,1.1227058823529412,1.0,0.0,Tier_2,Salaried,1,0.6548773673714172,22944.73,4040.09,0.0,1799.37,11186.93,2932.66,6042.48,48946.26,22383.0,5170.74,3111.91,0.0407,106569.55,0.0,0.0,23880.13,42,0.4879,0.0,0.0,0.0,0.0,0,1,150.66,0.9167,2873.52,5656.65,-7104.38,4
140046,F,39.38945927446954,1,3.0,Married,Secondary / secondary special,House / apartment,N,N,202500.0,Working,7.868583162217659,,Industry: type 3,Cash loans,1462720.5,55845.0,1345500.0,7.0,0.0,7.0,765555.75,0.0,0.0,0.0,0.0,0.0,0.0,22.0,761091.7949999999,761091.7949999999,0.0,22.0,0.0,0.0,0.0,1.0,1.0,6.0,4.0,0.0,693418.5,693418.5,119868.39,67950.0,,,,,,,,,,26.0,150.0,72.5,0.0,0.0,0.0,0.2757777777777778,0.0,0.6666666666666666,0.0,Tier_2,Salaried,3,0.7124100125577597,72843.86,11370.78,22088.98,9814.02,17778.97,10366.42,12334.54,156597.57,55845.0,0.0,0.0,0.0,0.0,0.0,0.0,86043.25,583,0.5495,0.0,0.0,0.0,0.0,0,0,0.0,0.0,-10264.53,18505.63,-43568.54,9
335348,F,44.14236824093087,0,2.0,Civil marriage,Secondary / secondary special,House / apartment,N,N,121500.0,Commercial associate,,,Self-employed,Cash loans,153504.0,15313.5,144000.0,3.0,0.0,3.0,248469.84,0.0,0.0,0.0,0.0,0.0,0.0,,,,,,,,,,,,,,,,,,,,,,,,,,,,,,,,,0.126037037037037,0.0,,0.0,Tier_2,Other,2,0.6048793745103644,54917.22,5122.43,0.0,3386.6,4912.52,2684.16,1554.73,72577.66,15313.5,33608.84,16494.33,0.1358,277768.34,0.0,1415.11,34589.23,50,0.4766,0.0,0.0,1780.61,0.0,1,0,222.61,0.9167,32687.86,11517.6,19177.85,0
285461,M,26.138261464750173,0,1.0,Single / not married,Secondary / secondary special,House / apartment,N,Y,156600.0,Commercial associate,,Sales staff,Self-employed,Cash loans,2362500.0,62451.0,2362500.0,,,,,,,,,,,6.0,62146.755,62146.755,0.0,6.0,0.0,0.0,0.0,1.0,1.0,1.0,1.0,0.0,50787.0,50787.0,10355.49,4770.0,,,,,,,,,,7.0,36.0,18.5,0.0,0.0,0.0,0.3987931034482758,,1.0,,Tier_2,Other,2,0.80549918393946,70276.88,1929.25,0.0,16603.76,14952.46,6505.79,14886.86,125155.0,62451.0,0.0,0.0,0.0,0.0,0.0,0.0,77867.26,231,0.6222,0.0,0.0,0.0,0.0,0,1,154.23,0.9167,-37178.48,16118.17,-70619.49,12
174542,M,25.82067077344285,1,3.0,Married,Secondary / secondary special,House / apartment,N,Y,162000.0,State servant,3.058179329226557,Core staff,Police,Cash loans,78192.0,9279.0,67500.0,10.0,3.0,7.0,8736678.585,8370525.645,1235.745,0.0,0.0,0.0,0.0,28.0,256065.705,245505.015,1.0,27.0,3.0,3.0,-10560.690000000002,0.9642857142857144,0.958757889893924,7.0,4.0,1.0,415156.5,286589.25,33543.6075,15628.5,1611686.835,1611686.835,1620000.0,195460.245,75465.0,74419.785,8.95381575,0.0,0.0,14.0,77.0,48.0,0.0,0.0,0.0,0.0572777777777777,51.669911388888885,0.5714285714285714,0.0,Tier_1,Salaried,3,0.6949079594280985,63418.62,3177.97,6223.79,9742.92,13658.67,16353.12,6266.59,118841.68,9279.0,33879.32,9315.54,0.0575,126011.3,23581.89,0.0,59924.19,99,0.5042,0.0,0.0,929.31,0.0,0,0,0.0,0.0,36690.25,16512.2,19266.22,0
270749,F,29.74674880219028,0,1.0,Single / not married,Higher education,House / apartment,N,Y,112500.0,Commercial associate,4.561259411362081,,Business Entity Type 3,Cash loans,450000.0,23107.5,450000.0,5.0,2.0,3.0,1490614.83,661954.5,0.0,0.0,0.0,0.0,0.0,14.0,135706.995,151457.625,0.0,14.0,0.0,0.0,15750.629999999996,1.0,1.116063508738072,5.0,2.0,2.0,619051.5,562290.75,36116.6625,7832.025,,,,,,,,,,17.0,165.0,108.0,0.0,0.0,0.0,0.2054,5.88404,0.4,0.0,Tier_2,Other,1,0.6781073071704866,37768.5,1557.55,0.0,6559.4,16584.47,7292.48,15315.96,85078.36,23107.5,4314.14,2159.19,0.0192,11475.44,0.0,0.0,32804.07,39,0.3856,0.0,0.0,0.0,0.0,0,0,0.0,0.0,-2004.78,8572.85,-13697.06,7
228226,M,46.49691991786448,0,2.0,Civil marriage,Secondary / secondary special,House / apartment,N,Y,90000.0,Commercial associate,,Security staff,Security,Revolving loans,180000.0,9000.0,180000.0,2.0,2.0,0.0,153000.0,116157.465,36839.07,0.0,0.0,0.0,0.0,27.0,133499.835,126618.705,2.0,25.0,20.0,20.0,-6881.13,0.925925925925926,0.948455891349978,4.0,2.0,1.0,333202.5,304904.25,23932.215,4950.0,,,,,,,,,,26.0,321.3333333333333,175.16666666666666,2.0,9.0,9.0,0.1,1.2906385,0.5,0.0,Tier_1,Other,1,0.6636901570181217,28558.07,1825.93,0.0,7460.15,13657.84,4375.67,3490.84,59368.5,9000.0,21631.5,8862.56,0.0985,195605.22,0.0,0.0,14896.06,42,0.2509,0.0,0.0,0.0,0.0,0,0,0.0,0.0,18173.4,9692.48,-1095.08,1
267172,F,24.955509924709105,0,1.0,Single / not married,Secondary / secondary special,House / apartment,N,N,135000.0,Working,,Laborers,Trade: type 2,Cash loans,225000.0,12213.0,225000.0,4.0,1.0,3.0,837441.0,129420.0,0.0,0.0,0.0,0.0,0.0,,,,,,,,,,,,,,,,,,,,,,,,,,,,,,,,,0.0904666666666666,0.9586666666666668,,0.0,Tier_1,Salaried,1,0.6429757817477564,50297.05,12562.46,0.0,5890.75,7616.09,8242.65,4205.19,88814.19,12213.0,33972.81,13538.87,0.1003,374726.47,0.0,0.0,40760.56,79,0.4589,0.0,0.0,0.0,0.0,0,1,194.42,0.9167,29432.11,14075.37,5645.76,0
206866,M,37.76865160848734,0,2.0,Married,Secondary / secondary special,House / apartment,Y,N,135000.0,Working,,Security staff,Business Entity Type 3,Cash loans,405000.0,15399.0,405000.0,5.0,1.0,4.0,1144449.0,0.0,0.0,0.0,0.0,0.0,0.0,100.0,2905401.915,2898391.635,6.0,94.0,58.0,58.0,-7010.28,0.94,0.997587156543194,8.0,4.0,1.0,3441721.5,3441721.5,110638.395,6745.5,559251.84,650451.5549999999,8550000.0,579739.275,487695.915,32801.340000000004,1.2427818666666666,0.0,0.0,39.0,993.0,824.5,1.0,22.0,0.0,0.1140666666666666,0.0,0.5,0.0,Tier_3,Salaried,3,0.5917904652204302,41843.13,5769.81,0.0,4337.09,6621.39,7418.19,10213.86,76203.47,15399.0,43397.53,24537.4,0.1818,874328.59,148974.24,0.0,37170.43,54,0.4878,3812.78,211142.53,0.0,0.0,0,0,0.0,0.0,43752.44,11555.52,12686.62,0
253515,F,30.622861054072555,0,2.0,Married,Secondary / secondary special,House / apartment,Y,Y,112500.0,Working,4.610540725530458,Laborers,Self-employed,Cash loans,267102.0,31828.5,247500.0,8.0,2.0,6.0,3140461.71,1570999.5,0.0,0.0,0.0,0.0,0.0,168.0,2734753.14,2691875.97,2.0,166.0,7.0,7.0,-42877.17,0.988095238095238,0.9843213746159188,13.0,8.0,4.0,3844872.0,3165630.75,167263.0875,18870.75,3682061.34,4573390.725,5793750.0,944359.515,1073725.56,189344.79,14.038615208333333,0.0,0.0,86.0,1138.9166666666667,662.0,0.0,0.0,0.0,0.28292,13.96444,0.6153846153846154,0.0,Tier_3,Salaried,2,0.46021503223445587,34480.02,672.2,0.0,4791.21,4747.99,3667.59,12797.81,61156.82,31828.5,19514.68,8580.26,0.0763,24452.6,0.0,0.0,21784.05,14,0.3562,0.0,0.0,0.0,0.0,1,1,517.79,1.0,18389.59,8310.0,-458.33,1
233870,F,53.8507871321013,0,1.0,Single / not married,Higher education,House / apartment,Y,Y,225000.0,Commercial associate,,Accountants,Business Entity Type 3,Cash loans,916299.0,36468.0,819000.0,5.0,1.0,4.0,1482462.0,0.0,249750.0,0.0,0.0,0.0,0.0,66.0,3199786.92,3068684.685,9.0,57.0,18.0,22.0,-131102.235,0.8636363636363636,0.959027823327686,8.0,7.0,1.0,3387528.0,3387528.0,216346.905,93780.0,,,,,,,,,,67.0,993.5833333333334,633.75,1.0,6.0,6.0,0.16208,0.0,0.875,0.0,Tier_2,Other,1,0.5322132877496958,98622.1,1238.66,0.0,3810.29,7346.94,3446.89,8072.23,122537.11,36468.0,65994.89,43681.27,0.1941,227990.38,0.0,0.0,68380.47,155,0.558,0.0,0.0,0.0,2353.95,0,1,150.84,1.0,55416.86,24461.69,29441.42,0
262441,F,56.24914442162902,0,1.0,Single / not married,Secondary / secondary special,House / apartment,N,Y,87750.0,Pensioner,,,XNA,Cash loans,229500.0,6183.0,229500.0,2.0,2.0,0.0,90999.0,4140.0,0.0,0.0,0.0,0.0,0.0,,,,,,,,,,,,,,,,,,,,,,,,,,,,,,,,,0.0704615384615384,0.0471794871794871,,0.0,Tier_2,Other,1,0.7296282072644952,37730.17,1865.33,0.0,5221.79,7388.5,3619.5,5860.15,61685.44,6183.0,19881.56,6616.82,0.0754,250611.74,0.0,0.0,30832.7,32,0.4998,1472.92,93212.6,0.0,0.0,1,0,139.9,0.9167,18623.97,9169.18,491.61,0
287127,F,38.73511293634497,2,4.0,Married,Secondary / secondary special,House / apartment,N,Y,180000.0,Working,3.2279260780287475,Sales staff,Self-employed,Cash loans,949500.0,27891.0,949500.0,1.0,0.0,1.0,55890.0,0.0,0.0,0.0,0.0,0.0,0.0,19.0,239528.565,226905.75,4.0,15.0,6.0,6.0,-12622.815000000002,0.7894736842105263,0.9473014210225824,1.0,1.0,0.0,189247.5,189247.5,12622.815,18630.0,,,,,,,,,,19.0,270.0,140.5,0.0,0.0,0.0,0.15495,0.0,1.0,0.0,Tier_2,Salaried,4,0.6343951275220466,83083.52,2062.22,4629.99,4096.09,14706.52,5612.79,21509.87,135701.0,27891.0,16408.0,7558.04,0.042,50311.48,0.0,0.0,59227.7,95,0.4365,0.0,0.0,0.0,0.0,0,0,0.0,0.0,16904.77,17284.5,-11183.53,2
186155,F,21.245722108145102,0,2.0,Civil marriage,Incomplete higher,Rented apartment,N,Y,157500.0,Working,,,Business Entity Type 3,Revolving loans,270000.0,13500.0,270000.0,1.0,1.0,0.0,31500.0,0.0,0.0,0.0,0.0,0.0,0.0,34.0,261964.17,261964.17,1.0,33.0,1.0,1.0,0.0,0.9705882352941176,1.0,4.0,4.0,0.0,292558.5,292558.5,36281.925,108265.5,,,,,,,,,,36.0,275.0,149.5,0.0,0.0,0.0,0.0857142857142857,0.0,1.0,0.0,Tier_2,Salaried,2,0.7277424687074897,73443.4,2206.72,0.0,8294.17,13522.85,12189.88,10646.71,120303.73,13500.0,23696.27,12796.59,0.0812,370764.76,0.0,0.0,52328.9,155,0.435,1170.28,35864.96,0.0,1656.24,1,0,303.54,0.9167,25377.4,9482.32,6109.77,0
369912,F,50.417522245037645,0,2.0,Married,Higher education,House / apartment,N,Y,166500.0,State servant,13.475701574264203,Accountants,Government,Cash loans,605439.0,26797.5,481500.0,10.0,5.0,5.0,5876460.0,1121085.0,276750.0,0.0,0.0,0.0,0.0,28.0,570461.715,557809.47,5.0,23.0,29.0,29.0,-12652.245,0.8214285714285714,0.9778210444849924,5.0,5.0,0.0,966406.5,729515.25,47284.245,7780.5,0.0,0.0,7200000.0,0.0,0.0,0.0,0.0,0.0,0.0,28.0,216.33333333333331,116.33333333333331,3.0,4.0,4.0,0.1609459459459459,6.733243243243243,1.0,0.0,Tier_2,Salaried,2,0.5967443188000808,63468.99,2676.3,0.0,3398.32,14085.89,8979.8,27475.74,120085.04,26797.5,19617.46,14567.79,0.0875,428316.16,97880.68,2303.0,57180.09,82,0.4762,4233.72,48153.61,0.0,0.0,0,1,396.91,1.0,20597.34,12529.43,-2119.07,1
434889,F,27.8466803559206,0,1.0,Single / not married,Higher education,House / apartment,N,Y,112500.0,Working,3.375770020533881,Laborers,Business Entity Type 3,Cash loans,358344.0,24075.0,283500.0,2.0,1.0,1.0,194035.5,51993.0,0.0,0.0,0.0,0.0,0.0,8.0,416148.66,416148.66,0.0,8.0,0.0,0.0,0.0,1.0,1.0,1.0,1.0,0.0,365895.0,365895.0,24551.55,112500.0,,,,,,,,,,9.0,121.0,95.0,0.0,0.0,0.0,0.214,0.46216,1.0,0.0,Tier_2,Salaried,1,0.6385784867908867,49245.19,1724.39,0.0,3447.15,8457.09,3612.66,14741.28,81227.76,24075.0,7197.24,3617.7,0.0322,188376.74,0.0,0.0,34225.52,62,0.4214,0.0,0.0,0.0,0.0,1,1,455.09,1.0,8691.2,7252.05,-8273.25,1
105530,M,27.15126625598905,0,2.0,Married,Higher education,House / apartment,N,Y,225000.0,Commercial associate,,Laborers,Construction,Cash loans,269982.0,32170.5,238500.0,1.0,1.0,0.0,65155.5,41917.5,0.0,0.0,0.0,0.0,0.0,17.0,128163.51,120624.48,2.0,15.0,3.0,3.0,-7539.029999999999,0.8823529411764706,0.9411764705882352,1.0,1.0,0.0,133033.5,133033.5,7539.03,0.0,,,,,,,,,,16.0,264.0,195.5,0.0,0.0,0.0,0.14298,0.1863,1.0,0.0,Tier_3,Other,2,0.5837827019197507,59774.16,2188.87,0.0,9873.73,7935.57,8638.83,30121.52,118532.68,32170.5,74296.82,50308.82,0.2236,1291843.85,0.0,0.0,57058.02,204,0.4814,0.0,0.0,0.0,0.0,1,0,237.94,0.8333,78350.84,18458.37,57184.9,0
374589,M,49.08418891170431,0,1.0,Single / not married,Secondary / secondary special,With parents,N,Y,112500.0,Commercial associate,,Laborers,Business Entity Type 3,Cash loans,753840.0,29340.0,540000.0,4.0,2.0,2.0,429553.35,0.0,0.0,0.0,0.0,0.0,0.0,5.0,23812.785,23812.785,0.0,5.0,0.0,0.0,0.0,1.0,1.0,2.0,1.0,0.0,19377.0,19377.0,4028.58,18000.0,,,,,,,,,,6.0,29.5,17.5,0.0,0.0,0.0,0.2608,0.0,0.5,0.0,Tier_1,Other,1,0.7765291306559561,64255.47,2462.97,0.0,6103.63,6602.13,3367.62,3835.94,86627.76,29340.0,0.0,0.0,0.0,0.0,0.0,0.0,42274.58,59,0.488,0.0,0.0,0.0,0.0,0,0,0.0,0.0,-6126.76,8623.73,-24447.53,8
197838,F,34.44216290212184,0,2.0,Married,Higher education,House / apartment,N,Y,112500.0,Working,,Sales staff,Self-employed,Cash loans,135000.0,14670.0,135000.0,8.0,2.0,6.0,1083874.5,102253.5,0.0,0.0,0.0,0.0,0.0,27.0,446685.525,316765.575,5.0,22.0,85.0,103.0,-129919.95000000004,0.8148148148148148,0.7091467201673929,5.0,3.0,2.0,492529.5,492529.5,63283.365000000005,20884.5,,,,,,,,,,83.0,279.20952380952383,98.16666666666669,60.0,21251.0,0.0,0.1304,0.90892,0.6,0.0,Tier_2,Salaried,2,0.5972336116682015,41245.41,665.09,0.0,6131.02,5187.95,8891.38,14879.99,77000.84,14670.0,20829.16,14483.79,0.1287,689811.02,0.0,2163.53,36981.26,121,0.4803,0.0,0.0,0.0,0.0,0,0,0.0,0.0,17958.46,7808.45,4105.8,0
262358,M,32.86789869952088,1,3.0,Married,Secondary / secondary special,House / apartment,N,Y,135000.0,Working,3.926078028747433,Security staff,Business Entity Type 2,Cash loans,276277.5,18594.0,238500.0,1.0,1.0,0.0,134955.0,125712.0,0.0,0.0,0.0,0.0,0.0,22.0,256602.33,256602.33,0.0,22.0,0.0,0.0,0.0,1.0,1.0,2.0,2.0,0.0,263110.5,263110.5,23476.545,0.0,,,,,,,,,,23.0,228.0,127.0,0.0,0.0,0.0,0.1377333333333333,0.9312,1.0,0.0,Tier_2,Salaried,4,0.6360592055966433,42575.94,1716.62,7310.29,5386.79,18475.88,10402.47,11947.63,97815.62,18594.0,18590.38,7047.93,0.0522,26697.13,5708.87,0.0,34424.74,71,0.3519,0.0,0.0,0.0,487.04,1,0,136.52,0.8333,21908.54,7688.59,9701.84,0
373261,F,29.30321697467488,1,3.0,Married,Higher education,House / apartment,Y,Y,108000.0,Working,,,Other,Revolving loans,382500.0,19125.0,382500.0,7.0,3.0,4.0,2836759.5,687969.81,0.0,0.0,0.0,0.0,0.0,25.0,83147.265,83147.265,0.0,25.0,0.0,0.0,0.0,1.0,1.0,6.0,3.0,2.0,360171.0,313812.0,11379.78,14805.0,,,,,,,,,,27.0,264.0,155.5,0.0,0.0,0.0,0.1770833333333333,6.370090833333334,0.5,0.0,Tier_3,Salaried,3,0.6987104054522189,54126.75,1330.94,4650.43,4238.47,7326.24,3787.89,2475.51,77936.23,19125.0,10938.77,4350.63,0.0403,233924.97,0.0,0.0,41718.49,73,0.5353,0.0,0.0,0.0,496.13,1,0,144.51,0.6667,13726.65,9193.05,-4260.24,1
248578,F,42.67488021902806,1,2.0,Single / not married,Higher education,House / apartment,N,N,270000.0,State servant,13.02943189596167,Core staff,School,Cash loans,521280.0,34339.5,450000.0,7.0,5.0,2.0,3747940.38,2028181.5,0.0,0.0,0.0,0.0,0.0,,,,,,,,,,,,,,,,,,,,,,,,,,,,,,,,,0.1271833333333333,7.511783333333334,,0.0,Tier_3,Salaried,2,0.5747741011115907,104813.05,7963.51,10824.53,3710.22,16270.68,11607.02,19453.47,174642.48,34339.5,61018.02,29392.61,0.1089,1551678.98,161211.33,0.0,55424.26,191,0.3174,0.0,0.0,0.0,2864.98,1,0,599.71,0.9167,65945.14,22214.15,18969.34,0
313117,F,28.511978097193705,2,4.0,Civil marriage,Higher education,House / apartment,N,Y,90000.0,Working,5.735797399041752,Laborers,Agriculture,Cash loans,448056.0,21919.5,315000.0,1.0,1.0,0.0,22500.0,0.0,0.0,0.0,0.0,0.0,0.0,119.0,666755.1,557276.13,28.0,91.0,310.5,516.0,-109478.97,0.7647058823529411,0.8358033256888474,4.0,4.0,0.0,382752.0,382752.0,31545.405,14962.5,3360484.72875,3434088.15,3645000.0,189000.0,258480.0,162966.975,24.892479472222224,113.0,113.0,40.0,314.9166666666667,171.75,2.0,5.0,5.0,0.24355,0.0,1.0,0.0,Tier_3,Salaried,4,0.6511221471239502,32339.84,1005.58,7476.1,5654.57,8462.79,3662.12,7044.64,65645.64,21919.5,2434.86,1114.64,0.0124,4259.96,0.0,0.0,36783.84,71,0.5603,291.61,5220.05,0.0,0.0,0,1,127.9,0.9167,3367.68,6424.49,-9029.51,4
222215,M,34.65845311430527,2,4.0,Civil marriage,Higher education,House / apartment,N,Y,675000.0,Commercial associate,,Managers,Business Entity Type 3,Cash loans,1800000.0,73444.5,1800000.0,11.0,1.0,10.0,10862059.5,0.0,0.0,0.0,0.0,0.0,0.0,95.0,8175664.89,8629197.075,0.0,95.0,0.0,0.0,453532.185,1.0,1.0554734313480405,13.0,8.0,3.0,9055863.0,7132610.25,271113.5025,22617.0,,,,,,,,,,104.0,1705.4166666666667,1333.2166666666667,0.0,0.0,0.0,0.1088066666666666,0.0,0.6153846153846154,0.0,Tier_3,Other,3,0.6976540695319746,279431.03,7777.17,31836.74,23820.64,95669.22,32381.69,46341.58,517258.07,73444.5,84297.43,54860.25,0.0813,1294332.98,0.0,8190.06,148688.01,599,0.2875,0.0,0.0,0.0,0.0,1,0,1677.35,0.9167,70605.02,64297.92,-41218.33,1
413682,M,64.49007529089664,0,2.0,Married,Higher education,House / apartment,N,N,135000.0,Commercial associate,6.609171800136893,Laborers,Other,Cash loans,808650.0,26217.0,675000.0,5.0,1.0,4.0,1057765.5,0.0,0.0,0.0,0.0,0.0,0.0,5.0,71189.685,71189.685,0.0,5.0,0.0,0.0,0.0,1.0,1.0,1.0,1.0,0.0,64098.0,64098.0,14242.59,6840.0,,,,,,,,,,5.0,25.0,15.0,0.0,0.0,0.0,0.1942,0.0,1.0,0.0,Tier_3,Other,2,0.7375909680239221,56266.53,8933.86,0.0,8165.55,14321.51,9619.91,4919.17,102226.53,26217.0,6556.47,2246.5,0.0166,27348.67,6782.36,0.0,39082.85,82,0.3823,0.0,0.0,0.0,0.0,0,0,0.0,0.0,5288.84,16935.57,-25763.33,4
279802,M,56.41889117043121,0,2.0,Civil marriage,Secondary / secondary special,House / apartment,Y,N,180000.0,Commercial associate,,Security staff,School,Cash loans,869049.0,31212.0,733500.0,3.0,2.0,1.0,837000.0,732955.5,0.0,0.0,0.0,0.0,0.0,14.0,80770.275,80770.275,0.0,14.0,0.0,0.0,0.0,1.0,1.0,1.0,1.0,0.0,74074.5,74074.5,3471.255,0.0,,,,,,,,,,20.0,345.0,165.0,0.0,0.0,0.0,0.1734,4.071975,1.0,0.0,Tier_1,Other,2,0.6535402326770233,66391.91,23269.7,0.0,9226.11,8482.15,4541.58,5723.33,117634.78,31212.0,31153.22,14565.81,0.0809,245061.23,0.0,0.0,49246.37,31,0.4186,0.0,0.0,0.0,0.0,0,0,0.0,0.0,29940.59,24615.99,-17202.28,2
234866,M,31.589322381930184,0,2.0,Married,Higher education,House / apartment,Y,Y,270000.0,Commercial associate,,High skill tech staff,Business Entity Type 3,Cash loans,1125000.0,33025.5,1125000.0,5.0,4.0,1.0,13011750.0,12632710.5,0.0,0.0,0.0,0.0,0.0,14.0,411246.18,478746.18000000005,0.0,14.0,0.0,0.0,67500.0,1.0,1.1641352632138735,3.0,3.0,0.0,387679.5,387679.5,67923.405,0.0,,,,,,,,,,17.0,99.5,59.5,0.0,0.0,0.0,0.1223166666666666,46.78781666666666,1.0,0.0,Tier_2,Other,2,0.7134395078918662,124587.09,2144.92,0.0,13881.03,24434.51,15548.74,23802.12,204398.41,33025.5,32576.09,20251.31,0.075,424880.63,0.0,0.0,92257.99,64,0.4514,0.0,0.0,0.0,0.0,1,0,638.83,1.0,34690.55,32674.47,-18348.87,3
258367,F,59.715263518138265,0,1.0,Widow,Secondary / secondary special,House / apartment,N,Y,90000.0,Pensioner,,,XNA,Cash loans,232344.0,11308.5,157500.0,7.0,5.0,2.0,706500.0,523004.355,57396.645,0.0,0.0,0.0,2.0,14.0,152094.24,152094.24,0.0,14.0,0.0,0.0,0.0,1.0,1.0,1.0,1.0,0.0,90000.0,90000.0,7110.9,0.0,,,,,,,,,,15.0,302.0,212.5,0.0,0.0,0.0,0.12565,5.8111595,1.0,0.0,Tier_3,Other,1,0.6452440444587484,35929.1,1085.32,0.0,8909.05,4778.97,5197.29,11177.28,67077.01,11308.5,11614.49,6039.02,0.0671,241568.15,49058.56,0.0,18325.64,10,0.2732,1026.08,30480.21,0.0,0.0,0,1,158.28,0.8333,11656.78,8010.96,-7597.51,1
147506,F,54.743326488706366,0,2.0,Civil marriage,Secondary / secondary special,House / apartment,N,Y,94500.0,Working,11.16769336071184,Sales staff,Government,Revolving loans,180000.0,9000.0,180000.0,4.0,1.0,2.0,86197.5,0.0,0.0,0.0,0.0,0.0,1.0,11.0,90327.465,90327.465,0.0,11.0,0.0,0.0,0.0,1.0,1.0,1.0,1.0,0.0,71887.5,71887.5,7562.565,7987.5,,,,,,,,,,12.0,121.0,70.5,0.0,0.0,0.0,0.0952380952380952,0.0,1.0,0.0,Tier_2,Salaried,2,0.6585178414076449,47487.01,805.52,0.0,2206.08,5012.12,3088.0,5054.95,63653.68,9000.0,21846.32,10272.45,0.1087,59230.16,0.0,0.0,27580.99,30,0.4333,0.0,0.0,588.03,0.0,1,0,79.52,0.8333,19223.88,5905.93,6667.12,0
184740,F,58.11635865845312,0,2.0,Civil marriage,Secondary / secondary special,House / apartment,N,Y,180000.0,Working,12.005475701574264,Laborers,Agriculture,Cash loans,1113840.0,47322.0,900000.0,3.0,1.0,2.0,154458.0,0.0,0.0,0.0,0.0,0.0,0.0,3.0,95696.91,95696.91,0.0,3.0,0.0,0.0,0.0,1.0,1.0,2.0,1.0,0.0,89676.0,89676.0,24104.925,22419.0,,,,,,,,,,4.0,15.0,9.0,0.0,0.0,0.0,0.2629,0.0,0.5,0.0,Tier_1,Salaried,3,0.7408635450452716,72275.0,3286.44,0.0,28111.24,13198.63,9150.69,2617.08,128639.08,47322.0,4038.92,2274.56,0.0126,90700.94,0.0,0.0,48853.62,105,0.3798,0.0,0.0,353.9,0.0,0,0,0.0,0.0,-683.8,10419.63,-23594.35,7
124207,M,46.10266940451746,2,4.0,Married,Higher education,House / apartment,N,Y,225000.0,Working,6.012320328542095,Managers,Business Entity Type 3,Cash loans,472500.0,56205.0,454500.0,,,,,,,,,,,44.0,2429320.41,2419721.19,1.0,43.0,3.0,3.0,-9599.22,0.9772727272727272,0.9960485986284534,10.0,6.0,2.0,2576835.0,1256385.0,136141.39500000002,63420.75,,,,,,,,,,46.0,615.6666666666666,486.1666666666667,0.0,0.0,0.0,0.2498,,0.6,,Tier_3,Salaried,3,0.613190673246228,86508.05,1539.34,5607.5,15260.85,15770.56,13281.61,22089.22,160057.13,56205.0,8737.87,5697.99,0.0253,9526.82,0.0,0.0,72643.25,171,0.4539,0.0,0.0,880.23,0.0,0,1,177.89,0.8333,11521.85,18663.82,-13550.15,4
183106,M,36.59958932238193,1,3.0,Married,Secondary / secondary special,Rented apartment,Y,N,180000.0,Working,5.212867898699521,Laborers,Business Entity Type 3,Cash loans,1113840.0,47322.0,900000.0,2.0,2.0,0.0,1903500.0,891297.0,0.0,0.0,0.0,0.0,0.0,21.0,205305.57,205305.57,0.0,21.0,0.0,0.0,0.0,1.0,1.0,3.0,3.0,0.0,171310.5,171310.5,24383.295,12276.9,,,,,,,,,,26.0,182.5,84.0,0.0,0.0,0.0,0.2629,4.95165,1.0,0.0,Tier_3,Salaried,3,0.6058604206828196,64336.69,5683.21,9478.16,2782.37,18794.02,7980.43,22679.84,131734.72,47322.0,943.28,370.72,0.0021,4151.52,1629.61,48.92,51829.81,85,0.3934,73.02,1576.77,41.35,0.0,0,0,0.0,0.0,1162.91,15148.3,-33031.88,6
226695,F,37.63997262149213,0,2.0,Married,Secondary / secondary special,House / apartment,N,Y,202500.0,Working,4.802190280629706,Core staff,Kindergarten,Cash loans,679500.0,24201.0,679500.0,4.0,2.0,2.0,539767.8,0.0,0.0,0.0,0.0,0.0,0.0,23.0,162774.135,162774.135,1.0,22.0,1.0,1.0,0.0,0.9565217391304348,1.0,4.0,4.0,0.0,189513.0,189513.0,26466.795,45576.675,,,,,,,,,,26.0,185.0,96.5,0.0,0.0,0.0,0.1195111111111111,0.0,1.0,0.0,Tier_2,Salaried,2,0.7256335170443754,93393.97,2574.17,0.0,16439.53,14790.27,6937.48,12173.25,146308.67,24201.0,31990.33,16536.11,0.0817,567407.82,180143.5,2431.33,86046.4,86,0.5881,2488.67,34465.03,0.0,0.0,0,0,0.0,0.0,32395.43,12816.9,10444.79,0
296326,M,36.969199178644764,0,2.0,Married,Higher education,House / apartment,Y,Y,225000.0,Commercial associate,,Laborers,Construction,Cash loans,720000.0,36760.5,720000.0,3.0,2.0,1.0,2586285.0,2045727.0,0.0,0.0,0.0,0.0,0.0,33.0,353739.645,353739.645,0.0,33.0,0.0,0.0,0.0,1.0,1.0,4.0,3.0,0.0,375192.0,263124.0,30946.725,0.0,0.0,0.0,1059750.0,0.0,0.0,0.0,0.0,0.0,0.0,34.0,514.5,271.8333333333333,0.0,0.0,0.0,0.16338,9.09212,0.75,0.0,Tier_2,Other,1,0.6349641489324314,95672.51,2098.38,0.0,12769.08,12953.4,7006.49,27447.39,157947.25,36760.5,30292.25,8209.32,0.0365,99596.48,0.0,0.0,56870.67,81,0.3601,0.0,0.0,0.0,0.0,0,1,400.36,0.9167,35490.03,31744.39,-1370.39,2
173749,M,48.90622861054072,1,3.0,Married,Secondary / secondary special,House / apartment,Y,Y,202500.0,Working,,Laborers,Industry: type 9,Cash loans,945000.0,31360.5,945000.0,3.0,1.0,2.0,9456120.0,7542760.5,0.0,0.0,0.0,0.0,0.0,22.0,1191239.505,1902239.505,0.0,22.0,0.0,0.0,711000.0,1.0,1.5968573045266832,2.0,2.0,0.0,1312857.0,1312857.0,41213.655,9000.0,,,,,,,,,,22.0,784.0,674.8333333333334,0.0,0.0,0.0,0.1548666666666666,37.2482,1.0,0.0,Tier_2,Salaried,4,0.7197167777195692,80300.64,1459.03,12440.57,10090.99,31509.82,9941.61,21724.35,167467.01,31360.5,3672.49,2180.6,0.0108,44778.92,17635.61,192.33,51460.51,68,0.3073,0.0,0.0,346.64,0.0,1,1,856.01,1.0,16906.74,22296.11,-18906.27,3
415909,F,23.345653661875428,0,2.0,Civil marriage,Higher education,House / apartment,Y,N,112500.0,Working,,High skill tech staff,Other,Revolving loans,180000.0,9000.0,180000.0,3.0,2.0,1.0,351540.0,11853.0,220500.0,0.0,0.0,0.0,0.0,19.0,127528.875,127528.875,0.0,19.0,0.0,0.0,0.0,1.0,1.0,2.0,2.0,0.0,96993.0,96993.0,13660.02,10210.5,,,,,,,,,,21.0,193.0,103.0,0.0,0.0,0.0,0.08,0.10536,1.0,0.0,Tier_1,Salaried,2,0.7672744221066355,51090.91,10031.99,0.0,3248.2,8523.7,5116.77,4655.4,82666.97,9000.0,20833.03,9963.28,0.0886,313431.15,35401.55,0.0,24293.19,36,0.2939,0.0,0.0,1493.6,1092.55,0,0,0.0,0.0,22427.71,6528.72,12620.16,0
324169,F,31.017111567419576,0,2.0,Married,Higher education,House / apartment,N,Y,135000.0,State servant,6.789869952087611,Accountants,Telecom,Cash loans,505066.5,51750.0,468000.0,11.0,4.0,7.0,4187529.99,1292080.5,0.0,0.0,0.0,0.0,0.0,11.0,465215.13,663215.13,0.0,11.0,0.0,0.0,198000.0,1.0,1.4256095454161175,6.0,2.0,4.0,1195708.5,1116958.5,105244.8075,22500.0,,,,,,,,,,12.0,87.0,54.0,0.0,0.0,0.0,0.3833333333333333,9.570966666666669,0.3333333333333333,0.0,Tier_1,Salaried,2,0.6931708869814706,43562.2,3802.11,0.0,10533.85,16844.44,10092.23,8219.67,93054.5,51750.0,0.0,0.0,0.0,0.0,0.0,0.0,48188.96,104,0.5179,0.0,0.0,0.0,0.0,0,0,0.0,0.0,-12879.73,9426.88,-32346.6,11
195036,M,34.47227926078029,2,4.0,Married,Incomplete higher,House / apartment,N,Y,315000.0,Working,3.6386036960985626,Drivers,Self-employed,Cash loans,728460.0,74772.0,675000.0,15.0,5.0,10.0,4290959.5200000005,377726.67,0.0,0.0,0.0,0.0,0.0,86.0,925599.42,917148.06,2.0,84.0,3.0,3.0,-8451.36,0.9767441860465116,0.990869311478177,13.0,10.0,3.0,2082825.0,1440348.75,99286.7175,26010.0,,,,,,,,,,94.0,951.4166666666666,583.6666666666666,0.0,0.0,0.0,0.2373714285714285,1.199132285714286,0.7692307692307693,0.0,Tier_3,Salaried,4,0.6274847157930658,142905.27,1718.46,9268.02,15997.72,14343.92,13424.3,39850.61,237508.3,74772.0,2719.7,2124.04,0.0067,87930.5,25884.33,0.0,48522.12,115,0.2043,198.37,660.18,0.0,251.26,1,1,474.29,0.8333,-1612.08,19614.28,-23942.7,7
341875,F,23.709787816564,0,1.0,Single / not married,Higher education,House / apartment,N,Y,135000.0,Working,3.4168377823408624,Laborers,Transport: type 2,Cash loans,192874.5,20380.5,166500.0,2.0,2.0,0.0,107950.5,51250.05,26703.45,0.0,0.0,0.0,1.0,13.0,133151.35499999998,122908.635,2.0,11.0,6.0,6.0,-10242.72,0.8461538461538461,0.923074609342128,2.0,1.0,0.0,160690.5,160690.5,10242.72,9360.0,,,,,,,,,,13.0,156.0,78.0,0.0,0.0,0.0,0.1509666666666666,0.37963,0.5,0.0,Tier_3,Salaried,2,0.4721178697449409,41935.41,610.08,0.0,7417.95,6031.99,3270.16,12080.78,71346.37,20380.5,43273.13,17835.8,0.1321,92865.77,13888.67,0.0,24706.68,31,0.3463,0.0,0.0,0.0,0.0,0,0,0.0,0.0,41230.46,7824.81,28876.54,0
389151,F,25.180013689253936,0,2.0,Civil marriage,Incomplete higher,Office apartment,Y,N,247500.0,Commercial associate,2.8254620123203287,Sales staff,Advertising,Cash loans,1095111.0,55759.5,1035000.0,2.0,1.0,1.0,1210500.0,691659.0,0.0,0.0,0.0,0.0,0.0,,,,,,,,,,,,,,,,,,,,,,,,,,,,,,,,,0.2252909090909091,2.7945818181818183,,0.0,Tier_1,Other,1,0.7189375736632793,81577.97,25179.11,0.0,18380.49,18033.56,21643.15,19464.36,184278.64,55759.5,7461.86,3180.47,0.0129,104497.27,0.0,0.0,125233.34,205,0.6796,0.0,0.0,0.0,0.0,0,1,255.16,0.9167,-123.61,16672.85,-26816.61,6
373880,M,30.261464750171115,1,3.0,Married,Secondary / secondary special,House / apartment,Y,Y,225000.0,Working,,Laborers,Trade: type 7,Cash loans,906228.0,46399.5,810000.0,15.0,2.0,13.0,2852383.5,12739.5,0.0,0.0,0.0,0.0,0.0,29.0,468128.34,468128.34,0.0,29.0,0.0,0.0,0.0,1.0,1.0,7.0,4.0,0.0,380196.0,250656.0,30162.06,4500.0,767750.6699999999,767750.6699999999,1440000.0,196906.23,232783.065,40693.41,4.2652815,0.0,0.0,12.0,84.0,63.0,0.0,0.0,0.0,0.20622,0.05662,0.5714285714285714,0.0,Tier_3,Salaried,3,0.6661814013617962,104725.49,3280.19,5410.98,6601.98,16015.77,13856.41,9487.46,159378.28,46399.5,19222.22,9749.89,0.0433,53962.12,0.0,0.0,76424.56,114,0.4795,2022.98,28773.98,0.0,0.0,1,0,485.23,1.0,15164.81,13827.81,-8822.75,3
240905,M,32.95003422313484,0,1.0,Separated,Secondary / secondary special,House / apartment,N,N,202500.0,Commercial associate,,Security staff,Security,Cash loans,283500.0,22396.5,283500.0,4.0,4.0,0.0,2100060.0,534249.0,0.0,0.0,0.0,0.0,0.0,11.0,231286.59,231286.59,0.0,11.0,0.0,0.0,0.0,1.0,1.0,8.0,3.0,4.0,611887.5,574796.25,62323.74,13500.0,,,,,,,,,,13.0,161.0,141.5,0.0,0.0,0.0,0.1106,2.6382666666666665,0.375,0.0,Tier_2,Other,1,0.5631813984953152,62120.4,12378.43,0.0,6967.33,14652.36,8057.4,28031.76,132207.68,22396.5,47895.82,23887.0,0.118,337569.46,131193.71,0.0,67600.06,108,0.5113,6038.81,281032.8,3269.59,3111.26,0,1,246.65,0.9167,39601.49,19831.53,-5982.86,1
176115,F,50.86379192334018,0,2.0,Married,Higher education,House / apartment,N,Y,214555.5,Working,13.09514031485284,Managers,Kindergarten,Cash loans,873000.0,24138.0,873000.0,2.0,0.0,2.0,79105.5,0.0,0.0,0.0,0.0,0.0,0.0,43.0,1629027.72,1696527.72,1.0,42.0,1.0,1.0,67500.0,0.9767441860465116,1.0414357589937144,10.0,3.0,7.0,10592028.0,8904528.0,264951.99,36396.0,,,,,,,,,,43.0,1333.5,1018.0,0.0,0.0,0.0,0.1125023595293525,0.0,0.3,0.0,Tier_2,Salaried,2,0.6043355687634218,80501.67,3452.39,0.0,7732.08,17149.49,9770.14,6278.11,124883.88,24138.0,65533.62,23609.25,0.11,582461.7,0.0,0.0,45947.76,98,0.3679,0.0,0.0,0.0,0.0,0,0,0.0,0.0,66602.31,10075.24,38394.08,0
238969,F,61.18822724161533,0,2.0,Married,Secondary / secondary special,House / apartment,N,Y,135000.0,Pensioner,,,XNA,Cash loans,781920.0,34573.5,675000.0,,,,,,,,,,,5.0,129565.935,129565.935,0.0,5.0,0.0,0.0,0.0,1.0,1.0,1.0,1.0,0.0,121095.0,121095.0,21667.545,13455.0,,,,,,,,,,6.0,35.0,20.0,0.0,0.0,0.0,0.2561,,1.0,,Tier_3,Other,3,0.5781426942955097,46442.25,1299.16,0.0,4672.75,10783.67,7251.61,12711.69,83161.13,34573.5,17265.37,11746.44,0.087,306844.1,0.0,0.0,30545.49,43,0.3673,0.0,0.0,2062.83,0.0,1,0,283.15,0.75,20292.3,16589.91,-2512.68,1
302961,F,67.26078028747433,0,2.0,Married,Secondary / secondary special,House / apartment,N,Y,126000.0,Pensioner,,,XNA,Cash loans,225000.0,23184.0,225000.0,4.0,1.0,3.0,1031089.5,172467.0,0.0,0.0,0.0,0.0,0.0,22.0,633252.96,626525.91,1.0,21.0,549.0,549.0,-6727.05,0.9545454545454546,0.98937699398989,2.0,2.0,0.0,511965.0,511965.0,22899.6,6885.0,,,,,,,,,,42.0,646.5,418.0,18.0,2734.0,0.0,0.184,1.3687857142857145,1.0,0.0,Tier_3,Other,3,0.6275587727921994,38889.63,805.28,0.0,14306.92,10740.29,5383.87,6519.3,76645.29,23184.0,26170.71,14424.83,0.1145,254049.11,53861.06,0.0,32125.27,38,0.4191,1519.04,4857.85,0.0,0.0,0,0,0.0,0.0,29946.1,16532.51,7934.14,0
358958,M,44.511978097193705,1,3.0,Married,Secondary / secondary special,House / apartment,Y,Y,157500.0,Working,8.626967830253252,Laborers,Self-employed,Cash loans,1350000.0,39604.5,1350000.0,,,,,,,,,,,18.0,148438.575,146259.81,2.0,16.0,221.0,221.0,-2178.765,0.8888888888888888,0.9853221105093468,2.0,2.0,0.0,131602.5,131602.5,21746.205,9000.0,,,,,,,,,,27.0,225.5,88.0,0.0,0.0,0.0,0.2514571428571429,,1.0,,Tier_2,Salaried,3,0.7249340107973774,64259.19,3118.06,11687.23,6536.04,16109.81,12466.77,7705.04,121882.14,39604.5,0.0,0.0,0.0,0.0,0.0,0.0,67787.6,64,0.5562,0.0,0.0,0.0,0.0,0,0,0.0,0.0,-11858.56,14999.27,-45739.57,10
287536,F,31.20602327173169,0,1.0,Single / not married,Higher education,House / apartment,N,N,315000.0,Commercial associate,8.484599589322382,,Bank,Cash loans,269550.0,16285.5,225000.0,14.0,3.0,11.0,24576705.0,6996285.0,0.0,0.0,0.0,0.0,0.0,15.0,122836.455,122836.455,0.0,15.0,0.0,0.0,0.0,1.0,1.0,6.0,1.0,1.0,1463175.0,1463175.0,44667.585,28296.0,,,,,,,,,,16.0,342.0,229.5,0.0,0.0,0.0,0.0517,22.21042857142857,0.1666666666666666,0.0,Tier_1,Other,1,0.6737600521831757,108748.75,45796.1,0.0,12989.52,26232.73,10229.58,18187.44,222184.12,16285.5,76530.38,29524.6,0.0937,1259227.48,0.0,0.0,145878.59,230,0.6566,0.0,0.0,0.0,0.0,0,1,220.36,0.8333,68524.88,24268.96,14369.23,0
241737,F,42.7460643394935,0,2.0,Married,Secondary / secondary special,House / apartment,N,N,270000.0,Commercial associate,,Sales staff,Trade: type 7,Cash loans,545040.0,25407.0,450000.0,8.0,4.0,4.0,1679453.325,381080.07,480503.385,0.0,0.0,0.0,0.0,10.0,267392.25,267392.25,0.0,10.0,0.0,0.0,0.0,1.0,1.0,1.0,1.0,0.0,517500.0,517500.0,26739.225,0.0,,,,,,,,,,11.0,240.0,191.0,0.0,0.0,0.0,0.0941,1.4114076666666666,1.0,0.0,Tier_2,Other,3,0.676298539080048,91214.09,15342.32,0.0,13329.47,21533.86,15317.05,20172.4,176909.19,25407.0,67683.81,33687.51,0.1248,1111487.35,0.0,2164.85,69725.09,86,0.3941,8320.23,469381.62,0.0,0.0,0,0,0.0,0.0,60522.22,22717.85,27742.82,0
142801,M,42.98151950718686,1,3.0,Married,Higher education,House / apartment,N,Y,180000.0,Working,,Core staff,Self-employed,Cash loans,1042560.0,34587.0,900000.0,6.0,2.0,4.0,3828238.2,401400.0,0.0,0.0,0.0,0.0,0.0,12.0,1012458.96,946794.96,2.0,10.0,7.0,7.0,-65664.0,0.8333333333333334,0.9351440378383336,1.0,1.0,0.0,675000.0,675000.0,32832.0,0.0,,,,,,,,,,11.0,442.0,388.5,0.0,0.0,0.0,0.19215,2.23,1.0,0.0,Tier_3,Salaried,3,0.5899603135360949,63252.53,1596.23,11843.53,6445.45,11307.39,11747.72,6161.42,112354.27,34587.0,33058.73,15308.4,0.085,155628.8,0.0,947.51,39468.98,138,0.3513,0.0,0.0,0.0,914.62,0,1,309.82,0.8333,31686.34,18875.71,3801.11,0
137930,F,44.68993839835729,1,3.0,Civil marriage,Higher education,House / apartment,N,N,67500.0,State servant,18.65571526351814,Core staff,School,Cash loans,693301.5,30537.0,598500.0,1.0,0.0,1.0,185103.0,0.0,0.0,0.0,0.0,0.0,0.0,3.0,47756.205,47756.205,0.0,3.0,0.0,0.0,0.0,1.0,1.0,1.0,1.0,0.0,135000.0,135000.0,6750.0,0.0,0.0,0.0,1035964.2857142856,0.0,0.0,0.0,0.0,0.0,0.0,4.0,40.0,6.0,0.0,0.0,0.0,0.4524,0.0,1.0,0.0,Tier_1,Salaried,4,0.8471973856952693,37647.48,3730.56,4553.65,2299.07,6618.02,2337.03,2687.92,59873.73,30537.0,0.0,0.0,0.0,0.0,0.0,0.0,37397.73,71,0.6246,0.0,0.0,0.0,0.0,1,0,157.24,1.0,-20381.76,3778.88,-26270.26,12
165707,F,62.98425735797399,0,1.0,Widow,Higher education,House / apartment,N,Y,171000.0,Pensioner,,,XNA,Cash loans,448056.0,16222.5,315000.0,5.0,3.0,2.0,1575454.5,627264.0,0.0,0.0,0.0,0.0,0.0,77.0,887343.75,758814.66,13.0,64.0,32.5,40.0,-128529.09,0.8311688311688312,0.8551529889064977,13.0,9.0,4.0,969714.0,847845.0,110793.7575,39105.0,,,,,,,,,,78.0,395.4666666666667,193.85,1.0,3.0,3.0,0.0948684210526315,3.668210526315789,0.6923076923076923,0.0,Tier_2,Other,1,0.5795201757294935,75676.99,2107.8,0.0,3871.84,7656.18,3375.99,7861.5,100550.3,16222.5,54227.2,29152.22,0.1705,603817.06,0.0,0.0,47231.26,49,0.4697,0.0,0.0,0.0,0.0,0,0,0.0,0.0,51339.97,15520.51,23798.19,0
162635,F,46.90759753593429,1,2.0,Separated,Secondary / secondary special,House / apartment,N,N,126000.0,State servant,20.640657084188916,,Military,Cash loans,288873.0,19435.5,238500.0,,,,,,,,,,,16.0,393721.56,393721.56,0.0,16.0,0.0,0.0,0.0,1.0,1.0,5.0,2.0,1.0,700470.0,592695.0,60036.795,54000.0,,,,,,,,,,16.0,151.0,96.5,0.0,0.0,0.0,0.15425,,0.4,,Tier_2,Salaried,2,0.5158403894245576,42164.42,6257.15,3336.31,3735.22,4177.74,5325.06,6179.02,71174.92,19435.5,35389.58,18284.11,0.1451,746603.73,282712.26,0.0,22617.2,33,0.3178,3088.91,23311.8,0.0,0.0,1,0,129.59,0.8333,32181.52,8250.38,16047.29,0
149913,M,53.804243668720055,0,2.0,Married,Incomplete higher,House / apartment,N,N,247500.0,Commercial associate,,Managers,Business Entity Type 3,Cash loans,1125000.0,32895.0,1125000.0,3.0,1.0,2.0,1385145.0,414072.0,0.0,0.0,0.0,0.0,0.0,3.0,19478.97,19478.97,0.0,3.0,0.0,0.0,0.0,1.0,1.0,2.0,1.0,0.0,18396.0,18396.0,4901.625,4603.5,,,,,,,,,,4.0,15.0,9.0,0.0,0.0,0.0,0.1329090909090909,1.6730181818181815,0.5,0.0,Tier_2,Other,1,0.6063722971817966,81937.43,18270.2,0.0,5442.86,16027.26,11615.6,33621.81,166915.16,32895.0,47689.84,35213.48,0.1423,549634.88,0.0,0.0,73147.27,227,0.4382,0.0,0.0,0.0,0.0,1,0,452.6,0.9167,36485.06,31005.24,-5492.27,2
176064,F,59.34565366187543,0,2.0,Married,Secondary / secondary special,House / apartment,N,N,81000.0,Pensioner,,,XNA,Cash loans,136287.0,8847.0,103500.0,1.0,0.0,1.0,44820.0,0.0,0.0,0.0,0.0,0.0,0.0,41.0,664863.525,485786.025,13.0,28.0,99.5,107.0,-179077.5,0.6829268292682927,0.7306552498875615,4.0,3.0,0.0,554004.0,554004.0,38474.82,0.0,0.0,0.0,1485000.0,0.0,0.0,0.0,0.0,0.0,0.0,32.0,528.0,280.0,2.0,28.0,0.0,0.1092222222222222,0.0,0.75,0.0,Tier_3,Other,2,0.7605859355284469,23830.74,5360.03,0.0,11175.86,14420.82,3185.94,2810.37,60783.76,8847.0,11369.24,7901.46,0.0975,133749.37,0.0,0.0,24476.58,33,0.4027,0.0,0.0,0.0,0.0,0,0,0.0,0.0,11221.04,7870.42,-125.73,1
233524,F,52.41615331964408,0,2.0,Married,Secondary / secondary special,House / apartment,N,Y,225000.0,Pensioner,,,XNA,Cash loans,281673.0,20160.0,261000.0,6.0,5.0,1.0,1394046.0,426663.0,0.0,0.0,0.0,0.0,0.0,5.0,62147.565,62147.565,0.0,5.0,0.0,0.0,0.0,1.0,1.0,2.0,2.0,0.0,119704.5,119704.5,12272.085,12033.0,,,,,,,,,,6.0,56.5,46.0,0.0,0.0,0.0,0.0896,1.89628,1.0,0.0,Tier_2,Other,2,0.6874839304551427,111256.59,2036.99,0.0,10105.14,19151.57,9165.99,8005.57,159721.85,20160.0,45118.15,16239.79,0.0722,348628.92,0.0,0.0,37835.65,122,0.2369,0.0,0.0,0.0,0.0,1,0,172.22,0.9167,44667.95,29253.86,-8328.71,1
216539,F,47.07460643394935,0,1.0,Separated,Secondary / secondary special,House / apartment,N,Y,108000.0,Working,,Laborers,Business Entity Type 2,Cash loans,315000.0,17086.5,315000.0,3.0,1.0,2.0,833809.5,104737.5,0.0,0.0,0.0,0.0,0.0,20.0,61500.19500000001,59604.39000000001,3.0,17.0,27.0,27.0,-1895.805,0.85,0.9691740001799994,2.0,2.0,0.0,60102.0,30051.0,6368.31,5487.75,,,,,,,,,,22.0,220.0,89.0,0.0,0.0,0.0,0.1582083333333333,0.9697916666666668,1.0,0.0,Tier_3,Salaried,1,0.5702135678239778,33745.23,950.76,0.0,8344.07,8648.69,3797.45,8081.89,63568.09,17086.5,27345.41,13559.97,0.1256,90358.01,0.0,0.0,24261.43,175,0.3817,0.0,0.0,0.0,943.28,0,0,0.0,0.0,26986.33,7419.85,15879.07,0
343339,F,36.4599589322382,0,2.0,Married,Secondary / secondary special,House / apartment,Y,Y,144000.0,Working,4.446269678302532,,Business Entity Type 3,Cash loans,127350.0,13842.0,112500.0,1.0,0.0,1.0,26973.0,0.0,0.0,0.0,0.0,0.0,0.0,54.0,1098615.645,837801.0,26.0,28.0,146.0,260.0,-260814.645,0.5185185185185185,0.762597004523816,8.0,4.0,2.0,729499.5,534523.5,61372.8675,22684.5,,,,,,,,,,39.0,367.5,208.0,3.0,41.0,16.0,0.096125,0.0,0.5,0.0,Tier_2,Salaried,2,0.6167551586991653,46826.25,1566.74,0.0,5982.34,17293.46,11724.6,12624.86,96018.25,13842.0,34139.75,18305.98,0.1271,962432.64,0.0,1750.81,57229.63,75,0.596,3008.97,47186.65,0.0,0.0,1,0,235.52,0.6667,41718.48,8140.73,32131.91,0
314514,F,64.31211498973306,0,2.0,Married,Secondary / secondary special,House / apartment,N,Y,76500.0,Pensioner,,,XNA,Cash loans,50940.0,5089.5,45000.0,,,,,,,,,,,31.0,221165.73,211862.97,1.0,30.0,4.0,4.0,-9302.76,0.967741935483871,0.957937606337112,2.0,2.0,0.0,191169.0,191169.0,15814.215,0.0,,,,,,,,,,32.0,576.0,284.0,0.0,0.0,0.0,0.0665294117647058,,1.0,,Tier_1,Other,2,0.8140544076248117,31992.44,5130.37,0.0,6890.81,10196.61,4820.45,2683.57,61714.25,5089.5,9696.25,4774.54,0.0624,9212.53,0.0,0.0,44545.95,27,0.7218,0.0,0.0,0.0,694.29,1,1,288.0,0.8333,9372.95,10954.49,-9801.77,2
144954,F,44.580424366872,1,3.0,Married,Secondary / secondary special,House / apartment,N,Y,45000.0,Working,,Cleaning staff,Self-employed,Cash loans,254700.0,14350.5,225000.0,3.0,0.0,3.0,121077.0,0.0,0.0,0.0,0.0,0.0,0.0,12.0,34946.775,34946.775,4.0,8.0,68.0,68.0,0.0,0.6666666666666666,1.0,,,,,,,,,,,,,,,,,12.0,120.0,56.66666666666667,0.0,0.0,0.0,0.3189,0.0,,0.0,Tier_2,Salaried,3,0.6888461405026078,17030.03,638.84,3691.9,5305.92,2705.61,1625.78,5403.74,36401.82,14350.5,0.0,0.0,0.0,0.0,0.0,0.0,26739.05,31,0.7346,0.0,0.0,0.0,0.0,0,1,101.04,0.8333,-4056.3,2859.73,-10896.53,11
398971,M,54.652977412731005,0,2.0,Married,Secondary / secondary special,House / apartment,Y,Y,180000.0,Working,2.891170431211499,Drivers,Self-employed,Cash loans,450000.0,24412.5,450000.0,1.0,0.0,1.0,450000.0,0.0,0.0,0.0,0.0,0.0,0.0,33.0,452979.0,317369.385,14.0,19.0,141.5,159.0,-135609.61500000002,0.5757575757575758,0.700627148278397,3.0,2.0,1.0,302116.5,302116.5,28714.68,26194.5,,,,,,,,,,26.0,276.0,129.5,3.0,60.0,0.0,0.135625,0.0,0.6666666666666666,0.0,Tier_3,Salaried,2,0.5860190407863224,66276.24,1464.57,0.0,4273.39,11599.7,11517.07,7768.28,102899.25,24412.5,52688.25,23577.39,0.131,428953.62,0.0,0.0,36034.11,60,0.3502,6020.87,374778.09,0.0,3028.18,0,0,0.0,0.0,51492.68,8736.93,35307.38,0
208233,M,36.59137577002053,0,2.0,Married,Secondary / secondary special,House / apartment,N,N,337500.0,Commercial associate,6.86652977412731,Drivers,Self-employed,Cash loans,720000.0,30505.5,720000.0,9.0,5.0,4.0,1823080.5,1013526.0,7301.565,0.0,0.0,0.0,0.0,22.0,341738.19,312897.42000000004,1.0,21.0,19.0,19.0,-28840.77,0.9545454545454546,0.9156056570674762,7.0,6.0,0.0,475807.5,366574.5,69363.765,20547.0,0.0,0.0,1350000.0,0.0,0.0,0.0,0.0,0.0,0.0,25.0,132.0,73.66666666666667,1.0,13.0,0.0,0.0903866666666666,3.00304,0.8571428571428571,0.0,Tier_2,Other,2,0.7303551929067232,135118.77,24979.78,0.0,25761.74,21469.45,21417.09,23429.15,252175.98,30505.5,54818.52,15483.46,0.0459,145236.28,0.0,0.0,126166.7,275,0.5003,0.0,0.0,0.0,0.0,0,1,743.48,1.0,51675.29,44908.61,-21147.06,2
403499,M,29.87542778918549,0,1.0,Single / not married,Higher education,House / apartment,Y,N,135000.0,Working,,Laborers,Self-employed,Cash loans,450000.0,29430.0,450000.0,3.0,1.0,2.0,412086.78,189413.82,0.0,0.0,0.0,0.0,0.0,17.0,266437.935,266437.935,1.0,16.0,1.0,1.0,0.0,0.9411764705882352,1.0,2.0,2.0,0.0,190120.5,190120.5,24191.235,1795.5,,,,,,,,,,20.0,177.5,88.5,0.0,0.0,0.0,0.218,1.4030653333333334,1.0,0.0,Tier_1,Salaried,1,0.6377166236489886,36400.66,14153.93,0.0,3128.28,18191.22,8400.41,9253.15,89527.65,29430.0,16042.35,7750.59,0.0574,26879.9,0.0,952.82,59417.08,231,0.6637,0.0,0.0,0.0,0.0,1,0,250.88,1.0,18400.2,7840.35,940.37,0
387189,M,27.263518138261464,2,4.0,Married,Secondary / secondary special,House / apartment,Y,Y,202500.0,Commercial associate,6.234086242299795,Laborers,Construction,Cash loans,396850.5,19300.5,279000.0,3.0,2.0,1.0,422572.5,356242.5,0.0,0.0,0.0,0.0,0.0,86.0,648614.0700000001,648614.0700000001,0.0,86.0,0.0,0.0,0.0,1.0,1.0,12.0,11.0,1.0,1321452.0,1256661.0,102197.685,27463.35,0.0,0.0,9945000.0,0.0,0.0,0.0,0.0,0.0,0.0,98.0,640.6666666666666,335.3333333333333,0.0,0.0,0.0,0.0953111111111111,1.7592222222222222,0.9166666666666666,0.0,Tier_3,Other,4,0.6171675685984868,49959.29,3080.81,31130.9,5328.5,19723.55,15753.39,22838.58,147815.02,19300.5,35384.48,16736.01,0.0826,73413.78,0.0,0.0,67281.75,560,0.4552,0.0,0.0,0.0,0.0,0,0,0.0,0.0,32556.2,30754.8,-19882.35,2
128689,F,35.80561259411362,1,3.0,Civil marriage,Higher education,House / apartment,Y,Y,315000.0,Working,,,Insurance,Cash loans,1125000.0,33025.5,1125000.0,6.0,2.0,4.0,14636115.0,0.0,0.0,0.0,0.0,0.0,0.0,21.0,360627.12,360627.12,2.0,19.0,2.0,2.0,0.0,0.9047619047619048,1.0,3.0,3.0,0.0,299520.0,228033.0,26088.097500000003,23620.5,,,,,,,,,,25.0,196.0,117.0,0.0,0.0,0.0,0.1048428571428571,0.0,1.0,0.0,Tier_3,Salaried,3,0.5485936139112502,116536.22,2445.01,11601.55,8557.46,22796.75,10870.0,46120.06,218927.05,33025.5,63047.45,29282.08,0.093,732549.89,0.0,0.0,84777.74,130,0.3872,0.0,0.0,0.0,0.0,1,1,1539.06,1.0,56078.57,16070.32,23272.03,0
113731,M,34.2258726899384,1,3.0,Married,Higher education,House / apartment,N,Y,135000.0,Working,,Laborers,Self-employed,Revolving loans,180000.0,9000.0,180000.0,6.0,2.0,4.0,518093.82,185040.0,173250.0,0.0,0.0,0.0,0.0,13.0,144867.73500000002,121901.355,2.0,11.0,7.0,7.0,-22966.38,0.8461538461538461,0.8414665625855198,2.0,2.0,0.0,148599.0,148599.0,18553.14,8095.5,,,,,,,,,,13.0,123.0,68.5,1.0,1.0,1.0,0.0666666666666666,1.3706666666666667,1.0,0.0,Tier_1,Salaried,4,0.695690045435608,63310.92,2811.56,6262.97,3121.7,12797.69,5613.31,13533.65,107451.8,9000.0,18548.2,7963.36,0.059,70213.96,16344.83,0.0,46955.7,48,0.437,1147.28,59096.55,0.0,0.0,1,0,202.8,0.9167,20579.92,9573.04,3980.75,0
236006,M,35.35934291581109,0,2.0,Married,Secondary / secondary special,House / apartment,Y,Y,112500.0,Commercial associate,3.058179329226557,Sales staff,Business Entity Type 3,Cash loans,178213.5,13918.5,144000.0,3.0,2.0,1.0,1100334.06,708516.0,0.0,0.0,0.0,0.0,0.0,16.0,143420.04,143420.04,0.0,16.0,0.0,0.0,0.0,1.0,1.0,2.0,2.0,0.0,131805.0,131805.0,12302.685,0.0,,,,,,,,,,19.0,180.0,94.5,0.0,0.0,0.0,0.12372,6.29792,1.0,0.0,Tier_1,Other,2,0.729259601127122,47844.6,2923.47,0.0,5155.41,11318.37,5562.24,8343.82,81147.91,13918.5,17433.59,7721.4,0.0686,210971.14,77330.09,0.0,40676.24,81,0.5013,0.0,0.0,0.0,0.0,0,0,0.0,0.0,18683.74,14430.63,-4876.13,2
303808,F,61.40451745379877,0,2.0,Married,Secondary / secondary special,House / apartment,N,Y,360000.0,Pensioner,,,XNA,Cash loans,1147500.0,77125.5,1147500.0,2.0,0.0,2.0,145719.0,0.0,0.0,0.0,0.0,0.0,0.0,56.0,2024043.705,2249652.51,4.0,52.0,4.0,4.0,225608.805,0.9285714285714286,1.1114643939963738,5.0,5.0,0.0,2275276.5,2275276.5,157340.025,5309.37,,,,,,,,,,55.0,575.0,367.0,0.0,0.0,0.0,0.2142375,0.0,1.0,0.0,Tier_3,Other,2,0.5810361587172945,143968.57,3938.35,0.0,13545.59,17441.55,15221.2,17468.06,211583.32,77125.5,71291.18,35783.98,0.0994,476822.29,75273.95,0.0,57100.81,54,0.2699,0.0,0.0,2313.55,0.0,1,0,252.35,0.8333,78850.23,29083.31,11608.64,0
414131,M,51.67967145790554,0,2.0,Married,Secondary / secondary special,House / apartment,N,Y,76500.0,Working,,Laborers,Business Entity Type 1,Cash loans,450000.0,20979.0,450000.0,,,,,,,,,,,6.0,61581.96000000001,61581.96000000001,0.0,6.0,0.0,0.0,0.0,1.0,1.0,2.0,2.0,0.0,102361.5,102361.5,12513.69,29115.0,0.0,0.0,135000.0,0.0,0.0,0.0,0.0,0.0,0.0,6.0,36.0,21.0,0.0,0.0,0.0,0.2742352941176471,,1.0,,Tier_3,Salaried,1,0.6271116885423332,33461.55,467.42,0.0,2439.79,4670.09,3063.99,2727.76,46830.6,20979.0,8690.4,3793.5,0.0496,82081.94,0.0,615.6,21875.81,16,0.4671,0.0,0.0,0.0,200.55,1,0,110.39,0.8333,7336.2,4100.58,1434.96,0
427003,M,39.66324435318276,0,2.0,Married,Higher education,House / apartment,N,Y,175500.0,Working,8.240930869267626,Managers,Business Entity Type 3,Cash loans,224149.5,24268.5,193500.0,12.0,2.0,10.0,1636226.01,164544.3,42878.7,0.0,0.0,0.0,0.0,24.0,232398.045,192819.195,9.0,15.0,16.833333333333332,28.0,-39578.850000000006,0.625,0.8296937050395583,5.0,4.0,0.0,196670.925,196670.925,28090.935,45000.0,,,,,,,,,,21.0,141.0,85.0,2.0,9.0,9.0,0.1382820512820513,0.9375743589743588,0.8,0.0,Tier_2,Salaried,2,0.6104097746545524,80198.37,1570.75,0.0,5800.05,8563.48,7051.98,29375.44,132560.07,24268.5,18671.43,10304.75,0.0587,87679.06,11561.72,0.0,53096.96,152,0.4006,1066.92,7196.58,0.0,677.41,0,1,136.6,0.8333,27932.62,10113.77,10938.1,0
127801,M,39.75906913073238,0,2.0,Married,Secondary / secondary special,House / apartment,N,Y,78750.0,Commercial associate,,Sales staff,Business Entity Type 1,Cash loans,414792.0,28188.0,315000.0,5.0,2.0,3.0,350575.875,255474.0,38.565,0.0,0.0,0.0,0.0,51.0,513199.035,485229.375,5.0,46.0,30.0,30.0,-27969.66,0.9019607843137256,0.9454993908942172,7.0,3.0,3.0,797859.0,606447.0,49221.63,4563.0,1305311.535,1305311.535,1260000.0,148716.0,62286.615,55860.84,11.905862,0.0,0.0,25.0,532.0,359.5,0.0,0.0,0.0,0.3579428571428571,3.2441142857142857,0.4285714285714285,0.0,Tier_2,Other,2,0.7275727508760993,36895.91,1056.19,0.0,5618.29,7651.16,4318.26,2502.9,58042.71,28188.0,0.0,0.0,0.0,0.0,0.0,0.0,33020.25,51,0.5689,0.0,0.0,0.0,0.0,1,0,139.83,0.75,-6194.06,5862.02,-15708.98,11
348898,M,54.62286105407255,0,2.0,Married,Secondary / secondary special,House / apartment,Y,N,112500.0,Working,4.1505817932922655,Core staff,Business Entity Type 3,Cash loans,202765.5,18594.0,184500.0,4.0,3.0,1.0,1592811.0,1350819.0,0.0,0.0,0.0,0.0,0.0,79.0,2229608.3400000003,2229608.3400000003,1.0,78.0,10.0,10.0,0.0,0.9873417721518988,1.0,19.0,8.0,2.0,2741845.5,1589006.25,130249.0575,5445.0,687310.83,693524.7,1215000.0,226350.0,159672.6,29196.8775,5.091191333333333,8.0,8.0,68.0,1109.6666666666667,879.5,0.0,0.0,0.0,0.16528,12.00728,0.4210526315789473,0.0,Tier_1,Salaried,2,0.6401890361158837,34143.54,7879.4,0.0,15977.63,8197.92,4098.79,4719.88,75017.16,18594.0,18888.84,10712.62,0.0952,404728.46,99878.35,0.0,44941.54,258,0.5991,0.0,0.0,739.1,0.0,0,1,136.52,1.0,16584.28,9143.47,-6404.01,1
435893,F,28.605065023956197,1,3.0,Married,Secondary / secondary special,House / apartment,N,N,112500.0,State servant,3.342915811088296,,Business Entity Type 3,Cash loans,900000.0,26316.0,900000.0,6.0,1.0,5.0,898812.0,0.0,0.0,0.0,0.0,0.0,0.0,33.0,273295.26,273295.26,0.0,33.0,0.0,0.0,0.0,1.0,1.0,7.0,3.0,2.0,1322365.5,1322365.5,84533.48999999999,5094.0,,,,,,,,,,35.0,303.0,156.91666666666666,0.0,0.0,0.0,0.23392,0.0,0.4285714285714285,0.0,Tier_2,Salaried,4,0.6082060136916148,33485.72,10791.47,1284.11,10819.36,6771.54,5270.97,6805.98,75229.15,26316.0,10954.85,4610.38,0.041,11931.85,0.0,0.0,29400.59,108,0.3908,664.33,15355.28,0.0,687.85,0,0,0.0,0.0,11168.01,7022.04,-536.65,1
367309,M,33.08145106091718,0,1.0,Single / not married,Secondary / secondary special,With parents,N,N,234000.0,Commercial associate,3.277207392197125,Security staff,Security,Cash loans,134775.0,12361.5,112500.0,12.0,6.0,6.0,793560.24,-174.465,4674.465,0.0,0.0,0.0,0.0,20.0,427996.35,427996.35,0.0,20.0,0.0,0.0,0.0,1.0,1.0,9.0,2.0,4.0,1258501.5,754319.25,52658.955,23670.0,,,,,,,,,,21.0,324.0,228.0,0.0,0.0,0.0,0.052826923076923,-0.0007455769230769,0.2222222222222222,0.0,Tier_3,Other,1,0.5389539731018284,81401.53,10050.82,0.0,5660.31,14892.14,7597.01,38720.54,158322.35,12361.5,63316.15,35818.54,0.1531,388460.8,0.0,5193.74,87809.92,353,0.5546,0.0,0.0,0.0,3995.66,0,0,0.0,0.0,57491.27,26579.18,17066.82,0
311682,F,31.813826146475016,0,1.0,Single / not married,Higher education,Office apartment,N,N,135000.0,Working,3.5290896646132786,Accountants,Business Entity Type 3,Revolving loans,270000.0,13500.0,270000.0,4.0,2.0,2.0,636016.5,16807.5,0.0,0.0,0.0,0.0,0.0,18.0,77030.28,63973.8,3.0,15.0,16.0,16.0,-13056.48,0.8333333333333334,0.8305019792216776,5.0,2.0,2.0,1128586.5,1003988.25,38058.9975,10332.0,,,,,,,,,,18.0,144.0,84.5,0.0,0.0,0.0,0.1,0.1245,0.4,0.0,Tier_1,Salaried,2,0.7905107928559783,59869.17,16612.83,0.0,4423.65,8836.61,7349.96,8055.31,105147.53,13500.0,16352.47,9056.31,0.0671,234719.47,0.0,0.0,56463.57,76,0.537,2079.49,35974.26,847.98,0.0,0,0,0.0,0.0,20521.11,7479.53,6209.34,0
447124,M,44.56673511293634,1,3.0,Married,Secondary / secondary special,House / apartment,N,Y,225000.0,Commercial associate,7.17864476386037,Managers,Security,Cash loans,921330.0,47173.5,823500.0,10.0,4.0,6.0,9035632.26,5572071.0,450000.0,0.0,0.0,0.0,0.0,78.0,1475540.505,1475540.505,1.0,77.0,7.0,7.0,0.0,0.9871794871794872,1.0,7.0,4.0,1.0,1950129.0,1950129.0,137630.52000000002,20034.0,3711444.75,4640068.485,4875000.0,565497.45,738033.705,176375.715,9.405948366666664,0.0,0.0,31.0,305.0,166.5,0.0,0.0,0.0,0.20966,24.76476,0.5714285714285714,0.0,Tier_3,Other,3,0.6971031272087924,69834.13,1816.4,13521.21,30499.11,22807.25,18370.1,14727.92,171576.12,47173.5,6250.38,2885.65,0.0128,13068.11,0.0,0.0,67557.96,129,0.3937,0.0,0.0,0.0,424.19,1,0,363.11,0.9167,8357.22,23142.63,-28607.04,3
158531,F,59.10746064339494,0,2.0,Married,Secondary / secondary special,House / apartment,N,Y,112500.0,Pensioner,,,XNA,Cash loans,263686.5,15268.5,238500.0,2.0,1.0,1.0,720000.0,184594.5,0.0,0.0,0.0,0.0,0.0,25.0,807276.78,807276.78,0.0,25.0,0.0,0.0,0.0,1.0,1.0,15.0,4.0,3.0,1958755.5,829533.0,77535.945,15997.05,,,,,,,,,,32.0,400.1666666666667,310.1666666666667,0.0,0.0,0.0,0.13572,1.64084,0.2666666666666666,0.0,Tier_2,Other,2,0.674834068090898,47940.52,1232.75,0.0,3677.83,12040.44,8274.5,8706.36,81872.4,15268.5,15359.1,3279.94,0.0292,59016.66,0.0,0.0,31376.39,75,0.3832,783.69,33495.79,474.51,0.0,0,0,0.0,0.0,10358.28,13521.78,-16739.27,2
343539,F,36.50650239561944,0,1.0,Single / not married,Secondary / secondary special,House / apartment,N,Y,180000.0,Working,5.971252566735113,Laborers,Business Entity Type 3,Cash loans,835380.0,35523.0,675000.0,5.0,1.0,4.0,1716142.5,474157.215,0.0,0.0,0.0,0.0,0.0,34.0,286109.91000000003,218873.7,10.0,24.0,147.0,175.0,-67236.21,0.7058823529411765,0.7649986678196501,4.0,2.0,0.0,205947.0,205947.0,13811.13,0.0,,,,,,,,,,27.0,415.0,280.5,3.0,4.0,2.0,0.19735,2.63420675,0.5,0.0,Tier_3,Salaried,1,0.6217602347778904,71454.23,1666.98,0.0,8114.7,11158.37,12506.33,8008.54,112909.15,35523.0,31567.85,12764.69,0.0709,549029.32,0.0,0.0,43507.4,87,0.3853,0.0,0.0,0.0,0.0,1,0,258.37,1.0,34190.16,16010.19,36.13,0
120849,F,27.74811772758385,1,3.0,Civil marriage,Higher education,House / apartment,N,Y,99000.0,Working,4.041067761806982,Core staff,Business Entity Type 2,Cash loans,251280.0,12960.0,180000.0,11.0,3.0,8.0,1150923.78,298736.055,0.0,0.0,0.0,0.0,0.0,29.0,654490.485,586989.045,8.0,21.0,14.0,14.0,-67501.44,0.7241379310344828,0.8968641385214333,1.0,1.0,0.0,433813.5,433813.5,16875.36,48204.0,,,,,,,,,,26.0,606.5,433.3333333333333,0.0,0.0,0.0,0.1309090909090909,3.017535909090909,1.0,0.0,Tier_2,Salaried,3,0.7964175098436436,38631.96,876.17,6045.0,4527.02,20282.1,8483.07,3218.78,82064.1,12960.0,3975.9,1695.84,0.0171,28892.32,0.0,0.0,43154.15,191,0.5259,0.0,0.0,0.0,157.23,0,1,177.34,0.8333,6730.35,6011.41,-6038.96,2
373867,F,33.24845995893224,2,4.0,Married,Secondary / secondary special,House / apartment,N,Y,360000.0,Commercial associate,10.986995208761122,Sales staff,Business Entity Type 3,Cash loans,665325.0,61150.5,616500.0,3.0,2.0,1.0,484785.72,288994.5,37328.4,0.0,0.0,0.0,0.0,154.0,6389260.425,5164997.984999999,46.0,108.0,262.8,484.0,-1224262.44,0.7012987012987013,0.8083874566750031,10.0,8.0,0.0,3852814.5,3852814.5,298176.93,17612.64,,,,,,,,,,126.0,1172.5833333333333,609.9833333333333,10.0,48.0,48.0,0.1698625,0.8027625,0.8,0.0,Tier_2,Other,4,0.6681094282272418,179190.5,5847.49,12407.6,11151.3,19250.06,12672.46,24540.9,265060.31,61150.5,33789.19,18401.7,0.0511,86728.53,11794.26,0.0,133818.23,546,0.5049,2896.95,165734.85,0.0,992.1,0,0,0.0,0.0,38287.22,40986.89,-50676.22,1
436247,M,54.68583162217659,0,2.0,Married,Higher education,House / apartment,Y,N,225000.0,Commercial associate,8.435318275154003,Drivers,Self-employed,Cash loans,1237500.0,64206.0,1237500.0,2.0,0.0,2.0,2750017.5,0.0,0.0,0.0,0.0,0.0,0.0,92.0,3520118.745,3520118.745,0.0,92.0,0.0,0.0,0.0,1.0,1.0,10.0,7.0,0.0,2914987.5,1719850.5,125401.29750000002,22500.0,1697008.7025,1709300.835,1980000.0,647645.67,236151.0,60628.215,3.4283004090909097,0.0,0.0,85.0,1333.5,788.25,0.0,0.0,0.0,0.28536,0.0,0.7,0.0,Tier_3,Other,2,0.5972922210501231,69564.67,11578.77,0.0,11603.64,16725.8,14874.8,16074.93,140422.61,64206.0,20371.39,8054.22,0.0358,250201.22,0.0,0.0,60626.98,89,0.4317,0.0,0.0,0.0,0.0,0,0,0.0,0.0,10175.27,21418.92,-34929.05,4
169900,F,58.49965776865161,1,3.0,Married,Higher education,House / apartment,N,Y,189000.0,Working,,Medicine staff,Other,Cash loans,808650.0,23305.5,675000.0,11.0,4.0,7.0,5515384.5,3211713.0,0.0,0.0,0.0,0.0,0.0,9.0,77703.66,77703.66,0.0,9.0,0.0,0.0,0.0,1.0,1.0,2.0,1.0,0.0,70065.0,70065.0,7784.235,7785.0,,,,,,,,,,10.0,81.0,42.0,0.0,0.0,0.0,0.1233095238095238,16.993190476190478,0.5,0.0,Tier_2,Salaried,3,0.6965765644575914,69221.2,3840.52,10289.89,17550.87,23513.89,7236.6,8187.83,139840.8,23305.5,25853.7,11152.72,0.059,89093.35,10505.21,635.89,76841.34,67,0.5495,964.88,38820.19,0.0,0.0,1,0,199.91,0.9167,26817.25,14503.33,-7908.24,1
349005,F,36.54757015742642,1,3.0,Married,Secondary / secondary special,House / apartment,N,Y,112500.0,Working,2.976043805612594,Sales staff,Trade: type 3,Cash loans,755190.0,35122.5,675000.0,5.0,1.0,4.0,456016.5,131670.0,0.0,0.0,0.0,0.0,0.0,19.0,240416.055,240416.055,0.0,19.0,0.0,0.0,0.0,1.0,1.0,2.0,2.0,0.0,385312.5,385312.5,24461.235,0.0,,,,,,,,,,21.0,324.0,225.5,0.0,0.0,0.0,0.3122,1.1704,1.0,0.0,Tier_1,Salaried,3,0.7417946595433388,49451.14,2058.79,7888.51,6764.87,11354.56,5934.03,4715.72,88167.62,35122.5,0.0,0.0,0.0,0.0,0.0,0.0,42548.05,56,0.4826,0.0,0.0,0.0,0.0,0,0,0.0,0.0,-12231.65,6983.22,-26918.59,12
343929,F,51.64681724845996,0,2.0,Married,Secondary / secondary special,House / apartment,N,Y,112500.0,Working,3.983572895277208,Sales staff,Self-employed,Cash loans,666000.0,25938.0,666000.0,7.0,4.0,3.0,1626390.0,819808.605,13500.0,0.0,0.0,0.0,0.0,45.0,904469.265,1274684.22,2.0,43.0,15.0,15.0,370214.955,0.9555555555555556,1.4093173414798124,13.0,2.0,8.0,2997450.0,1883670.0,89636.43,0.0,1055793.9675,1286013.465,3240000.0,360900.0,402950.835,43072.4475,5.865522041666667,0.0,0.0,9.0,216.0,180.0,0.0,0.0,0.0,0.23056,7.2871876,0.1538461538461538,0.0,Tier_3,Salaried,2,0.5708268956762513,36358.1,1209.36,0.0,5850.26,8600.54,7980.31,8263.61,68262.18,25938.0,18299.82,10282.25,0.0914,366137.11,0.0,0.0,28962.47,34,0.4243,0.0,0.0,1503.85,0.0,1,0,271.81,1.0,16708.63,6751.35,4209.5,0
149876,F,38.43394934976044,0,2.0,Married,Secondary / secondary special,House / apartment,N,N,81000.0,Commercial associate,8.292950034223136,Sales staff,Business Entity Type 3,Cash loans,153310.5,12420.0,139500.0,8.0,2.0,6.0,3815556.66,0.0,0.0,0.0,0.0,0.0,0.0,12.0,123159.645,123159.645,0.0,12.0,0.0,0.0,0.0,1.0,1.0,3.0,2.0,0.0,273888.0,264294.0,17352.0,1980.0,,,,,,,,,,13.0,189.0,156.5,0.0,0.0,0.0,0.1533333333333333,0.0,0.6666666666666666,0.0,Tier_1,Other,2,0.7442393361549072,37061.78,5403.81,0.0,3265.11,5865.31,3119.51,3049.54,57765.06,12420.0,10814.94,4198.81,0.0518,85713.65,0.0,0.0,9072.22,17,0.1571,1100.48,41213.58,0.0,0.0,0,0,0.0,0.0,9129.89,8848.34,-6697.2,2
220974,F,27.38398357289528,1,3.0,Married,Secondary / secondary special,House / apartment,N,N,90000.0,Working,5.700205338809035,Sales staff,Trade: type 7,Cash loans,49500.0,5458.5,49500.0,,,,,,,,,,,64.0,1318709.925,1233754.83,7.0,57.0,23.0,23.0,-84955.095,0.890625,0.9355771171586504,10.0,8.0,1.0,1909557.0,1580940.0,124847.7975,50530.5,0.0,0.0,1485000.0,0.0,0.0,0.0,0.0,0.0,0.0,66.0,664.0,444.1666666666667,0.0,0.0,0.0,0.06065,,0.8,,Tier_2,Salaried,3,0.6785258511039457,27922.0,4587.5,2684.37,12926.82,9969.67,2976.97,7682.3,68749.63,5458.5,15791.87,8043.55,0.0894,263441.3,34253.87,0.0,47737.31,310,0.6944,0.0,0.0,905.41,0.0,1,0,204.57,0.9167,14121.2,6387.06,4789.14,0
334207,F,44.61327857631759,0,2.0,Married,Secondary / secondary special,House / apartment,Y,Y,135000.0,Commercial associate,3.972621492128679,Sales staff,Self-employed,Cash loans,301500.0,35910.0,301500.0,8.0,1.0,7.0,1010808.765,39361.5,0.0,0.0,0.0,0.0,0.0,11.0,138098.61000000002,138098.61000000002,0.0,11.0,0.0,0.0,0.0,1.0,1.0,2.0,2.0,0.0,198769.5,198769.5,24966.27,0.0,,,,,,,,,,12.0,96.0,67.5,0.0,0.0,0.0,0.266,0.2915666666666666,1.0,0.0,Tier_1,Other,2,0.7551695913335651,64531.58,2964.5,0.0,6879.45,12228.05,8564.04,7731.4,102899.02,35910.0,0.0,0.0,0.0,0.0,0.0,0.0,39920.03,82,0.388,0.0,0.0,0.0,0.0,0,0,0.0,0.0,-18801.41,18184.89,-54697.36,9
360242,F,51.31279945242984,0,1.0,Separated,Secondary / secondary special,House / apartment,N,Y,81000.0,Working,,Cleaning staff,Industry: type 11,Revolving loans,247500.0,12375.0,247500.0,6.0,1.0,5.0,1664994.42,0.0,0.0,0.0,0.0,0.0,0.0,19.0,75905.05500000001,60262.380000000005,6.0,13.0,254.0,254.0,-15642.675,0.6842105263157895,0.7939178754300356,2.0,2.0,0.0,182448.0,182448.0,16948.8,3015.0,,,,,,,,,,25.0,232.0,62.5,7.0,714.0,0.0,0.1527777777777778,0.0,1.0,0.0,Tier_3,Salaried,1,0.6117443432374646,32198.8,715.51,0.0,2766.47,8285.17,2938.14,9831.33,56735.42,12375.0,11889.58,4394.77,0.0543,23182.41,0.0,0.0,34828.51,137,0.6139,1142.99,5915.55,0.0,542.75,1,0,77.42,0.9167,13681.82,5715.99,1903.46,0
178543,F,42.40383299110199,1,3.0,Married,Secondary / secondary special,House / apartment,N,Y,117000.0,Working,4.596851471594798,Core staff,Kindergarten,Cash loans,288873.0,16713.0,238500.0,,,,,,,,,,,20.0,191665.935,191665.935,0.0,20.0,0.0,0.0,0.0,1.0,1.0,1.0,1.0,0.0,155727.0,155727.0,8046.405,0.0,,,,,,,,,,21.0,404.0,236.0,0.0,0.0,0.0,0.1428461538461538,,1.0,,Tier_2,Salaried,2,0.6151969529008808,46566.12,1903.13,3499.28,3012.28,12289.56,4707.66,25751.23,97729.26,16713.0,2557.74,1415.78,0.0121,13126.76,0.0,0.0,55470.03,61,0.5676,362.29,15858.47,0.0,0.0,1,0,269.47,0.8333,643.98,7743.17,-13316.98,5
337443,F,49.49486652977413,0,2.0,Married,Secondary / secondary special,House / apartment,N,Y,90000.0,Working,,,Housing,Cash loans,877500.0,29128.5,877500.0,2.0,0.0,2.0,70900.875,0.0,0.0,0.0,0.0,0.0,0.0,27.0,174973.365,136090.395,7.0,20.0,12.5,14.0,-38882.97,0.7407407407407407,0.7777777777777778,2.0,1.0,1.0,240435.0,240435.0,14904.63,0.0,,,,,,,,,,21.0,312.0,205.16666666666663,0.0,0.0,0.0,0.32365,0.0,0.5,0.0,Tier_1,Salaried,3,0.7626342382978639,37278.94,1562.32,0.0,6231.98,10566.93,9826.16,1813.97,67280.3,29128.5,0.0,0.0,0.0,0.0,0.0,0.0,20665.46,38,0.3072,0.0,0.0,0.0,0.0,1,0,106.06,1.0,-7827.54,5391.58,-14663.81,11
150808,M,28.246406570841888,0,2.0,Married,Higher education,House / apartment,Y,Y,112500.0,Working,9.404517453798768,Laborers,Business Entity Type 3,Cash loans,835380.0,40320.0,675000.0,,,,,,,,,,,10.0,204944.22,204944.22,1.0,9.0,4.0,4.0,0.0,0.9,1.0,2.0,2.0,0.0,180693.0,180693.0,38241.0,19440.0,,,,,,,,,,13.0,76.0,41.0,1.0,3.0,3.0,0.3584,,1.0,,Tier_1,Salaried,2,0.720618745094895,47037.97,1765.97,0.0,4825.89,14804.59,5804.8,6251.36,80490.58,40320.0,0.0,0.0,0.0,0.0,0.0,0.0,48544.61,147,0.6031,0.0,0.0,0.0,0.0,0,0,0.0,0.0,-11385.63,8207.33,-22464.02,10
327130,F,52.733744010951405,0,2.0,Married,Higher education,House / apartment,N,Y,900000.0,Pensioner,,,XNA,Cash loans,1574532.0,62572.5,1350000.0,2.0,2.0,0.0,382500.0,0.0,0.0,0.0,0.0,0.0,0.0,20.0,794039.76,880661.205,0.0,20.0,0.0,0.0,86621.445,1.0,1.1090895561703358,4.0,2.0,1.0,2156143.5,2156143.5,126818.82,96426.0,,,,,,,,,,20.0,204.0,119.0,0.0,0.0,0.0,0.069525,0.0,0.5,0.0,Tier_3,Other,2,0.607283454974142,344109.57,7674.09,0.0,46269.94,43366.13,29363.65,38140.86,508924.24,62572.5,328503.26,114691.78,0.1274,404350.25,72697.61,0.0,159843.09,348,0.3141,0.0,0.0,0.0,0.0,1,0,1651.35,0.9167,367265.1,85911.15,250581.97,0
154437,F,40.31759069130732,0,2.0,Married,Incomplete higher,House / apartment,N,Y,225000.0,Commercial associate,5.650924024640657,Sales staff,Business Entity Type 3,Revolving loans,675000.0,33750.0,675000.0,,,,,,,,,,,52.0,1046478.645,925394.67,9.0,43.0,73.0,111.0,-121083.97500000003,0.8269230769230769,0.8842938882904773,5.0,4.0,1.0,791743.5,494124.75,55924.1775,44334.0,,,,,,,,,,48.0,605.0,277.1666666666667,4.0,57.0,29.0,0.15,,0.8,,Tier_2,Other,2,0.7037408150599126,111720.79,1846.64,0.0,7743.13,13492.82,8791.52,23764.39,167359.29,33750.0,23890.71,14331.82,0.0637,496643.2,0.0,0.0,83011.35,239,0.496,0.0,0.0,0.0,0.0,0,0,0.0,0.0,23030.22,27108.0,-36077.13,2
291880,F,38.338124572210816,1,3.0,Married,Secondary / secondary special,House / apartment,N,N,180000.0,Commercial associate,8.722792607802875,Laborers,Other,Cash loans,1256400.0,36864.0,900000.0,3.0,2.0,1.0,6304500.0,5554246.5,0.0,0.0,0.0,0.0,0.0,40.0,251537.535,229496.67,5.0,35.0,29.0,29.0,-22040.865,0.875,0.912375443291197,9.0,6.0,2.0,296343.0,231592.5,27536.6025,103725.0,0.0,0.0,540000.0,0.0,0.0,0.0,0.0,0.0,0.0,39.0,289.5,160.83333333333334,0.0,0.0,0.0,0.2048,30.856925,0.6666666666666666,0.0,Tier_2,Other,3,0.6843103041188525,61182.29,10296.43,6790.37,14492.07,21304.37,9110.32,9211.44,132387.29,36864.0,10748.71,5570.19,0.0309,151042.42,0.0,498.78,45973.45,460,0.3473,1238.18,22788.61,959.93,301.05,1,0,429.63,1.0,11835.21,17883.47,-14220.32,3
164667,F,64.8788501026694,0,2.0,Married,Secondary / secondary special,House / apartment,N,N,67500.0,Pensioner,,,XNA,Cash loans,296280.0,12550.5,225000.0,1.0,0.0,1.0,225000.0,0.0,0.0,0.0,0.0,0.0,0.0,133.0,231623.235,231623.235,0.0,133.0,0.0,0.0,0.0,1.0,1.0,,,,,,,,887241.32025,1785635.595,3035625.0,0.0,219870.0,78128.205,9.582860866666667,0.0,0.0,,,,,,,0.1859333333333333,0.0,,0.0,Tier_1,Other,2,0.6971019043163148,20302.56,5834.17,0.0,2922.45,10034.42,3620.48,2495.62,45209.7,12550.5,9739.8,6455.52,0.0956,50953.63,0.0,0.0,24922.83,26,0.5513,0.0,0.0,0.0,411.91,0,0,0.0,0.0,8700.28,6742.72,-4861.53,2
244359,F,41.30869267624914,0,2.0,Civil marriage,Secondary / secondary special,Municipal apartment,N,Y,225000.0,Commercial associate,,Sales staff,Self-employed,Revolving loans,630000.0,31500.0,630000.0,3.0,0.0,3.0,1759590.0,0.0,0.0,0.0,0.0,0.0,0.0,96.0,1309547.745,1299893.76,0.0,96.0,0.0,0.0,-9653.985,1.0,0.9926280007454024,7.0,4.0,2.0,2903404.5,2700904.5,115579.665,0.0,2611550.385,2731176.675,5557500.0,184534.335,334997.01,132393.1275,12.566252883333334,0.0,0.0,43.0,1731.0,1188.3333333333333,0.0,0.0,0.0,0.14,0.0,0.5714285714285714,0.0,Tier_1,Other,2,0.7342819714251383,77191.75,6179.2,0.0,13490.47,34358.35,26483.69,18804.31,176507.77,31500.0,16992.23,5768.24,0.0256,71668.85,22567.75,0.0,110889.15,63,0.6282,0.0,0.0,0.0,356.96,0,0,0.0,0.0,22151.55,26571.81,-28929.22,2
205201,F,33.927446954141,0,2.0,Married,Secondary / secondary special,House / apartment,N,N,112500.0,Working,4.542094455852156,Accountants,Restaurant,Cash loans,414792.0,22500.0,315000.0,3.0,1.0,2.0,298017.0,203188.5,0.0,0.0,0.0,0.0,0.0,17.0,681613.2,671197.23,2.0,15.0,26.0,26.0,-10415.969999999998,0.8823529411764706,0.9847186498148804,3.0,3.0,0.0,632407.5,632407.5,34642.35,2430.0,,,,,,,,,,20.0,252.0,179.0,2.0,21.0,21.0,0.2,1.80612,1.0,0.0,Tier_2,Salaried,2,0.7003057729153223,39678.9,8983.44,0.0,3394.44,11588.57,4928.97,5337.92,73912.24,22500.0,16087.76,5409.74,0.0481,169810.5,0.0,550.94,29992.19,53,0.4058,1524.6,68263.19,0.0,0.0,1,0,134.03,1.0,17932.65,9606.85,-3192.96,1
454832,M,35.73990417522245,1,2.0,Widow,Secondary / secondary special,House / apartment,N,N,157500.0,Commercial associate,,High skill tech staff,Business Entity Type 3,Cash loans,67765.5,7794.0,58500.0,13.0,3.0,10.0,2900193.39,90207.0,1282090.5,0.0,0.0,0.0,1.0,21.0,91462.005,91462.005,0.0,21.0,0.0,0.0,0.0,1.0,1.0,5.0,5.0,0.0,239494.5,206041.5,18567.9,23572.17,0.0,0.0,368035.7142857143,0.0,0.0,0.0,0.0,0.0,0.0,26.0,140.0,87.0,0.0,0.0,0.0,0.0494857142857142,0.5727428571428571,1.0,0.0,Tier_1,Other,3,0.7461054759233746,68510.2,10825.58,6533.14,11415.13,9935.06,10292.5,4228.63,121740.24,7794.0,27965.76,17361.0,0.1102,131738.08,0.0,0.0,51642.4,60,0.4242,0.0,0.0,0.0,0.0,1,0,230.72,0.9167,27655.2,22826.89,-18738.7,1
419999,F,37.42915811088296,0,1.0,Single / not married,Secondary / secondary special,House / apartment,N,N,135000.0,Working,,Core staff,Self-employed,Cash loans,521280.0,40932.0,450000.0,11.0,1.0,10.0,2253063.42,262512.0,0.0,0.0,0.0,0.0,0.0,8.0,166654.665,166654.665,0.0,8.0,0.0,0.0,0.0,1.0,1.0,2.0,1.0,1.0,377302.5,377302.5,28003.275,0.0,,,,,,,,,,10.0,88.0,52.0,0.0,0.0,0.0,0.3032,1.9445333333333328,0.5,0.0,Tier_1,Salaried,1,0.6266172179634848,43298.7,16824.56,0.0,2292.27,7932.0,4115.05,20778.08,95240.66,40932.0,0.0,0.0,0.0,0.0,0.0,0.0,55962.61,95,0.5876,0.0,0.0,0.0,0.0,1,0,99.23,1.0,-2918.0,9034.45,-18408.69,7
213169,F,41.492128678986994,2,4.0,Married,Secondary / secondary special,House / apartment,N,Y,72000.0,Working,3.5345653661875427,Laborers,Industry: type 3,Cash loans,355536.0,18153.0,270000.0,12.0,2.0,10.0,599589.405,0.0,135000.0,0.0,0.0,0.0,0.0,47.0,2522096.37,2522096.37,0.0,47.0,0.0,0.0,0.0,1.0,1.0,9.0,6.0,0.0,2155081.5,2022531.75,117438.705,6459.75,0.0,0.0,1620000.0,0.0,0.0,0.0,0.0,0.0,0.0,51.0,745.0,478.1666666666667,0.0,0.0,0.0,0.252125,0.0,0.6666666666666666,0.0,Tier_1,Salaried,3,0.777416564608934,27319.53,1415.22,6277.56,2944.01,9566.91,8450.76,1727.29,57701.28,18153.0,0.0,0.0,0.0,0.0,0.0,0.0,35099.21,49,0.6083,0.0,0.0,0.0,0.0,1,1,321.75,0.8333,-4631.05,4305.87,-10809.36,8
355800,M,35.22245037645448,2,4.0,Married,Higher education,House / apartment,Y,Y,270000.0,Commercial associate,,Laborers,Business Entity Type 3,Cash loans,521280.0,31630.5,450000.0,4.0,2.0,2.0,738000.0,365139.0,0.0,0.0,0.0,0.0,0.0,11.0,196286.85,178450.875,2.0,9.0,3.0,3.0,-17835.975,0.8181818181818182,0.9091331130944332,1.0,1.0,0.0,151843.5,151843.5,17846.1,15745.5,,,,,,,,,,10.0,80.0,44.0,0.0,0.0,0.0,0.11715,1.3523666666666667,1.0,0.0,Tier_2,Other,5,0.6657287721396139,93847.52,4765.47,14284.51,28404.78,26782.52,11661.96,13890.29,193637.05,31630.5,44732.45,29268.01,0.1084,956661.16,306895.06,0.0,48922.8,79,0.2527,0.0,0.0,3664.43,0.0,0,0,0.0,0.0,47155.78,33478.7,2083.01,0
367693,F,40.139630390143736,1,3.0,Civil marriage,Secondary / secondary special,House / apartment,N,Y,54000.0,Working,10.455852156057494,Sales staff,Trade: type 7,Revolving loans,202500.0,10125.0,202500.0,4.0,0.0,4.0,580522.5,0.0,0.0,0.0,0.0,0.0,0.0,60.0,312612.93,238268.205,21.0,39.0,273.0,377.0,-74344.725,0.65,0.7621828214207264,3.0,3.0,0.0,215050.5,215050.5,18412.785,23130.0,,,,,,,,,,42.0,594.6666666666666,338.6666666666667,17.0,120.0,0.0,0.1875,0.0,1.0,0.0,Tier_1,Salaried,4,0.7611569592583657,27861.99,370.83,2607.59,4078.14,3652.71,2531.2,5144.24,46246.7,10125.0,0.0,0.0,0.0,0.0,0.0,0.0,32377.45,104,0.7001,0.0,0.0,0.0,0.0,0,1,126.51,1.0,-4602.39,6981.58,-16021.35,9
257742,F,52.53388090349076,0,2.0,Married,Secondary / secondary special,House / apartment,N,N,157500.0,State servant,23.23340177960301,Accountants,Government,Cash loans,225000.0,18040.5,225000.0,3.0,2.0,1.0,1080000.0,388566.0,0.0,0.0,0.0,0.0,0.0,20.0,221428.8,221428.8,0.0,20.0,0.0,0.0,0.0,1.0,1.0,3.0,3.0,0.0,391207.5,391207.5,24395.22,33705.0,0.0,0.0,1390500.0,0.0,0.0,0.0,0.0,0.0,0.0,21.0,251.0,175.5,0.0,0.0,0.0,0.1145428571428571,2.467085714285714,1.0,0.0,Tier_3,Salaried,3,0.6442637487363448,65690.34,3596.76,0.0,11077.68,9003.74,6812.83,16778.99,112960.34,18040.5,26499.16,13301.27,0.0845,195091.06,0.0,1207.65,49220.67,52,0.4357,3022.88,37845.08,0.0,0.0,0,1,148.56,0.75,24751.87,13163.0,6576.47,0
190260,M,40.73648186173853,2,4.0,Married,Higher education,House / apartment,Y,N,270000.0,State servant,,Laborers,University,Cash loans,675000.0,21775.5,675000.0,18.0,6.0,12.0,5403315.15,2006950.5,79524.0,0.0,0.0,0.0,0.0,6.0,17296.065000000002,17296.065000000002,0.0,6.0,0.0,0.0,0.0,1.0,1.0,3.0,1.0,2.0,3164134.5,3164134.5,94988.025,1570.5,,,,,,,,,,7.0,42.0,21.0,0.0,0.0,0.0,0.08065,7.43315,0.3333333333333333,0.0,Tier_3,Salaried,5,0.701721530695234,104259.36,11677.0,16795.56,6461.21,26909.34,23362.35,14376.63,203841.45,21775.5,44383.05,17188.99,0.0637,328437.15,62391.98,0.0,100792.94,212,0.4945,3321.5,132036.57,0.0,0.0,0,0,0.0,0.0,47850.95,20754.81,18140.47,0
386447,F,61.19096509240247,1,3.0,Married,Secondary / secondary special,House / apartment,N,Y,180000.0,Pensioner,,,XNA,Cash loans,1092190.5,48852.0,927000.0,10.0,5.0,5.0,4970419.5600000005,2582955.0,0.0,0.0,0.0,0.0,0.0,18.0,226785.915,226785.915,0.0,18.0,0.0,0.0,0.0,1.0,1.0,3.0,2.0,0.0,187254.0,187254.0,20689.2,19948.5,,,,,,,,,,20.0,222.0,131.5,0.0,0.0,0.0,0.2714,14.34975,0.6666666666666666,0.0,Tier_1,Other,3,0.6728368717085257,72557.13,3887.12,5953.92,4695.1,18504.35,15513.01,26570.03,147680.66,48852.0,0.0,0.0,0.0,0.0,0.0,0.0,93118.55,174,0.6305,0.0,0.0,0.0,0.0,1,1,635.26,1.0,-11551.61,17888.62,-39098.34,9
339641,M,36.375085557837096,0,1.0,Single / not married,Secondary / secondary special,House / apartment,N,Y,270000.0,Working,3.542778918548939,High skill tech staff,Self-employed,Cash loans,472500.0,29034.0,472500.0,4.0,1.0,3.0,571563.0,206091.0,0.0,0.0,0.0,0.0,0.0,47.0,869711.8049999999,775301.445,7.0,40.0,34.0,34.0,-94410.36,0.851063829787234,0.8914463855069784,7.0,4.0,2.0,1139522.58,1139522.58,77033.07,45000.0,,,,,,,,,,45.0,576.0,344.0,0.0,0.0,0.0,0.1075333333333333,0.7633,0.5714285714285714,0.0,Tier_2,Salaried,1,0.5366369946873197,78007.23,2527.94,0.0,23964.18,20678.33,9336.74,18761.67,153276.09,29034.0,87689.91,30156.86,0.1117,1155685.76,0.0,0.0,71621.9,70,0.4673,0.0,0.0,0.0,0.0,1,0,224.7,0.75,98034.46,28896.23,62670.15,0
238002,F,52.22450376454484,1,3.0,Married,Secondary / secondary special,House / apartment,N,Y,112500.0,Pensioner,,,XNA,Cash loans,675000.0,19737.0,675000.0,3.0,2.0,1.0,1022970.24,861129.0,0.0,0.0,0.0,0.0,0.0,56.0,936394.065,812655.945,18.0,38.0,283.0,339.0,-123738.12,0.6785714285714286,0.8678567874092622,4.0,3.0,1.0,672111.0,672111.0,38476.62,3150.0,,,,,,,,,,90.0,1188.6666666666667,847.1666666666666,56.0,8403.0,6.0,0.17544,7.65448,0.75,0.0,Tier_2,Other,2,0.6932050543717089,38610.89,2464.13,3173.32,17143.53,11072.21,5521.48,13129.55,91115.11,19737.0,1647.89,779.49,0.0069,4463.65,447.18,0.0,48684.64,88,0.5343,0.0,0.0,88.9,0.0,0,1,242.89,0.75,7454.39,12362.82,-10720.3,4
389650,M,33.752224503764545,0,2.0,Married,Secondary / secondary special,House / apartment,N,N,202500.0,Working,,Laborers,Business Entity Type 3,Cash loans,542295.0,42975.0,490500.0,,,,,,,,,,,12.0,149474.385,137195.145,1.0,11.0,4.0,4.0,-12279.24,0.9166666666666666,0.9178505400774852,3.0,3.0,0.0,278145.0,278145.0,44529.21,0.0,,,,,,,,,,12.0,110.0,57.5,0.0,0.0,0.0,0.2122222222222222,,1.0,,Tier_1,Salaried,3,0.7186422355819215,74717.17,19075.8,0.0,7428.17,18844.89,13422.98,2505.19,135994.2,42975.0,23530.8,14279.09,0.0705,149119.5,55770.74,776.2,41841.69,88,0.3077,0.0,0.0,0.0,0.0,0,0,0.0,0.0,34658.11,19452.12,258.19,0
275116,F,54.20123203285421,0,2.0,Married,Secondary / secondary special,House / apartment,N,N,90000.0,Commercial associate,5.642710472279261,,Self-employed,Cash loans,1006920.0,40063.5,900000.0,,,,,,,,,,,11.0,162835.38,162835.38,0.0,11.0,0.0,0.0,0.0,1.0,1.0,1.0,1.0,0.0,138780.0,138780.0,5243.13,0.0,,,,,,,,,,12.0,371.0,309.5,0.0,0.0,0.0,0.44515,,1.0,,Tier_2,Other,2,0.7835093990923541,40240.5,3256.24,0.0,7389.42,10374.6,5093.46,3305.46,69659.68,40063.5,0.0,0.0,0.0,0.0,0.0,0.0,24949.22,53,0.3582,0.0,0.0,0.0,0.0,0,0,0.0,0.0,-23433.29,4593.56,-31982.52,12
311124,F,40.00547570157426,1,3.0,Married,Secondary / secondary special,House / apartment,Y,Y,157500.0,Working,16.736481861738536,High skill tech staff,Business Entity Type 3,Cash loans,343800.0,16852.5,225000.0,12.0,2.0,10.0,585948.51,0.0,49500.0,0.0,0.0,0.0,0.0,133.0,2139701.22,1872213.705,17.0,116.0,108.5,121.0,-267487.515,0.8721804511278195,0.8749883803870523,10.0,5.0,5.0,2729304.0,2114145.75,134862.7425,8062.5,3557227.25625,4458208.365,9900000.0,689671.665,256222.935,159260.205,7.904949458333333,0.0,0.0,70.0,852.5,469.0833333333333,3.0,40.0,40.0,0.107,0.0,0.5,0.0,Tier_2,Salaried,3,0.6206522336268568,50238.89,2058.51,12000.15,12922.71,13754.64,6777.82,8652.46,106405.18,16852.5,34242.32,19521.03,0.1239,886347.43,249139.73,0.0,47706.45,178,0.4483,1681.62,74200.43,0.0,1027.07,1,0,114.82,0.75,31911.16,10071.09,11047.9,0
180644,F,29.319644079397676,0,2.0,Married,Incomplete higher,House / apartment,Y,Y,405000.0,State servant,3.236139630390144,Core staff,Government,Cash loans,948748.5,58171.5,868500.0,8.0,4.0,4.0,13573665.0,6219085.5,0.0,0.0,0.0,0.0,0.0,11.0,120937.095,120937.095,0.0,11.0,0.0,0.0,0.0,1.0,1.0,2.0,2.0,0.0,132313.5,66156.75,10653.0525,4050.0,,,,,,,,,,13.0,110.0,64.0,0.0,0.0,0.0,0.1436333333333333,15.355766666666666,1.0,0.0,Tier_2,Salaried,2,0.6190230362541076,138333.1,3306.09,0.0,23277.65,50792.09,23917.78,52716.82,292343.53,58171.5,54484.97,34061.96,0.0841,575345.69,0.0,2593.43,183792.62,322,0.6287,3369.48,178132.58,0.0,4328.84,0,0,0.0,0.0,34259.57,36378.57,-12760.98,3
186082,F,61.84804928131417,0,1.0,Widow,Secondary / secondary special,House / apartment,N,Y,90000.0,Pensioner,,,XNA,Cash loans,284400.0,10345.5,225000.0,6.0,1.0,5.0,452800.8,0.0,0.0,0.0,0.0,0.0,0.0,50.0,1027807.29,1324926.4049999998,0.0,50.0,0.0,0.0,297119.115,1.0,1.2890805678173385,6.0,4.0,0.0,1239367.5,798239.25,33145.065,0.0,,,,,,,,,,50.0,1344.0,1041.8333333333333,0.0,0.0,0.0,0.11495,0.0,0.6666666666666666,0.0,Tier_3,Other,1,0.6201817860131779,29248.37,1235.55,0.0,4603.35,6723.44,6049.74,7282.11,55142.56,10345.5,24511.94,11980.8,0.1331,440623.74,173383.41,0.0,26107.19,63,0.4734,0.0,0.0,0.0,0.0,1,0,124.42,0.75,20244.37,8312.73,-1049.23,1
243005,F,31.33196440793977,1,3.0,Married,Secondary / secondary special,House / apartment,Y,Y,270000.0,State servant,8.889801505817934,Core staff,Government,Cash loans,640080.0,29839.5,450000.0,4.0,2.0,2.0,281841.39,0.0,0.0,0.0,0.0,0.0,0.0,12.0,95814.36,79842.95999999999,7.0,5.0,44.5,52.0,-15971.4,0.4166666666666667,0.8333089111068528,2.0,2.0,0.0,136426.5,136426.5,15156.99,14008.5,,,,,,,,,,11.0,110.0,55.0,1.0,17.0,0.0,0.1105166666666666,0.0,1.0,0.0,Tier_2,Salaried,4,0.6753785006808964,97662.04,3483.25,8713.29,15310.67,34746.37,22436.58,25373.04,207725.24,29839.5,32435.26,14074.02,0.0521,197533.25,0.0,0.0,119441.67,383,0.575,0.0,0.0,0.0,0.0,0,0,0.0,0.0,20736.01,33806.05,-47492.05,3
264780,F,51.04175222450377,0,2.0,Married,Secondary / secondary special,House / apartment,N,Y,121500.0,State servant,11.60848733744011,,School,Cash loans,677664.0,29979.0,585000.0,6.0,5.0,1.0,2258765.1,1527835.5,0.0,0.0,0.0,0.0,0.0,16.0,174645.58500000002,174645.58500000002,0.0,16.0,0.0,0.0,0.0,1.0,1.0,2.0,2.0,0.0,156681.0,78340.5,11551.7475,4518.0,,,,,,,,,,17.0,134.0,73.0,0.0,0.0,0.0,0.2467407407407407,12.574777777777776,1.0,0.0,Tier_1,Salaried,2,0.6620867277093306,49983.0,2674.37,0.0,3505.15,10781.0,8453.4,6991.94,82388.86,29979.0,9132.14,3720.42,0.0306,19252.07,0.0,0.0,50464.76,152,0.6125,0.0,0.0,0.0,0.0,1,1,483.57,0.75,9151.53,5677.6,756.9,0
284062,M,38.76522929500342,1,2.0,Single / not married,Secondary / secondary special,House / apartment,N,Y,135000.0,Working,,Security staff,Business Entity Type 3,Cash loans,355536.0,19417.5,270000.0,4.0,1.0,3.0,988821.0,456889.5,0.0,0.0,0.0,0.0,0.0,16.0,288544.365,288544.365,0.0,16.0,0.0,0.0,0.0,1.0,1.0,3.0,2.0,0.0,256045.5,256045.5,27361.215,41260.5,,,,,,,,,,16.0,128.0,71.0,0.0,0.0,0.0,0.1438333333333333,3.3843666666666667,0.6666666666666666,0.0,Tier_3,Salaried,2,0.5119362509764278,33640.32,606.42,5155.8,15905.57,8063.39,5739.89,12520.97,81632.36,19417.5,33950.14,15776.68,0.1169,94919.36,0.0,0.0,43640.82,58,0.5346,0.0,0.0,0.0,1048.7,0,0,0.0,0.0,30072.79,8870.86,11309.44,0
173353,M,49.987679671457904,0,2.0,Civil marriage,Secondary / secondary special,House / apartment,N,N,202500.0,Commercial associate,14.713210130047912,Laborers,Industry: type 9,Cash loans,454500.0,21865.5,454500.0,3.0,2.0,1.0,1732500.0,809550.0,0.0,0.0,0.0,0.0,0.0,44.0,1270674.9,1217265.165,7.0,37.0,67.0,67.0,-53409.73500000001,0.8409090909090909,0.9579674273883904,5.0,4.0,0.0,1080486.0,978286.5,41376.06,17691.75,0.0,0.0,873750.0,0.0,0.0,0.0,0.0,0.0,0.0,45.0,593.0,392.5,3.0,28.0,28.0,0.1079777777777777,3.997777777777778,0.8,0.0,Tier_2,Other,2,0.6735802065003299,59542.61,14199.28,0.0,22089.19,22181.81,6099.73,12381.99,136494.61,21865.5,44139.89,23966.84,0.1184,1025817.78,0.0,0.0,50538.56,133,0.3703,0.0,0.0,0.0,0.0,0,0,0.0,0.0,40585.97,22105.82,2083.44,0
340218,F,58.431211498973305,0,1.0,Single / not married,Secondary / secondary special,House / apartment,N,Y,112500.0,Pensioner,,,XNA,Cash loans,269550.0,13909.5,225000.0,,,,,,,,,,,6.0,16247.25,16247.25,0.0,6.0,0.0,0.0,0.0,1.0,1.0,1.0,1.0,0.0,22590.0,22590.0,2707.875,2511.0,,,,,,,,,,6.0,48.0,39.0,0.0,0.0,0.0,0.12364,,1.0,,Tier_3,Other,1,0.6037096393474605,48708.85,750.75,0.0,4407.64,6204.42,2848.98,4302.0,67222.64,13909.5,31367.86,17390.74,0.1546,446634.5,0.0,0.0,21379.96,19,0.318,0.0,0.0,0.0,1444.52,0,0,0.0,0.0,39153.06,13079.53,4037.07,0
377150,M,31.184120465434635,0,1.0,Single / not married,Higher education,House / apartment,N,Y,270000.0,Commercial associate,7.559206023271732,Core staff,Self-employed,Cash loans,291384.0,26856.0,270000.0,11.0,5.0,6.0,1714160.52,507368.25,0.0,0.0,0.0,0.0,0.0,59.0,1331698.5,897680.835,18.0,41.0,102.0,110.0,-434017.665,0.6949152542372882,0.6740871413461831,10.0,5.0,2.0,1733913.0,1226061.0,141818.175,124560.0,1256611.275,1256611.275,1260000.0,180000.0,56925.0,56002.86,6.98117375,0.0,0.0,36.0,246.5,126.5,5.0,7.0,7.0,0.0994666666666666,1.8791416666666667,0.5,0.0,Tier_3,Other,1,0.5309046344294749,102045.8,2195.01,0.0,2322.02,13986.58,13109.27,22494.62,156153.3,26856.0,86990.7,37424.18,0.1386,1531291.47,0.0,2045.41,81971.15,117,0.5249,0.0,0.0,0.0,0.0,0,1,259.17,1.0,71321.74,26068.17,28030.28,0
417087,F,34.58179329226557,1,2.0,Single / not married,Higher education,House / apartment,Y,N,180000.0,Commercial associate,2.921286789869952,Sales staff,Other,Cash loans,835380.0,35523.0,675000.0,2.0,1.0,1.0,980064.0,0.0,189000.0,0.0,0.0,0.0,0.0,4.0,28286.82,28286.82,0.0,4.0,0.0,0.0,0.0,1.0,1.0,,,,,,,,,,,,,,,,,4.0,48.0,6.0,0.0,0.0,0.0,0.19735,0.0,,0.0,Tier_2,Other,2,0.7238917059699199,45202.32,11866.37,29400.76,12988.33,19467.48,11375.25,11309.41,141609.92,35523.0,2867.08,1432.83,0.008,37430.38,0.0,0.0,73629.65,113,0.5199,0.0,0.0,0.0,78.12,1,1,464.48,0.8333,774.23,24388.54,-37099.99,5
237857,F,59.657768651608485,0,2.0,Married,Secondary / secondary special,House / apartment,N,N,45000.0,Pensioner,,,XNA,Cash loans,216144.0,14571.0,171000.0,,,,,,,,,,,27.0,283946.04,252478.485,6.0,21.0,11.0,13.0,-31467.555,0.7777777777777778,0.8891776937618148,1.0,1.0,0.0,148230.0,148230.0,10524.33,0.0,,,,,,,,,,25.0,408.0,229.5,0.0,0.0,0.0,0.3238,,1.0,,Tier_2,Other,1,0.8290483596606354,20784.2,2905.71,0.0,3851.93,3671.82,2113.42,1251.91,34578.99,14571.0,0.0,0.0,0.0,0.0,0.0,0.0,22580.42,16,0.653,0.0,0.0,0.0,0.0,0,0,0.0,0.0,-6167.15,6504.92,-18312.26,9
294171,F,67.80287474332648,0,2.0,Married,Secondary / secondary special,House / apartment,N,Y,157500.0,Commercial associate,9.984941820670771,Cleaning staff,School,Cash loans,225000.0,22050.0,225000.0,,,,,,,,,,,12.0,209978.82,209978.82,0.0,12.0,0.0,0.0,0.0,1.0,1.0,4.0,1.0,0.0,164025.0,164025.0,17501.49,18225.0,,,,,,,,,,13.0,156.0,78.0,0.0,0.0,0.0,0.14,,0.25,,Tier_2,Other,2,0.6665606626020274,63427.25,3062.8,0.0,11271.66,15167.6,4593.11,20026.33,117548.75,22050.0,17901.25,8198.2,0.0521,290479.36,0.0,0.0,49044.82,207,0.4172,0.0,0.0,0.0,0.0,0,0,0.0,0.0,13112.27,18079.49,-22455.15,3
